LGA,Climate,Crop,pH,N,P,K,Temp,Rainfall,Salinity
Jos South,Highland,Irish-potato,4.72,95.98,59.12,223.93,11.18,559.03,1.38
Jos South,Highland,Irish-potato,4.94,84.39,57.28,119.64,10.37,642.34,0.22
Jos South,Highland,Irish-potato,3.0,81.14,30.06,160.47,8.82,352.85,1.32
Jos South,Highland,Irish-potato,4.14,103.18,30.0,115.39,12.39,398.58,0.74
Jos South,Highland,Irish-potato,3.83,90.61,37.25,225.0,11.95,414.9,0.98
Jos South,Highland,Irish-potato,3.33,108.13,30.0,90.0,12.69,729.23,0.64
Jos South,Highland,Irish-potato,4.22,90.28,30.0,106.18,10.39,750.0,0.73
Jos South,Highland,Irish-potato,3.0,112.16,41.04,108.43,14.14,750.0,1.04
Jos South,Highland,Irish-potato,3.64,89.99,53.58,195.19,10.32,567.51,0.22
Jos South,Highland,Irish-potato,3.35,129.26,71.52,140.19,15.51,663.29,0.22
Jos South,Highland,Irish-potato,4.61,150.0,47.16,225.0,7.5,743.83,0.59
Jos South,Highland,Irish-potato,4.08,104.03,30.0,132.44,13.25,750.0,0.27
Jos South,Highland,Irish-potato,3.67,83.26,63.8,161.23,10.15,689.82,0.6
Jos South,Highland,Irish-potato,5.1,76.25,42.05,123.39,7.5,651.82,0.68
Jos South,Highland,Irish-potato,4.32,92.61,30.0,121.89,10.8,459.6,0.46
Jos South,Highland,Irish-potato,4.64,150.0,50.84,157.49,11.74,300.0,0.53
Jos South,Highland,Irish-potato,4.37,150.0,44.42,159.8,11.88,395.48,1.15
Jos South,Highland,Irish-potato,4.92,128.5,31.87,217.62,7.5,702.7,1.7
Jos South,Highland,Irish-potato,3.52,81.0,49.53,117.54,7.5,612.0,0.22
Jos South,Highland,Irish-potato,4.7,68.64,74.91,102.85,10.87,742.37,0.22
Jos South,Highland,Irish-potato,4.5,146.57,30.0,153.67,12.91,736.82,0.22
Jos South,Highland,Irish-potato,3.25,119.09,52.98,157.12,13.21,481.0,0.67
Jos South,Highland,Irish-potato,4.55,75.81,75.0,168.85,7.83,714.9,0.22
Jos South,Highland,Irish-potato,4.95,141.37,33.42,194.55,13.44,743.86,1.54
Jos South,Highland,Irish-potato,4.12,74.44,32.22,101.14,11.73,659.7,0.69
Jos South,Highland,Irish-potato,4.98,101.27,73.22,130.08,21.52,709.49,0.22
Jos South,Highland,Irish-potato,3.46,117.7,43.87,181.46,13.66,587.25,0.22
Jos South,Highland,Irish-potato,3.1,85.19,62.77,155.21,7.64,630.31,0.75
Jos South,Highland,Irish-potato,3.61,106.2,48.8,90.0,13.25,698.14,1.12
Jos South,Highland,Irish-potato,5.17,60.0,31.37,171.01,13.8,690.13,1.88
Jos South,Highland,Irish-potato,4.78,140.56,64.48,178.17,10.9,732.82,0.22
Jos South,Highland,Irish-potato,4.13,83.83,49.22,225.0,7.5,720.1,0.22
Jos South,Highland,Irish-potato,3.94,138.93,48.91,90.0,9.5,718.93,0.22
Jos South,Highland,Irish-potato,4.49,102.41,36.38,225.0,14.22,300.0,0.64
Jos South,Highland,Irish-potato,3.78,130.65,33.91,137.95,13.77,750.0,0.22
Jos South,Highland,Irish-potato,4.05,84.19,36.35,225.0,13.42,379.35,1.03
Jos South,Highland,Irish-potato,6.03,136.95,30.0,118.55,16.43,476.16,0.78
Jos South,Highland,Irish-potato,4.94,68.37,46.74,90.0,8.41,555.8,0.22
Jos South,Highland,Irish-potato,5.63,60.0,40.08,150.84,17.04,348.72,1.16
Jos South,Highland,Irish-potato,4.33,66.46,55.87,154.42,9.9,612.22,0.34
Jos South,Highland,Irish-potato,4.41,123.99,75.0,90.0,19.47,300.0,0.47
Jos South,Highland,Irish-potato,4.79,110.65,36.89,133.05,10.27,496.86,0.99
Jos South,Highland,Irish-potato,4.6,76.57,63.53,160.11,14.85,710.19,0.22
Jos South,Highland,Irish-potato,3.87,126.97,58.47,142.88,12.41,750.0,0.24
Jos South,Highland,Irish-potato,4.76,93.74,43.97,201.66,14.89,742.36,1.23
Jos South,Highland,Irish-potato,4.33,124.69,42.35,160.99,11.54,616.97,0.86
Jos South,Highland,Irish-potato,3.66,150.0,30.18,90.0,16.05,738.54,0.87
Jos South,Highland,Irish-potato,4.82,100.39,32.08,147.95,9.63,750.0,0.47
Jos South,Highland,Irish-potato,3.65,89.57,55.01,114.38,9.12,642.65,0.68
Jos South,Highland,Irish-potato,3.91,84.33,51.84,90.0,7.5,474.27,0.43
Jos South,Highland,Tomato,6.0,168.83,107.8,186.53,18.42,483.16,0.73
Jos South,Highland,Tomato,5.3,135.23,63.57,218.15,24.78,587.32,1.03
Jos South,Highland,Tomato,6.43,114.12,91.17,194.56,18.9,509.91,0.76
Jos South,Highland,Tomato,6.21,168.13,110.46,294.2,15.36,701.67,0.88
Jos South,Highland,Tomato,8.17,102.25,63.24,166.07,13.5,538.72,0.38
Jos South,Highland,Tomato,5.81,135.78,134.53,238.22,16.14,495.29,1.09
Jos South,Highland,Tomato,4.11,179.21,116.24,172.13,13.5,750.0,0.67
Jos South,Highland,Tomato,7.07,79.33,69.55,194.22,18.69,547.54,1.18
Jos South,Highland,Tomato,4.4,121.67,88.44,217.92,21.41,468.92,0.38
Jos South,Highland,Tomato,7.11,135.51,65.64,266.18,18.97,737.45,0.79
Jos South,Highland,Tomato,8.02,176.99,78.75,239.2,21.14,750.0,0.38
Jos South,Highland,Tomato,6.43,156.68,48.75,138.89,13.5,568.6,1.25
Jos South,Highland,Tomato,7.37,127.98,128.04,129.73,13.5,593.53,1.02
Jos South,Highland,Tomato,5.6,75.0,82.94,133.25,21.24,642.73,0.38
Jos South,Highland,Tomato,5.04,94.94,83.64,238.44,14.46,658.75,0.38
Jos South,Highland,Tomato,4.72,122.7,58.11,168.2,13.59,750.0,0.77
Jos South,Highland,Tomato,4.83,132.06,82.34,183.69,21.02,688.29,0.38
Jos South,Highland,Tomato,4.97,117.8,48.75,123.44,24.1,750.0,0.57
Jos South,Highland,Tomato,6.3,134.89,137.5,246.09,17.98,488.63,0.38
Jos South,Highland,Tomato,5.87,103.77,48.75,163.88,14.07,750.0,1.36
Jos South,Highland,Tomato,5.63,168.96,87.31,153.88,24.74,662.81,0.38
Jos South,Highland,Tomato,5.42,100.29,48.99,237.09,26.32,437.0,1.14
Jos South,Highland,Tomato,4.89,111.62,69.73,153.75,18.7,503.15,0.94
Jos South,Highland,Tomato,5.58,118.85,61.46,167.12,21.59,658.38,0.38
Jos South,Highland,Tomato,5.75,147.72,48.75,219.27,15.79,666.5,0.38
Jos South,Highland,Tomato,3.75,78.37,86.55,206.06,14.8,674.43,0.38
Jos South,Highland,Tomato,5.56,90.51,68.17,196.18,14.98,555.18,1.45
Jos South,Highland,Tomato,4.97,150.18,55.63,218.64,24.4,311.93,0.38
Jos South,Highland,Tomato,6.3,119.9,95.03,165.86,18.85,581.86,1.56
Jos South,Highland,Tomato,5.93,135.66,74.47,171.28,16.73,645.97,0.45
Jos South,Highland,Tomato,5.97,186.33,108.15,178.8,23.42,552.44,0.38
Jos South,Highland,Tomato,4.47,75.0,76.06,194.83,25.37,638.1,0.59
Jos South,Highland,Tomato,6.6,75.0,91.47,229.86,13.5,733.3,0.98
Jos South,Highland,Tomato,5.16,144.27,137.5,202.44,19.52,546.46,0.38
Jos South,Highland,Tomato,6.6,100.86,87.16,171.74,20.46,638.89,1.47
Jos South,Highland,Tomato,5.05,117.95,59.59,173.29,20.05,688.23,0.38
Jos South,Highland,Tomato,6.64,165.34,96.14,281.34,15.33,454.94,0.38
Jos South,Highland,Tomato,7.37,144.9,83.82,207.01,13.89,750.0,0.84
Jos South,Highland,Tomato,5.76,146.98,97.91,204.39,15.26,654.95,2.06
Jos South,Highland,Tomato,7.19,172.27,71.86,147.91,17.98,606.49,1.51
Jos South,Highland,Tomato,3.75,170.41,81.14,174.1,14.36,407.13,1.32
Jos South,Highland,Tomato,5.72,88.21,51.29,178.34,25.33,569.74,0.38
Jos South,Highland,Tomato,5.35,117.87,48.75,191.45,17.55,681.14,2.04
Jos South,Highland,Tomato,6.94,117.98,56.24,300.0,18.74,601.62,0.73
Jos South,Highland,Tomato,5.87,121.61,70.23,168.52,18.37,536.66,0.38
Jos South,Highland,Tomato,5.76,118.38,124.76,120.0,22.97,745.23,0.38
Jos South,Highland,Tomato,5.24,114.99,48.75,157.77,13.95,750.0,1.4
Jos South,Highland,Tomato,7.11,146.86,55.65,169.56,20.5,457.56,1.25
Jos South,Highland,Tomato,5.36,114.89,103.95,214.65,17.02,735.12,0.38
Jos South,Highland,Tomato,6.35,143.11,77.16,209.15,13.5,707.7,0.62
Jos South,Highland,Groundnut,5.83,21.95,15.0,18.75,16.55,770.63,0.15
Jos South,Highland,Groundnut,7.18,7.5,50.0,28.32,21.66,636.49,0.49
Jos South,Highland,Groundnut,6.11,22.27,26.95,27.79,20.73,693.36,0.45
Jos South,Highland,Groundnut,5.12,7.94,36.13,27.97,21.36,702.15,0.47
Jos South,Highland,Groundnut,5.82,11.27,28.14,18.75,23.43,501.56,0.71
Jos South,Highland,Groundnut,6.42,17.31,39.63,41.05,25.55,485.45,0.15
Jos South,Highland,Groundnut,5.77,15.97,32.84,20.12,22.65,611.96,0.15
Jos South,Highland,Groundnut,5.3,10.42,11.25,18.75,25.69,589.35,1.27
Jos South,Highland,Groundnut,6.43,16.9,12.76,32.6,19.99,714.22,1.24
Jos South,Highland,Groundnut,6.08,22.53,15.02,26.17,28.2,626.93,0.98
Jos South,Highland,Groundnut,6.56,12.53,34.51,34.98,24.18,516.99,0.15
Jos South,Highland,Groundnut,5.99,15.38,34.34,28.03,17.33,744.31,0.56
Jos South,Highland,Groundnut,6.47,22.13,37.46,30.49,21.75,506.42,0.5
Jos South,Highland,Groundnut,6.26,17.4,11.25,18.75,25.69,695.39,0.59
Jos South,Highland,Groundnut,6.15,15.99,38.98,21.96,22.34,646.12,0.19
Jos South,Highland,Groundnut,5.95,17.12,18.3,37.46,18.87,678.22,0.19
Jos South,Highland,Groundnut,7.0,16.97,40.34,18.75,22.93,803.69,0.38
Jos South,Highland,Groundnut,6.77,12.79,45.85,46.59,20.73,648.08,0.86
Jos South,Highland,Groundnut,7.08,12.76,19.15,24.01,17.29,592.93,0.15
Jos South,Highland,Groundnut,5.68,15.61,28.7,40.04,18.51,814.72,0.27
Jos South,Highland,Groundnut,6.11,19.76,11.25,29.82,22.58,757.4,0.45
Jos South,Highland,Groundnut,7.6,12.09,17.53,21.02,20.06,625.71,0.76
Jos South,Highland,Groundnut,6.98,12.48,13.14,30.6,20.07,773.77,0.42
Jos South,Highland,Groundnut,5.24,24.86,50.0,21.11,20.64,733.32,0.46
Jos South,Highland,Groundnut,6.53,25.0,22.7,19.49,17.17,614.81,0.34
Jos South,Highland,Groundnut,7.21,12.79,28.55,26.33,26.16,875.0,0.16
Jos South,Highland,Groundnut,5.85,21.92,35.24,42.63,24.04,658.12,0.55
Jos South,Highland,Groundnut,6.8,20.61,32.69,35.81,26.09,861.09,0.57
Jos South,Highland,Groundnut,6.04,16.67,42.89,19.32,23.29,654.16,0.36
Jos South,Highland,Groundnut,6.9,16.93,25.96,18.75,24.61,775.23,1.1
Jos South,Highland,Groundnut,5.95,17.1,28.92,40.28,21.67,732.52,0.56
Jos South,Highland,Groundnut,6.25,13.21,28.12,35.87,18.41,715.5,0.15
Jos South,Highland,Groundnut,6.85,7.5,17.13,29.77,27.48,692.34,0.15
Jos South,Highland,Groundnut,7.26,7.5,11.25,30.32,20.24,580.98,0.59
Jos South,Highland,Groundnut,6.28,12.52,11.25,34.11,24.28,688.44,0.99
Jos South,Highland,Groundnut,5.5,7.5,15.19,26.07,22.85,671.88,0.47
Jos South,Highland,Groundnut,5.39,24.26,24.08,36.25,23.2,753.23,0.55
Jos South,Highland,Groundnut,6.4,19.57,44.68,28.19,24.48,689.54,0.85
Jos South,Highland,Groundnut,5.73,25.0,24.7,18.75,22.45,620.62,0.64
Jos South,Highland,Groundnut,5.75,13.21,11.25,22.52,16.5,515.4,0.61
Jos South,Highland,Groundnut,6.6,18.3,11.25,26.06,21.99,564.99,0.87
Jos South,Highland,Groundnut,6.66,14.53,25.68,28.3,16.5,671.19,0.15
Jos South,Highland,Groundnut,5.54,14.17,50.0,32.08,20.0,766.73,0.84
Jos South,Highland,Groundnut,6.69,16.17,15.84,32.58,23.38,804.33,0.57
Jos South,Highland,Groundnut,6.76,12.69,44.51,28.2,29.26,619.68,0.95
Jos South,Highland,Groundnut,6.26,12.01,18.22,23.67,23.48,760.94,0.15
Jos South,Highland,Groundnut,6.12,25.0,50.0,30.29,22.13,713.99,0.56
Jos South,Highland,Groundnut,5.53,14.31,11.25,29.97,24.27,643.68,0.9
Jos South,Highland,Groundnut,5.41,7.5,28.56,35.64,27.89,646.52,0.72
Jos South,Highland,Groundnut,6.11,14.81,38.18,32.18,16.5,872.09,0.83
Jos South,Highland,Pepper,5.34,152.03,42.49,78.32,16.61,770.42,0.93
Jos South,Highland,Pepper,6.91,158.08,29.87,91.73,13.5,1460.44,0.45
Jos South,Highland,Pepper,5.57,89.97,18.75,101.94,17.04,1156.34,0.91
Jos South,Highland,Pepper,6.3,138.96,18.75,97.63,16.91,450.0,0.65
Jos South,Highland,Pepper,7.2,170.63,30.2,62.31,17.81,1562.5,1.21
Jos South,Highland,Pepper,6.26,178.01,38.77,64.67,18.47,997.86,0.92
Jos South,Highland,Pepper,6.52,137.94,45.98,69.35,19.91,450.0,1.59
Jos South,Highland,Pepper,6.19,176.69,18.75,125.0,18.77,1445.06,0.45
Jos South,Highland,Pepper,6.42,92.68,26.18,121.72,18.5,1107.42,1.56
Jos South,Highland,Pepper,6.32,141.98,40.61,125.0,19.2,1101.23,1.68
Jos South,Highland,Pepper,6.85,184.43,44.61,41.47,28.08,590.48,1.16
Jos South,Highland,Pepper,5.23,133.19,40.08,79.91,21.72,1562.5,1.26
Jos South,Highland,Pepper,5.67,175.3,52.64,41.25,22.64,1290.78,0.74
Jos South,Highland,Pepper,7.09,129.67,37.12,66.93,19.58,609.46,0.45
Jos South,Highland,Pepper,7.28,101.13,20.81,41.25,16.15,523.48,2.1
Jos South,Highland,Pepper,6.77,107.64,62.5,97.24,17.79,450.0,2.5
Jos South,Highland,Pepper,4.67,75.0,50.21,125.0,26.77,1238.75,1.36
Jos South,Highland,Pepper,6.63,166.9,39.39,74.21,19.17,739.21,0.75
Jos South,Highland,Pepper,4.41,131.79,20.86,42.5,20.44,1552.64,1.59
Jos South,Highland,Pepper,4.51,95.29,49.01,45.68,18.32,1233.5,0.45
Jos South,Highland,Pepper,5.98,81.19,26.51,79.87,13.5,1191.96,0.93
Jos South,Highland,Pepper,6.37,144.99,55.19,74.76,17.25,1071.36,1.33
Jos South,Highland,Pepper,5.93,137.48,25.04,54.07,13.5,1562.5,0.45
Jos South,Highland,Pepper,5.28,106.4,48.35,63.73,26.05,769.71,1.14
Jos South,Highland,Pepper,5.16,212.5,18.75,79.61,22.83,1181.85,0.82
Jos South,Highland,Pepper,5.77,137.61,33.14,96.77,31.11,813.68,0.45
Jos South,Highland,Pepper,5.81,212.5,23.55,114.5,28.31,815.16,1.35
Jos South,Highland,Pepper,7.31,120.29,32.31,56.2,14.17,778.89,0.45
Jos South,Highland,Pepper,5.92,104.29,38.7,41.25,21.24,1340.95,0.45
Jos South,Highland,Pepper,6.21,186.09,18.75,115.38,21.7,757.77,0.91
Jos South,Highland,Pepper,6.38,138.93,43.15,47.31,20.39,489.13,0.87
Jos South,Highland,Pepper,5.1,105.7,53.32,100.12,22.7,610.96,0.73
Jos South,Highland,Pepper,6.95,141.62,62.5,81.8,20.51,907.83,1.04
Jos South,Highland,Pepper,5.75,164.81,49.25,50.84,13.5,450.0,1.3
Jos South,Highland,Pepper,4.92,75.0,40.96,125.0,19.47,1342.83,1.0
Jos South,Highland,Pepper,5.8,173.45,31.05,78.49,21.19,771.76,1.64
Jos South,Highland,Pepper,5.73,104.87,43.11,47.89,19.65,1021.54,1.71
Jos South,Highland,Pepper,6.3,134.79,47.22,107.97,22.43,1028.92,0.45
Jos South,Highland,Pepper,4.96,123.32,26.39,66.57,19.8,1225.78,0.9
Jos South,Highland,Pepper,6.31,138.46,18.75,46.82,18.74,566.47,1.37
Jos South,Highland,Pepper,7.23,185.73,32.17,110.6,20.28,897.23,0.52
Jos South,Highland,Pepper,5.62,119.92,37.77,75.69,19.52,1190.62,1.78
Jos South,Highland,Pepper,6.72,75.01,18.75,96.0,13.5,939.8,0.45
Jos South,Highland,Pepper,4.31,157.99,46.36,56.34,13.5,817.95,1.22
Jos South,Highland,Pepper,4.59,143.33,35.06,86.68,20.13,656.16,1.78
Jos South,Highland,Pepper,5.75,134.7,21.66,59.84,14.85,959.44,2.15
Jos South,Highland,Pepper,4.69,75.0,56.76,65.98,15.99,1419.18,0.52
Jos South,Highland,Pepper,7.49,163.58,28.16,125.0,16.32,1306.29,1.16
Jos South,Highland,Pepper,7.03,199.76,35.75,51.7,21.91,768.11,2.36
Jos South,Highland,Pepper,6.01,120.86,37.98,41.25,14.4,1480.02,0.49
Jos South,Highland,Cabbage,5.51,141.46,65.66,121.55,22.12,487.02,0.15
Jos South,Highland,Cabbage,7.03,116.41,53.09,132.22,18.54,571.91,1.36
Jos South,Highland,Cabbage,5.75,152.87,55.78,113.67,26.46,575.55,0.67
Jos South,Highland,Cabbage,6.78,115.18,47.94,90.69,7.5,625.0,0.15
Jos South,Highland,Cabbage,6.01,117.75,57.97,123.25,21.02,499.18,0.38
Jos South,Highland,Cabbage,6.31,118.57,69.35,117.57,19.99,586.4,0.94
Jos South,Highland,Cabbage,6.24,88.01,58.78,97.57,9.69,581.05,0.97
Jos South,Highland,Cabbage,6.15,134.82,70.18,113.19,30.0,579.59,0.15
Jos South,Highland,Cabbage,6.59,136.93,66.57,120.75,12.87,454.3,0.36
Jos South,Highland,Cabbage,5.63,108.89,60.43,138.2,17.22,456.29,0.63
Jos South,Highland,Cabbage,6.85,108.04,54.11,109.23,7.6,585.38,0.4
Jos South,Highland,Cabbage,6.39,99.94,51.46,121.61,10.96,625.0,0.28
Jos South,Highland,Cabbage,6.27,153.01,42.87,78.16,7.5,625.0,0.22
Jos South,Highland,Cabbage,7.66,109.37,56.9,135.96,30.0,625.0,0.95
Jos South,Highland,Cabbage,6.75,143.09,62.09,99.33,7.5,539.76,0.38
Jos South,Highland,Cabbage,5.87,146.12,63.64,110.52,26.05,460.08,0.37
Jos South,Highland,Cabbage,5.71,75.0,54.56,106.84,26.34,584.16,0.15
Jos South,Highland,Cabbage,7.24,161.42,60.38,105.01,7.5,513.95,0.9
Jos South,Highland,Cabbage,7.26,170.81,51.01,89.38,15.15,416.21,0.58
Jos South,Highland,Cabbage,6.05,112.23,41.33,117.96,9.66,458.11,0.15
Jos South,Highland,Cabbage,6.12,177.49,69.82,100.97,9.09,572.81,0.15
Jos South,Highland,Cabbage,6.32,148.15,66.02,107.22,12.34,478.54,0.15
Jos South,Highland,Cabbage,6.0,136.53,63.28,94.92,26.17,521.02,0.44
Jos South,Highland,Cabbage,5.69,75.0,63.02,121.87,11.71,544.69,0.66
Jos South,Highland,Cabbage,5.21,110.39,62.23,87.02,16.39,445.04,0.64
Jos South,Highland,Cabbage,6.12,78.73,65.48,96.12,7.5,554.04,0.93
Jos South,Highland,Cabbage,5.53,127.62,59.04,121.1,15.44,514.31,0.15
Jos South,Highland,Cabbage,6.19,94.56,37.5,116.61,21.37,374.59,0.15
Jos South,Highland,Cabbage,6.51,185.8,55.47,96.23,12.51,625.0,0.18
Jos South,Highland,Cabbage,5.66,111.74,46.94,111.12,27.25,562.62,0.34
Jos South,Highland,Cabbage,5.96,80.24,63.01,107.61,12.53,625.0,0.57
Jos South,Highland,Cabbage,5.69,113.39,65.33,110.96,7.5,604.35,0.17
Jos South,Highland,Cabbage,7.25,157.31,51.37,131.39,14.55,599.69,0.65
Jos South,Highland,Cabbage,5.63,107.05,64.3,103.11,10.71,473.14,0.62
Jos South,Highland,Cabbage,7.36,94.69,55.5,133.69,13.35,571.67,0.15
Jos South,Highland,Cabbage,6.39,120.36,63.91,129.75,30.0,580.57,0.58
Jos South,Highland,Cabbage,6.25,115.52,58.25,103.8,15.37,625.0,0.15
Jos South,Highland,Cabbage,6.82,164.22,54.25,75.0,9.04,625.0,0.44
Jos South,Highland,Cabbage,5.54,111.1,62.64,118.54,12.05,514.32,0.28
Jos South,Highland,Cabbage,5.59,172.91,52.46,130.27,26.41,609.88,0.27
Jos South,Highland,Cabbage,6.38,125.11,47.38,114.65,7.5,623.14,0.25
Jos South,Highland,Cabbage,6.26,134.08,53.02,119.24,10.13,600.99,0.15
Jos South,Highland,Cabbage,6.21,182.35,46.53,97.11,18.19,552.57,0.59
Jos South,Highland,Cabbage,6.43,144.32,64.99,116.14,12.03,587.08,1.24
Jos South,Highland,Cabbage,6.06,97.4,64.97,106.87,7.5,599.32,0.22
Jos South,Highland,Cabbage,6.08,135.5,56.95,121.39,10.45,575.92,0.34
Jos South,Highland,Cabbage,6.58,143.76,47.1,127.98,9.63,596.56,0.6
Jos South,Highland,Cabbage,7.23,119.3,52.23,108.63,11.53,596.0,0.15
Jos South,Highland,Cabbage,5.51,94.69,63.6,138.91,13.15,528.18,0.48
Jos South,Highland,Cabbage,6.83,98.78,57.37,126.04,18.09,553.27,0.87
Jos South,Highland,Maize,4.12,195.58,51.34,45.0,23.38,990.39,0.65
Jos South,Highland,Maize,7.24,222.82,85.79,112.26,24.45,763.2,0.3
Jos South,Highland,Maize,5.85,151.23,100.0,69.87,21.57,846.51,0.78
Jos South,Highland,Maize,8.1,157.66,66.19,56.64,15.0,642.94,0.72
Jos South,Highland,Maize,5.64,155.63,38.17,72.03,15.0,883.01,0.8
Jos South,Highland,Maize,4.45,166.8,49.62,81.42,27.24,421.84,0.83
Jos South,Highland,Maize,5.95,195.39,66.51,56.42,19.51,610.7,1.5
Jos South,Highland,Maize,6.16,231.25,61.72,57.44,15.0,434.45,0.3
Jos South,Highland,Maize,6.45,190.65,37.5,94.87,18.75,775.69,1.88
Jos South,Highland,Maize,7.17,167.99,47.19,45.0,17.65,713.05,0.3
Jos South,Highland,Maize,5.99,178.06,58.85,58.8,21.79,827.34,0.3
Jos South,Highland,Maize,7.77,172.94,63.11,90.51,22.09,916.8,0.95
Jos South,Highland,Maize,5.43,186.36,42.77,76.51,20.85,713.58,0.66
Jos South,Highland,Maize,4.12,159.82,64.41,77.71,16.22,971.5,0.3
Jos South,Highland,Maize,7.26,188.27,51.47,115.42,15.44,910.85,1.45
Jos South,Highland,Maize,5.36,216.41,58.41,80.71,22.21,726.5,1.31
Jos South,Highland,Maize,7.05,124.84,85.61,45.0,25.81,947.17,0.3
Jos South,Highland,Maize,5.66,143.58,59.02,66.78,24.63,979.3,1.72
Jos South,Highland,Maize,5.49,169.72,37.5,55.16,25.49,1000.0,0.3
Jos South,Highland,Maize,5.45,175.05,67.69,55.07,22.97,667.08,0.74
Jos South,Highland,Maize,6.77,176.0,55.15,71.41,20.59,685.25,0.57
Jos South,Highland,Maize,7.98,192.17,57.61,90.24,19.45,955.3,1.01
Jos South,Highland,Maize,6.01,188.87,37.5,47.67,15.44,775.02,1.96
Jos South,Highland,Maize,8.71,194.42,71.55,45.0,18.47,612.14,0.31
Jos South,Highland,Maize,5.94,162.05,37.5,91.43,16.01,791.87,2.2
Jos South,Highland,Maize,5.08,112.5,57.78,99.68,30.12,534.83,1.09
Jos South,Highland,Maize,5.6,172.73,100.0,45.0,22.18,831.85,1.51
Jos South,Highland,Maize,6.25,184.8,55.93,80.26,19.4,858.78,0.49
Jos South,Highland,Maize,6.57,174.96,82.49,72.77,15.0,970.84,0.3
Jos South,Highland,Maize,5.38,158.45,86.84,45.0,35.0,934.81,0.9
Jos South,Highland,Maize,6.07,184.14,71.9,89.04,23.59,765.68,0.61
Jos South,Highland,Maize,5.96,170.13,82.62,87.83,15.0,864.78,0.88
Jos South,Highland,Maize,6.12,164.49,82.46,96.09,17.4,821.23,0.3
Jos South,Highland,Maize,4.54,157.55,77.88,96.22,23.39,876.89,1.11
Jos South,Highland,Maize,5.4,188.41,76.79,91.58,26.53,873.95,0.99
Jos South,Highland,Maize,7.37,175.04,47.35,70.17,17.53,631.84,0.65
Jos South,Highland,Maize,5.22,166.84,37.5,78.95,21.01,607.01,1.21
Jos South,Highland,Maize,7.22,128.95,49.44,56.02,16.62,895.16,0.61
Jos South,Highland,Maize,5.83,117.39,73.9,45.04,21.28,798.54,1.7
Jos South,Highland,Maize,4.63,112.5,66.0,116.01,26.77,786.69,0.4
Jos South,Highland,Maize,7.07,147.43,71.12,85.77,25.94,1000.0,1.02
Jos South,Highland,Maize,5.55,175.07,37.5,57.76,19.09,658.28,0.85
Jos South,Highland,Maize,5.19,208.5,62.79,73.76,19.47,777.16,1.32
Jos South,Highland,Maize,5.14,156.63,57.47,45.0,17.19,666.66,1.36
Jos South,Highland,Maize,6.44,181.46,77.67,70.77,22.82,731.94,0.93
Jos South,Highland,Maize,5.46,112.5,60.43,107.19,25.31,918.94,1.61
Jos South,Highland,Maize,6.24,181.57,51.98,66.59,23.87,960.68,0.65
Jos South,Highland,Maize,5.62,175.83,73.31,45.0,15.0,653.66,0.3
Jos South,Highland,Maize,5.55,171.51,54.85,107.88,22.52,802.58,1.18
Jos South,Highland,Maize,4.82,206.11,61.46,89.63,16.01,478.09,1.32
Jos South,Highland,Wheat,7.07,99.52,32.7,47.9,11.25,812.5,0.6
Jos South,Highland,Wheat,7.37,116.24,41.31,23.53,14.03,654.77,0.6
Jos South,Highland,Wheat,7.49,110.85,36.45,18.75,11.25,627.74,3.12
Jos South,Highland,Wheat,7.54,125.26,36.25,31.8,16.09,512.38,2.22
Jos South,Highland,Wheat,7.46,146.76,40.35,31.76,16.45,718.98,0.94
Jos South,Highland,Wheat,5.97,128.79,46.84,18.75,11.25,669.2,1.29
Jos South,Highland,Wheat,6.84,132.93,36.48,53.22,11.25,553.44,1.16
Jos South,Highland,Wheat,4.74,120.69,47.5,31.78,15.17,503.13,0.71
Jos South,Highland,Wheat,6.2,116.55,45.28,39.61,11.27,678.73,1.68
Jos South,Highland,Wheat,7.95,171.9,31.85,19.64,11.25,622.72,1.65
Jos South,Highland,Wheat,7.78,123.6,35.91,33.69,12.07,812.5,0.6
Jos South,Highland,Wheat,6.85,184.82,37.82,28.7,13.46,628.98,2.45
Jos South,Highland,Wheat,4.5,170.52,29.46,27.58,13.25,718.6,0.6
Jos South,Highland,Wheat,7.17,184.84,29.82,34.24,12.58,699.64,1.26
Jos South,Highland,Wheat,5.9,140.04,48.33,28.69,16.59,499.27,0.6
Jos South,Highland,Wheat,7.18,169.09,39.86,26.9,14.5,504.26,1.78
Jos South,Highland,Wheat,7.66,112.64,35.04,35.35,13.23,642.29,3.08
Jos South,Highland,Wheat,6.35,115.37,34.0,42.33,13.97,574.32,2.4
Jos South,Highland,Wheat,8.28,108.31,26.87,46.18,12.51,742.15,0.6
Jos South,Highland,Wheat,7.67,90.51,42.06,31.68,11.73,602.56,1.85
Jos South,Highland,Wheat,6.76,142.86,49.34,18.75,19.2,662.16,0.6
Jos South,Highland,Wheat,5.1,120.3,43.17,29.61,18.89,480.87,1.24
Jos South,Highland,Wheat,5.19,136.42,42.97,25.33,11.25,673.19,1.63
Jos South,Highland,Wheat,7.1,161.85,31.52,41.4,17.96,442.71,1.53
Jos South,Highland,Wheat,6.05,123.44,39.82,24.36,12.54,653.98,0.6
Jos South,Highland,Wheat,5.38,145.62,31.07,41.2,15.84,448.86,0.65
Jos South,Highland,Wheat,8.02,97.21,35.07,38.22,16.78,620.68,0.72
Jos South,Highland,Wheat,8.28,176.51,43.51,32.72,12.15,553.21,1.7
Jos South,Highland,Wheat,7.12,166.68,41.59,18.75,17.56,533.68,0.91
Jos South,Highland,Wheat,6.93,184.0,55.96,40.33,13.97,712.3,2.02
Jos South,Highland,Wheat,6.27,178.16,39.13,38.74,16.43,699.14,1.98
Jos South,Highland,Wheat,5.92,109.54,31.35,37.89,16.76,703.35,2.71
Jos South,Highland,Wheat,6.63,145.31,31.4,25.82,16.52,748.96,0.99
Jos South,Highland,Wheat,6.55,81.56,35.7,44.47,16.17,708.35,1.29
Jos South,Highland,Wheat,6.65,106.57,41.87,37.62,15.93,588.69,0.6
Jos South,Highland,Wheat,7.9,111.86,32.74,41.59,13.36,773.54,1.79
Jos South,Highland,Wheat,7.43,85.99,44.87,35.29,13.43,666.71,0.6
Jos South,Highland,Wheat,7.11,95.81,29.88,18.75,17.73,576.66,2.59
Jos South,Highland,Wheat,6.02,76.04,31.26,49.51,14.05,586.1,1.39
Jos South,Highland,Wheat,7.22,158.39,46.25,26.22,11.25,601.81,1.47
Jos South,Highland,Wheat,5.52,97.91,39.79,30.76,14.6,561.6,1.05
Jos South,Highland,Wheat,5.57,151.77,43.83,18.75,11.8,475.58,0.68
Jos South,Highland,Wheat,6.54,83.55,32.4,18.75,15.1,658.08,0.62
Jos South,Highland,Wheat,6.84,109.88,36.2,55.9,18.39,498.53,1.97
Jos South,Highland,Wheat,7.57,92.34,42.57,53.92,11.25,543.07,2.14
Jos South,Highland,Wheat,6.95,141.9,39.77,37.18,11.25,772.06,2.27
Jos South,Highland,Wheat,6.37,124.55,28.83,38.98,16.16,642.75,2.23
Jos South,Highland,Wheat,6.25,142.28,31.82,31.13,13.99,676.26,0.92
Jos South,Highland,Wheat,6.49,149.9,35.23,18.75,19.58,811.01,0.6
Jos South,Highland,Wheat,7.43,111.15,39.32,35.77,13.82,558.65,0.64
Jos South,Highland,Pineapple,4.08,231.75,52.0,113.13,22.6,1210.27,0.08
Jos South,Highland,Pineapple,5.41,286.28,58.29,163.84,22.74,1034.39,0.08
Jos South,Highland,Pineapple,6.14,302.15,43.89,161.4,22.6,913.37,0.62
Jos South,Highland,Pineapple,7.87,233.63,36.69,178.43,22.69,909.6,0.76
Jos South,Highland,Pineapple,3.59,294.19,45.72,269.1,25.67,815.84,0.08
Jos South,Highland,Pineapple,6.13,249.96,52.25,160.6,16.5,947.58,0.08
Jos South,Highland,Pineapple,4.57,324.93,38.14,211.06,20.35,901.04,0.52
Jos South,Highland,Pineapple,5.53,289.18,64.07,137.75,19.56,760.1,0.08
Jos South,Highland,Pineapple,8.12,316.79,37.04,82.5,22.13,1045.77,0.44
Jos South,Highland,Pineapple,4.84,260.68,56.61,164.47,16.5,909.79,0.08
Jos South,Highland,Pineapple,5.34,375.0,57.07,138.89,23.16,1034.47,0.39
Jos South,Highland,Pineapple,5.84,350.03,39.6,189.31,18.83,1047.21,0.08
Jos South,Highland,Pineapple,4.66,253.73,64.16,217.8,18.08,959.61,0.08
Jos South,Highland,Pineapple,3.68,256.93,49.19,275.0,22.02,708.92,0.08
Jos South,Highland,Pineapple,6.32,351.34,34.3,82.5,25.39,1018.18,0.08
Jos South,Highland,Pineapple,5.75,172.5,52.82,179.97,23.17,772.57,0.28
Jos South,Highland,Pineapple,4.07,276.28,42.35,132.83,18.66,1063.95,0.55
Jos South,Highland,Pineapple,4.87,267.38,35.9,139.78,20.88,1250.0,0.08
Jos South,Highland,Pineapple,6.83,306.64,56.05,271.61,21.87,1018.1,0.23
Jos South,Highland,Pineapple,6.55,310.72,45.49,82.5,20.52,809.99,0.22
Jos South,Highland,Pineapple,6.57,247.09,52.28,162.69,22.99,556.79,0.08
Jos South,Highland,Pineapple,5.38,314.96,47.05,82.5,22.45,838.81,0.08
Jos South,Highland,Pineapple,4.42,258.26,45.74,82.5,23.1,1173.1,0.47
Jos South,Highland,Pineapple,3.82,257.57,52.71,197.33,22.57,821.52,0.28
Jos South,Highland,Pineapple,5.67,325.43,60.99,209.51,21.2,1196.83,0.39
Jos South,Highland,Pineapple,4.14,323.29,60.92,130.6,19.88,1001.9,0.41
Jos South,Highland,Pineapple,5.37,278.57,72.6,227.61,21.45,1114.73,0.08
Jos South,Highland,Pineapple,5.6,339.91,50.24,104.68,19.47,759.31,0.08
Jos South,Highland,Pineapple,4.71,208.26,52.97,216.76,18.87,1215.87,0.43
Jos South,Highland,Pineapple,6.33,238.88,62.74,89.03,23.09,980.07,0.44
Jos South,Highland,Pineapple,3.78,229.16,59.74,98.23,22.09,710.75,0.54
Jos South,Highland,Pineapple,3.71,288.43,60.08,114.34,22.36,995.58,0.08
Jos South,Highland,Pineapple,3.97,185.45,56.86,82.5,21.22,903.9,0.48
Jos South,Highland,Pineapple,4.79,252.33,61.31,180.43,21.74,1032.12,0.08
Jos South,Highland,Pineapple,6.01,290.9,40.93,143.34,20.91,926.46,0.36
Jos South,Highland,Pineapple,6.79,310.12,37.49,198.82,24.12,1017.69,0.63
Jos South,Highland,Pineapple,7.46,307.74,55.69,225.91,21.34,954.18,0.12
Jos South,Highland,Pineapple,6.94,232.3,70.64,190.99,17.72,1014.34,0.08
Jos South,Highland,Pineapple,5.86,302.07,45.88,166.89,25.58,861.49,0.08
Jos South,Highland,Pineapple,6.85,346.19,52.83,223.76,24.15,820.07,0.08
Jos South,Highland,Pineapple,6.56,334.82,59.34,102.62,25.66,857.08,0.13
Jos South,Highland,Pineapple,5.53,329.46,62.74,185.55,22.09,957.62,0.44
Jos South,Highland,Pineapple,3.38,253.67,55.6,85.25,21.91,914.22,0.86
Jos South,Highland,Pineapple,6.95,246.74,51.03,154.24,19.94,984.13,0.08
Jos South,Highland,Pineapple,3.83,291.32,60.12,107.46,23.1,839.47,0.34
Jos South,Highland,Pineapple,6.08,264.44,58.08,125.9,20.54,913.97,0.08
Jos South,Highland,Pineapple,4.93,202.4,47.06,140.73,20.4,907.74,0.23
Jos South,Highland,Pineapple,5.69,301.63,45.21,82.5,18.56,864.74,0.12
Jos South,Highland,Pineapple,4.25,212.74,47.47,170.59,22.4,852.45,0.1
Jos South,Highland,Pineapple,4.07,264.53,42.9,195.68,16.81,887.06,0.35
Jos South,Highland,Onion,6.25,125.0,36.86,35.99,14.22,342.98,0.6
Jos South,Highland,Onion,5.64,102.19,26.38,54.09,12.65,687.5,0.48
Jos South,Highland,Onion,7.23,99.82,38.4,64.0,15.64,325.33,0.5
Jos South,Highland,Onion,6.64,79.68,18.75,55.4,19.45,687.5,0.61
Jos South,Highland,Onion,6.7,72.26,18.75,37.61,19.04,518.07,0.52
Jos South,Highland,Onion,5.96,125.0,51.73,100.0,14.04,584.46,0.3
Jos South,Highland,Onion,7.02,53.56,35.31,34.08,12.79,452.42,0.33
Jos South,Highland,Onion,5.82,68.02,42.5,33.93,15.14,687.5,0.38
Jos South,Highland,Onion,5.71,75.44,46.53,60.43,12.96,606.4,0.3
Jos South,Highland,Onion,6.54,90.36,29.2,39.36,11.92,612.33,1.29
Jos South,Highland,Onion,5.76,91.52,18.75,44.54,14.41,443.98,0.3
Jos South,Highland,Onion,5.74,87.64,30.6,33.75,11.25,479.27,0.89
Jos South,Highland,Onion,4.5,69.15,26.65,84.8,13.38,594.64,0.72
Jos South,Highland,Onion,4.87,98.75,35.29,66.84,25.0,307.1,1.55
Jos South,Highland,Onion,5.97,87.52,32.25,47.82,12.84,588.4,0.3
Jos South,Highland,Onion,6.58,71.1,19.61,47.29,18.15,487.61,0.83
Jos South,Highland,Onion,5.7,98.51,40.77,94.19,13.99,627.93,0.7
Jos South,Highland,Onion,6.91,64.04,41.47,52.5,14.31,560.69,0.78
Jos South,Highland,Onion,6.07,85.83,51.18,76.58,17.02,496.91,0.3
Jos South,Highland,Onion,6.71,101.27,49.95,44.15,13.83,358.92,0.44
Jos South,Highland,Onion,6.73,69.93,40.25,52.59,15.44,416.24,0.69
Jos South,Highland,Onion,4.5,76.45,18.75,81.08,16.76,604.39,1.45
Jos South,Highland,Onion,5.57,121.61,43.65,51.65,17.8,421.06,0.3
Jos South,Highland,Onion,5.78,68.47,20.47,81.43,13.75,591.08,0.35
Jos South,Highland,Onion,5.05,87.12,18.75,55.07,11.25,687.5,1.13
Jos South,Highland,Onion,6.2,110.32,22.92,67.56,15.08,580.77,1.31
Jos South,Highland,Onion,6.57,87.56,18.75,36.88,14.14,560.88,0.3
Jos South,Highland,Onion,7.57,116.22,39.8,57.94,13.88,439.05,0.69
Jos South,Highland,Onion,6.29,51.83,36.68,53.31,11.25,449.72,0.43
Jos South,Highland,Onion,7.26,93.81,18.75,66.39,11.25,676.19,0.4
Jos South,Highland,Onion,6.08,111.77,18.75,33.75,12.8,671.02,0.3
Jos South,Highland,Onion,4.5,70.28,39.21,80.96,13.15,502.05,1.25
Jos South,Highland,Onion,5.02,71.75,35.0,65.64,13.02,554.01,0.3
Jos South,Highland,Onion,5.75,91.4,21.34,57.68,15.8,510.08,0.74
Jos South,Highland,Onion,5.56,75.99,39.9,59.68,12.8,576.13,1.02
Jos South,Highland,Onion,4.92,107.88,28.86,65.16,17.98,390.13,0.3
Jos South,Highland,Onion,5.97,62.52,53.0,38.99,12.89,573.82,0.3
Jos South,Highland,Onion,5.9,88.23,28.9,54.57,12.96,373.49,0.82
Jos South,Highland,Onion,7.18,81.25,35.41,70.61,11.25,687.5,0.75
Jos South,Highland,Onion,7.11,63.7,53.97,72.29,16.11,577.28,0.52
Jos South,Highland,Onion,6.85,84.09,18.75,33.75,13.96,586.13,0.62
Jos South,Highland,Onion,6.86,45.0,34.46,33.75,16.71,538.99,0.87
Jos South,Highland,Onion,5.62,110.69,44.93,68.38,14.12,617.58,0.3
Jos South,Highland,Onion,6.65,119.32,45.26,41.59,15.55,399.28,0.95
Jos South,Highland,Onion,6.41,45.0,19.24,50.7,13.63,409.04,0.85
Jos South,Highland,Onion,6.29,76.28,23.98,77.87,19.31,493.64,0.33
Jos South,Highland,Onion,6.43,72.46,31.16,71.57,11.25,687.5,0.68
Jos South,Highland,Onion,5.89,78.73,32.35,33.75,18.84,554.82,0.88
Jos South,Highland,Onion,6.7,56.98,38.3,51.01,16.96,302.07,0.59
Jos South,Highland,Onion,5.78,90.91,38.26,42.03,12.43,537.1,0.3
Kanke,Lowland,Irish-potato,5.49,86.47,30.0,140.34,14.37,300.0,0.56
Kanke,Lowland,Irish-potato,4.9,145.9,64.87,128.18,19.6,319.66,0.85
Kanke,Lowland,Irish-potato,3.88,60.0,52.57,168.32,17.66,327.21,0.72
Kanke,Lowland,Irish-potato,5.3,60.0,72.97,107.41,15.37,300.0,0.95
Kanke,Lowland,Irish-potato,5.59,117.44,75.0,187.43,14.14,342.11,0.8
Kanke,Lowland,Irish-potato,5.88,60.0,75.0,206.9,24.4,328.3,1.59
Kanke,Lowland,Irish-potato,6.64,77.78,32.53,90.0,20.49,300.0,1.02
Kanke,Lowland,Irish-potato,5.16,105.88,66.84,171.69,22.48,300.0,0.86
Kanke,Lowland,Irish-potato,4.19,128.45,75.0,183.71,22.14,300.0,1.88
Kanke,Lowland,Irish-potato,6.03,125.14,75.0,90.0,16.16,300.0,1.59
Kanke,Lowland,Irish-potato,3.96,125.91,75.0,196.52,18.99,300.0,0.77
Kanke,Lowland,Irish-potato,5.81,126.67,58.71,138.08,10.91,300.0,1.88
Kanke,Lowland,Irish-potato,3.78,106.03,75.0,94.14,18.65,564.14,1.22
Kanke,Lowland,Irish-potato,6.7,60.0,75.0,150.95,20.7,477.23,0.83
Kanke,Lowland,Irish-potato,4.99,60.0,69.95,175.68,20.24,585.17,1.41
Kanke,Lowland,Irish-potato,4.93,68.56,46.93,222.33,23.03,358.33,1.24
Kanke,Lowland,Irish-potato,4.08,140.44,71.04,225.0,14.93,333.85,1.33
Kanke,Lowland,Irish-potato,5.33,91.85,44.12,206.3,20.52,300.0,1.88
Kanke,Lowland,Irish-potato,5.75,104.09,60.79,189.11,14.98,405.26,0.22
Kanke,Lowland,Irish-potato,5.51,60.0,75.0,142.69,17.26,300.0,1.06
Kanke,Lowland,Irish-potato,5.95,60.0,75.0,177.77,13.78,300.0,1.88
Kanke,Lowland,Irish-potato,4.05,60.0,75.0,177.8,14.72,437.91,0.67
Kanke,Lowland,Irish-potato,5.69,136.54,68.7,179.01,24.16,399.95,0.59
Kanke,Lowland,Irish-potato,5.17,150.0,41.64,141.05,19.46,390.57,0.7
Kanke,Lowland,Irish-potato,5.71,150.0,62.83,112.56,12.58,445.15,1.79
Kanke,Lowland,Irish-potato,5.19,99.31,49.08,102.68,20.92,559.91,0.4
Kanke,Lowland,Irish-potato,6.09,119.49,75.0,90.0,13.22,373.93,1.48
Kanke,Lowland,Irish-potato,6.25,124.11,55.15,106.14,22.31,300.0,1.88
Kanke,Lowland,Irish-potato,4.58,150.0,71.28,152.83,16.18,340.34,1.44
Kanke,Lowland,Irish-potato,4.87,78.61,56.5,164.15,10.55,480.18,0.7
Kanke,Lowland,Irish-potato,3.88,60.0,30.0,90.0,15.52,741.82,0.94
Kanke,Lowland,Irish-potato,4.95,113.41,61.69,155.96,13.82,653.91,1.88
Kanke,Lowland,Irish-potato,3.45,63.55,54.5,109.38,19.77,300.0,1.88
Kanke,Lowland,Irish-potato,5.77,106.83,75.0,218.08,16.03,300.0,1.25
Kanke,Lowland,Irish-potato,5.5,104.26,31.8,117.87,17.74,386.76,1.88
Kanke,Lowland,Irish-potato,3.69,117.09,75.0,225.0,16.58,486.0,1.51
Kanke,Lowland,Irish-potato,4.97,95.93,67.02,90.0,20.39,422.08,1.1
Kanke,Lowland,Irish-potato,6.46,75.77,52.34,225.0,15.09,303.73,1.14
Kanke,Lowland,Irish-potato,5.48,106.67,36.77,132.08,15.87,386.49,1.44
Kanke,Lowland,Irish-potato,5.14,60.0,75.0,173.28,22.85,477.73,1.79
Kanke,Lowland,Irish-potato,5.18,146.51,68.53,154.88,25.0,555.58,1.51
Kanke,Lowland,Irish-potato,3.78,60.0,64.52,167.66,15.85,424.67,1.88
Kanke,Lowland,Irish-potato,5.37,60.0,57.44,117.76,16.64,327.62,0.96
Kanke,Lowland,Irish-potato,3.8,94.93,49.58,90.0,25.0,590.53,1.01
Kanke,Lowland,Irish-potato,4.82,60.0,75.0,225.0,18.55,579.12,1.3
Kanke,Lowland,Irish-potato,3.73,84.98,61.7,136.16,17.23,384.01,1.17
Kanke,Lowland,Irish-potato,4.85,62.27,46.85,92.58,21.42,300.0,1.82
Kanke,Lowland,Irish-potato,5.92,88.82,30.0,141.05,17.78,300.0,0.94
Kanke,Lowland,Irish-potato,6.04,122.67,43.21,90.0,16.86,362.65,1.47
Kanke,Lowland,Irish-potato,4.38,117.3,75.0,202.84,17.83,367.95,1.03
Kanke,Lowland,Tomato,7.49,106.1,98.08,212.41,22.45,300.0,1.64
Kanke,Lowland,Tomato,6.06,138.98,82.89,266.85,20.91,599.54,0.38
Kanke,Lowland,Tomato,6.63,138.26,76.01,229.78,29.74,300.0,1.76
Kanke,Lowland,Tomato,3.75,96.24,137.5,182.94,19.69,376.93,2.5
Kanke,Lowland,Tomato,4.01,93.74,136.2,296.5,24.08,300.0,2.5
Kanke,Lowland,Tomato,7.97,144.19,75.57,207.74,23.84,438.56,2.43
Kanke,Lowland,Tomato,7.14,92.98,133.03,224.6,27.31,570.93,0.63
Kanke,Lowland,Tomato,6.09,108.9,55.74,226.16,31.25,300.0,1.39
Kanke,Lowland,Tomato,6.87,127.98,93.92,149.54,25.45,311.8,0.38
Kanke,Lowland,Tomato,7.51,152.34,98.25,220.69,28.9,426.15,2.05
Kanke,Lowland,Tomato,5.78,162.64,105.31,219.06,19.3,433.44,0.83
Kanke,Lowland,Tomato,5.39,100.62,68.91,300.0,29.95,623.82,0.56
Kanke,Lowland,Tomato,6.21,86.68,78.63,167.28,29.58,353.82,2.16
Kanke,Lowland,Tomato,6.83,187.5,58.06,268.64,29.19,300.0,2.12
Kanke,Lowland,Tomato,6.52,117.76,75.27,176.55,31.25,400.08,1.96
Kanke,Lowland,Tomato,5.21,101.66,125.3,147.2,22.8,403.97,1.49
Kanke,Lowland,Tomato,5.92,135.93,115.08,244.22,20.46,366.88,2.25
Kanke,Lowland,Tomato,7.16,84.37,106.12,120.0,24.69,621.18,0.75
Kanke,Lowland,Tomato,5.16,146.67,56.4,180.57,26.94,326.07,1.25
Kanke,Lowland,Tomato,6.99,136.68,103.9,194.24,26.02,385.58,1.73
Kanke,Lowland,Tomato,5.55,119.07,70.91,208.39,21.18,300.0,1.59
Kanke,Lowland,Tomato,6.37,147.22,85.58,229.02,26.76,451.84,0.83
Kanke,Lowland,Tomato,6.3,135.01,97.08,120.0,25.16,657.87,1.16
Kanke,Lowland,Tomato,5.29,135.28,105.09,265.54,19.35,485.24,1.83
Kanke,Lowland,Tomato,5.96,134.27,123.92,250.63,19.82,495.59,1.37
Kanke,Lowland,Tomato,6.21,126.53,92.95,265.5,24.16,300.0,1.14
Kanke,Lowland,Tomato,6.33,160.23,112.73,170.43,31.25,430.86,2.31
Kanke,Lowland,Tomato,5.95,139.94,118.93,266.73,28.83,501.65,1.19
Kanke,Lowland,Tomato,5.47,134.09,121.39,199.65,28.86,569.3,0.77
Kanke,Lowland,Tomato,5.16,120.3,104.97,185.6,30.04,449.42,1.44
Kanke,Lowland,Tomato,4.47,86.03,104.27,120.0,28.65,381.57,2.5
Kanke,Lowland,Tomato,8.75,119.1,94.1,256.37,31.25,300.0,0.38
Kanke,Lowland,Tomato,5.41,141.38,109.94,259.82,19.59,300.0,2.01
Kanke,Lowland,Tomato,5.17,75.0,100.7,246.94,24.0,346.64,1.3
Kanke,Lowland,Tomato,5.7,85.09,78.13,234.29,25.82,419.59,0.72
Kanke,Lowland,Tomato,5.92,75.0,101.58,276.54,18.46,331.71,1.64
Kanke,Lowland,Tomato,7.58,111.33,78.72,120.0,24.92,638.0,1.61
Kanke,Lowland,Tomato,6.1,133.78,96.6,172.18,27.87,426.31,1.42
Kanke,Lowland,Tomato,5.0,162.4,114.34,184.28,28.6,342.01,0.87
Kanke,Lowland,Tomato,5.25,75.0,109.27,124.78,19.47,300.0,1.35
Kanke,Lowland,Tomato,5.95,114.87,69.53,155.45,26.4,335.83,1.63
Kanke,Lowland,Tomato,5.11,129.67,131.11,237.31,22.81,429.98,1.24
Kanke,Lowland,Tomato,6.14,114.9,92.58,219.9,20.43,300.0,0.44
Kanke,Lowland,Tomato,4.28,88.9,101.08,168.46,26.6,404.05,0.38
Kanke,Lowland,Tomato,6.88,148.03,70.81,229.58,20.99,411.38,0.53
Kanke,Lowland,Tomato,4.06,113.23,93.65,191.51,19.65,353.39,1.6
Kanke,Lowland,Tomato,6.08,129.71,79.3,264.57,19.68,456.83,2.24
Kanke,Lowland,Tomato,6.68,118.49,83.03,258.25,18.67,300.0,1.13
Kanke,Lowland,Tomato,7.56,135.47,71.48,195.58,21.98,317.27,2.1
Kanke,Lowland,Tomato,4.54,171.3,118.64,260.8,22.6,382.52,0.41
Kanke,Lowland,Groundnut,6.32,17.28,50.0,32.83,26.72,482.37,0.52
Kanke,Lowland,Groundnut,6.98,10.16,34.04,38.57,25.24,499.18,0.94
Kanke,Lowland,Groundnut,6.41,10.14,41.56,50.0,28.49,616.1,0.53
Kanke,Lowland,Groundnut,6.72,7.98,15.34,36.05,32.17,610.72,1.1
Kanke,Lowland,Groundnut,5.72,13.25,41.3,44.06,21.55,396.23,0.99
Kanke,Lowland,Groundnut,6.95,7.5,34.53,43.77,30.97,580.75,1.22
Kanke,Lowland,Groundnut,6.15,7.5,31.16,50.0,32.88,582.81,1.16
Kanke,Lowland,Groundnut,6.85,11.14,35.0,50.0,24.7,688.2,0.9
Kanke,Lowland,Groundnut,7.42,7.5,45.45,36.08,23.05,525.47,1.37
Kanke,Lowland,Groundnut,6.13,7.5,35.55,41.76,29.92,610.68,0.99
Kanke,Lowland,Groundnut,7.73,15.7,31.84,28.42,27.08,460.79,1.35
Kanke,Lowland,Groundnut,6.9,7.5,39.41,48.4,33.35,603.44,1.28
Kanke,Lowland,Groundnut,6.66,16.66,50.0,30.86,26.78,409.96,1.15
Kanke,Lowland,Groundnut,7.36,10.9,11.25,38.92,31.2,562.66,1.16
Kanke,Lowland,Groundnut,6.46,7.5,44.41,35.22,35.0,566.49,0.81
Kanke,Lowland,Groundnut,6.26,13.85,33.4,50.0,28.65,414.73,1.5
Kanke,Lowland,Groundnut,6.66,18.89,28.02,45.7,29.09,375.0,1.5
Kanke,Lowland,Groundnut,7.4,12.07,20.81,45.56,28.3,541.45,1.08
Kanke,Lowland,Groundnut,6.93,22.85,45.19,33.34,32.77,691.21,1.5
Kanke,Lowland,Groundnut,5.96,15.81,11.25,47.36,26.08,724.18,0.74
Kanke,Lowland,Groundnut,5.62,11.64,11.25,49.09,20.77,503.32,0.29
Kanke,Lowland,Groundnut,6.44,24.0,42.16,34.97,27.89,502.1,1.18
Kanke,Lowland,Groundnut,5.81,17.86,11.25,37.01,26.29,573.81,1.02
Kanke,Lowland,Groundnut,5.79,8.64,39.79,41.83,25.97,443.96,1.26
Kanke,Lowland,Groundnut,6.32,13.88,50.0,30.07,21.52,591.33,0.77
Kanke,Lowland,Groundnut,6.44,9.83,33.1,50.0,30.81,600.49,0.52
Kanke,Lowland,Groundnut,5.94,7.5,25.08,50.0,29.81,474.18,1.0
Kanke,Lowland,Groundnut,6.22,15.59,48.07,28.38,29.05,608.68,0.87
Kanke,Lowland,Groundnut,7.04,25.0,35.37,45.96,25.42,521.12,1.17
Kanke,Lowland,Groundnut,6.74,8.43,39.91,50.0,29.57,612.12,0.93
Kanke,Lowland,Groundnut,7.07,16.03,23.02,45.31,24.53,426.24,1.08
Kanke,Lowland,Groundnut,6.8,7.5,50.0,47.53,25.53,375.0,0.96
Kanke,Lowland,Groundnut,6.36,15.06,31.59,24.96,26.64,464.38,1.23
Kanke,Lowland,Groundnut,6.21,24.21,11.25,50.0,27.21,600.18,1.04
Kanke,Lowland,Groundnut,7.31,12.13,20.86,50.0,27.6,525.82,1.44
Kanke,Lowland,Groundnut,6.01,17.87,28.28,41.37,28.25,375.0,0.74
Kanke,Lowland,Groundnut,7.43,19.57,35.98,44.65,26.97,658.11,0.94
Kanke,Lowland,Groundnut,6.77,21.09,25.55,50.0,22.64,689.93,0.88
Kanke,Lowland,Groundnut,6.48,7.5,30.26,33.42,25.87,484.0,1.35
Kanke,Lowland,Groundnut,6.75,16.19,20.91,34.82,34.3,414.31,1.5
Kanke,Lowland,Groundnut,6.48,14.41,50.0,50.0,27.61,454.75,0.99
Kanke,Lowland,Groundnut,6.83,19.6,36.96,47.94,33.73,544.44,1.12
Kanke,Lowland,Groundnut,5.72,7.5,42.56,41.69,26.2,528.38,0.99
Kanke,Lowland,Groundnut,7.3,14.9,25.99,50.0,27.24,561.37,0.85
Kanke,Lowland,Groundnut,6.24,14.89,37.08,46.72,27.06,375.0,0.86
Kanke,Lowland,Groundnut,7.1,12.66,33.3,50.0,25.51,375.0,0.96
Kanke,Lowland,Groundnut,6.34,8.75,34.33,46.82,27.97,535.78,1.5
Kanke,Lowland,Groundnut,6.42,16.02,29.46,35.12,25.95,444.2,1.14
Kanke,Lowland,Groundnut,8.03,10.21,30.81,41.97,29.39,530.72,1.46
Kanke,Lowland,Groundnut,5.18,7.5,29.66,50.0,22.52,375.0,1.21
Kanke,Lowland,Pepper,6.59,89.75,32.51,62.07,26.08,587.6,1.96
Kanke,Lowland,Pepper,4.12,99.31,30.46,80.79,22.68,1127.42,0.45
Kanke,Lowland,Pepper,6.42,157.26,62.5,74.88,27.2,450.0,0.45
Kanke,Lowland,Pepper,7.12,134.17,62.5,51.47,28.23,1533.38,1.91
Kanke,Lowland,Pepper,6.62,134.74,23.97,123.11,22.29,1016.22,0.52
Kanke,Lowland,Pepper,5.35,193.16,41.83,125.0,25.09,450.0,2.24
Kanke,Lowland,Pepper,5.86,163.01,47.26,47.02,26.36,1562.5,1.96
Kanke,Lowland,Pepper,6.33,178.43,49.97,93.02,19.77,913.64,2.34
Kanke,Lowland,Pepper,5.65,192.73,45.56,64.22,30.74,716.29,2.14
Kanke,Lowland,Pepper,6.12,131.94,54.1,95.16,15.02,450.0,2.26
Kanke,Lowland,Pepper,6.26,112.95,27.07,59.18,14.89,786.61,1.19
Kanke,Lowland,Pepper,5.53,131.6,52.21,125.0,17.56,1264.46,2.29
Kanke,Lowland,Pepper,5.7,142.72,40.21,92.4,33.42,1054.56,1.97
Kanke,Lowland,Pepper,6.0,75.0,43.85,119.2,17.48,450.0,1.7
Kanke,Lowland,Pepper,5.52,101.94,40.71,51.67,20.39,1091.63,0.7
Kanke,Lowland,Pepper,4.98,108.59,57.58,82.35,23.06,841.81,0.45
Kanke,Lowland,Pepper,6.81,150.1,40.92,113.93,19.58,1252.53,1.72
Kanke,Lowland,Pepper,6.08,133.58,45.33,119.55,19.85,535.97,2.34
Kanke,Lowland,Pepper,5.86,171.27,62.5,76.98,29.08,450.0,2.14
Kanke,Lowland,Pepper,6.55,153.76,37.47,43.92,28.14,450.0,1.39
Kanke,Lowland,Pepper,7.2,142.25,62.5,114.43,22.07,835.35,1.58
Kanke,Lowland,Pepper,4.99,95.88,38.71,41.25,25.75,730.59,0.45
Kanke,Lowland,Pepper,6.73,163.71,50.21,79.02,28.61,1082.84,1.83
Kanke,Lowland,Pepper,5.66,145.72,62.5,71.86,33.75,625.76,1.64
Kanke,Lowland,Pepper,5.79,143.54,21.47,73.19,19.77,876.3,2.31
Kanke,Lowland,Pepper,6.94,75.0,62.5,95.27,21.42,884.56,1.74
Kanke,Lowland,Pepper,5.79,142.5,38.03,76.91,21.9,450.0,1.71
Kanke,Lowland,Pepper,6.89,155.48,58.86,96.04,22.7,1143.27,0.66
Kanke,Lowland,Pepper,5.59,94.91,62.5,112.27,28.06,1231.32,1.0
Kanke,Lowland,Pepper,6.68,129.27,59.25,84.5,23.48,1030.03,2.23
Kanke,Lowland,Pepper,5.79,131.89,31.45,41.25,26.55,1055.81,1.8
Kanke,Lowland,Pepper,4.67,120.03,18.75,123.48,19.8,1300.86,2.27
Kanke,Lowland,Pepper,5.59,88.01,52.01,65.36,26.04,641.98,0.45
Kanke,Lowland,Pepper,4.43,143.68,38.7,73.0,29.15,1269.79,1.42
Kanke,Lowland,Pepper,6.08,154.87,27.09,93.38,28.4,1082.84,0.45
Kanke,Lowland,Pepper,5.71,98.43,48.35,100.14,33.36,637.38,1.26
Kanke,Lowland,Pepper,7.38,146.54,62.5,95.1,19.43,450.0,0.53
Kanke,Lowland,Pepper,6.96,183.07,62.5,109.65,31.6,605.14,0.8
Kanke,Lowland,Pepper,7.12,151.5,48.46,97.69,27.2,1311.63,2.5
Kanke,Lowland,Pepper,6.85,169.03,54.4,75.42,29.47,450.0,2.35
Kanke,Lowland,Pepper,5.33,146.1,34.56,102.05,25.32,450.0,1.91
Kanke,Lowland,Pepper,5.87,170.48,46.91,97.9,20.47,601.61,1.29
Kanke,Lowland,Pepper,7.13,203.08,35.14,115.79,14.11,450.0,0.94
Kanke,Lowland,Pepper,5.19,75.0,52.92,81.9,27.49,1086.72,1.8
Kanke,Lowland,Pepper,6.95,131.55,29.57,115.29,22.41,470.36,1.49
Kanke,Lowland,Pepper,5.58,117.3,51.92,96.67,20.79,640.14,2.36
Kanke,Lowland,Pepper,6.81,212.5,62.5,117.56,18.21,1114.54,1.58
Kanke,Lowland,Pepper,5.9,141.27,60.69,100.67,20.89,1106.43,1.17
Kanke,Lowland,Pepper,6.57,121.97,43.7,107.64,20.04,1562.33,0.45
Kanke,Lowland,Pepper,5.86,149.55,55.42,84.88,25.2,980.62,1.45
Kanke,Lowland,Cabbage,7.46,148.87,74.53,108.11,19.35,318.97,0.69
Kanke,Lowland,Cabbage,6.84,108.72,72.63,106.29,30.0,285.0,1.2
Kanke,Lowland,Cabbage,7.1,107.76,74.35,103.51,30.0,340.99,0.86
Kanke,Lowland,Cabbage,6.45,147.98,61.78,111.91,18.19,285.0,1.62
Kanke,Lowland,Cabbage,6.29,148.64,68.73,107.79,19.95,394.88,1.03
Kanke,Lowland,Cabbage,7.34,154.18,74.93,116.98,11.19,297.05,1.19
Kanke,Lowland,Cabbage,6.95,75.0,66.82,127.79,17.74,430.39,1.29
Kanke,Lowland,Cabbage,7.41,118.1,75.1,153.64,30.0,285.0,1.01
Kanke,Lowland,Cabbage,6.42,138.66,72.9,110.34,20.55,285.0,1.62
Kanke,Lowland,Cabbage,6.32,126.02,64.18,145.08,7.5,338.84,1.07
Kanke,Lowland,Cabbage,6.36,174.72,59.13,138.53,22.91,428.31,0.83
Kanke,Lowland,Cabbage,6.19,156.35,70.62,97.99,15.6,367.05,1.46
Kanke,Lowland,Cabbage,6.22,75.0,71.47,103.67,7.5,285.0,1.45
Kanke,Lowland,Cabbage,6.7,117.81,79.05,136.18,30.0,285.0,1.1
Kanke,Lowland,Cabbage,5.67,117.71,64.72,135.99,20.37,383.64,1.41
Kanke,Lowland,Cabbage,7.91,115.2,58.66,129.33,13.46,443.74,0.99
Kanke,Lowland,Cabbage,6.29,110.65,73.18,122.26,14.77,456.57,0.75
Kanke,Lowland,Cabbage,6.65,143.41,52.62,133.43,11.4,397.59,0.71
Kanke,Lowland,Cabbage,7.04,156.63,74.43,129.42,18.11,299.65,1.62
Kanke,Lowland,Cabbage,6.21,94.16,72.72,111.09,12.25,285.0,0.91
Kanke,Lowland,Cabbage,6.58,131.48,75.22,134.24,18.44,326.13,1.33
Kanke,Lowland,Cabbage,7.39,128.08,62.79,107.65,8.21,386.64,1.36
Kanke,Lowland,Cabbage,6.97,120.64,79.2,116.55,27.79,337.29,0.86
Kanke,Lowland,Cabbage,6.98,136.34,70.02,126.44,19.69,507.19,1.61
Kanke,Lowland,Cabbage,7.06,127.65,75.71,134.09,20.21,318.75,1.08
Kanke,Lowland,Cabbage,4.74,130.53,62.62,152.89,20.16,285.0,1.09
Kanke,Lowland,Cabbage,6.01,138.2,69.44,141.78,13.55,342.38,0.54
Kanke,Lowland,Cabbage,7.05,139.52,71.23,125.05,23.38,452.3,0.99
Kanke,Lowland,Cabbage,6.71,92.73,59.3,126.73,29.0,322.06,1.01
Kanke,Lowland,Cabbage,6.39,108.8,69.48,98.82,30.0,293.42,1.42
Kanke,Lowland,Cabbage,5.87,143.89,72.77,131.75,11.89,357.47,0.62
Kanke,Lowland,Cabbage,6.48,154.41,73.87,125.29,12.05,385.19,1.12
Kanke,Lowland,Cabbage,5.25,147.21,66.68,146.07,11.07,285.0,1.23
Kanke,Lowland,Cabbage,6.8,75.1,58.33,162.5,17.51,391.17,0.84
Kanke,Lowland,Cabbage,5.38,119.43,64.57,118.02,19.07,358.5,1.05
Kanke,Lowland,Cabbage,5.88,138.57,49.84,89.14,26.03,375.49,1.09
Kanke,Lowland,Cabbage,5.8,103.75,64.6,97.09,13.97,385.66,1.62
Kanke,Lowland,Cabbage,6.38,146.45,50.15,136.56,13.44,361.51,1.01
Kanke,Lowland,Cabbage,7.41,98.9,72.39,120.13,18.71,327.13,0.76
Kanke,Lowland,Cabbage,6.62,122.57,69.0,126.5,26.51,404.65,0.67
Kanke,Lowland,Cabbage,7.14,89.81,72.04,135.87,7.5,346.51,0.92
Kanke,Lowland,Cabbage,6.18,163.78,61.17,110.91,20.62,387.99,1.05
Kanke,Lowland,Cabbage,7.32,139.87,47.83,115.76,15.42,373.56,0.15
Kanke,Lowland,Cabbage,8.14,139.88,68.2,145.7,30.0,400.95,1.51
Kanke,Lowland,Cabbage,6.71,120.27,62.73,110.57,14.4,285.0,1.08
Kanke,Lowland,Cabbage,5.63,129.96,66.58,127.59,15.74,555.38,1.62
Kanke,Lowland,Cabbage,5.89,131.18,61.57,107.27,9.07,370.26,0.83
Kanke,Lowland,Cabbage,7.2,153.37,78.92,110.11,23.88,384.27,0.91
Kanke,Lowland,Cabbage,6.17,171.32,68.88,136.15,13.3,285.0,0.87
Kanke,Lowland,Cabbage,6.55,93.37,66.81,95.47,10.87,386.96,1.37
Kanke,Lowland,Maize,6.18,144.72,56.41,81.31,30.0,712.44,1.06
Kanke,Lowland,Maize,5.3,182.2,59.98,77.92,33.17,694.75,1.52
Kanke,Lowland,Maize,5.16,180.56,92.99,81.25,33.29,776.23,2.5
Kanke,Lowland,Maize,6.98,191.52,99.14,100.47,24.67,471.51,1.58
Kanke,Lowland,Maize,5.14,170.22,93.58,45.0,34.14,746.42,1.09
Kanke,Lowland,Maize,7.26,174.49,95.92,112.96,20.48,652.77,1.27
Kanke,Lowland,Maize,6.72,153.16,100.0,114.3,23.56,375.0,1.14
Kanke,Lowland,Maize,7.13,181.4,96.32,108.46,31.51,607.2,0.44
Kanke,Lowland,Maize,6.4,205.3,73.49,101.77,25.52,375.0,1.33
Kanke,Lowland,Maize,6.98,155.28,70.27,68.09,32.21,498.47,2.43
Kanke,Lowland,Maize,8.39,172.03,56.75,45.0,20.15,375.0,2.38
Kanke,Lowland,Maize,6.76,185.75,37.5,62.06,31.13,600.19,1.31
Kanke,Lowland,Maize,7.28,222.09,70.53,91.64,27.9,968.62,0.3
Kanke,Lowland,Maize,7.42,171.05,84.31,74.68,26.77,674.5,2.5
Kanke,Lowland,Maize,7.56,149.67,66.98,79.44,18.64,492.23,1.93
Kanke,Lowland,Maize,5.16,204.96,82.93,72.88,26.34,829.71,1.93
Kanke,Lowland,Maize,6.64,167.46,75.73,78.08,17.2,907.38,1.52
Kanke,Lowland,Maize,7.09,172.71,61.53,85.68,19.55,948.49,0.55
Kanke,Lowland,Maize,5.44,161.56,96.94,90.36,21.25,769.51,1.92
Kanke,Lowland,Maize,7.25,195.26,100.0,125.0,23.8,834.18,1.68
Kanke,Lowland,Maize,7.2,125.06,71.41,71.05,30.85,737.44,0.3
Kanke,Lowland,Maize,6.6,207.1,71.13,107.04,28.63,609.79,1.22
Kanke,Lowland,Maize,5.22,141.7,86.81,90.48,26.36,475.82,1.2
Kanke,Lowland,Maize,7.84,164.62,50.93,107.38,26.05,555.49,2.5
Kanke,Lowland,Maize,6.6,182.83,53.76,84.89,29.84,375.0,1.55
Kanke,Lowland,Maize,6.74,175.6,92.54,97.83,33.88,376.12,1.51
Kanke,Lowland,Maize,6.73,143.22,91.13,125.0,26.92,638.38,1.47
Kanke,Lowland,Maize,5.8,121.31,62.04,57.53,34.93,529.86,1.17
Kanke,Lowland,Maize,7.65,141.69,60.97,91.61,31.79,637.79,1.59
Kanke,Lowland,Maize,6.72,186.06,77.92,65.98,27.21,375.0,1.47
Kanke,Lowland,Maize,6.07,248.43,73.7,57.24,26.38,640.89,2.5
Kanke,Lowland,Maize,5.95,128.26,88.69,57.79,24.97,504.92,1.36
Kanke,Lowland,Maize,7.42,154.46,69.6,89.69,27.7,567.12,1.72
Kanke,Lowland,Maize,7.6,185.84,82.33,53.09,27.23,633.91,1.92
Kanke,Lowland,Maize,5.83,155.18,64.35,102.54,31.81,478.69,2.05
Kanke,Lowland,Maize,6.77,170.77,70.69,107.45,28.52,948.27,0.82
Kanke,Lowland,Maize,7.23,158.97,59.18,89.77,27.64,1000.0,1.28
Kanke,Lowland,Maize,5.32,182.35,38.09,87.88,27.07,689.06,2.09
Kanke,Lowland,Maize,6.05,170.0,60.99,63.69,28.44,375.0,1.12
Kanke,Lowland,Maize,5.48,190.42,100.0,59.64,18.37,528.14,1.42
Kanke,Lowland,Maize,6.88,161.38,70.88,98.6,31.84,375.0,1.15
Kanke,Lowland,Maize,6.87,147.63,100.0,75.19,26.81,647.3,1.0
Kanke,Lowland,Maize,4.5,161.9,92.41,82.16,23.06,711.99,1.18
Kanke,Lowland,Maize,6.04,178.75,87.88,125.0,30.85,752.97,1.06
Kanke,Lowland,Maize,5.44,176.21,76.27,64.84,26.18,619.88,1.66
Kanke,Lowland,Maize,7.21,182.88,65.52,78.03,21.42,862.34,1.42
Kanke,Lowland,Maize,6.37,147.32,100.0,64.97,25.0,622.77,1.83
Kanke,Lowland,Maize,7.73,227.09,83.25,65.37,25.8,603.87,2.5
Kanke,Lowland,Maize,5.01,209.46,77.54,109.58,26.53,402.57,1.94
Kanke,Lowland,Maize,7.38,202.73,74.16,76.02,19.74,693.39,1.71
Kanke,Lowland,Wheat,6.01,108.69,46.67,25.88,18.12,337.5,1.55
Kanke,Lowland,Wheat,6.27,76.96,56.25,62.5,18.24,481.75,2.28
Kanke,Lowland,Wheat,8.5,100.53,55.78,39.53,16.62,534.4,3.04
Kanke,Lowland,Wheat,10.0,89.42,53.48,41.54,22.78,337.5,0.81
Kanke,Lowland,Wheat,6.23,126.7,45.65,57.14,23.48,519.88,3.12
Kanke,Lowland,Wheat,7.61,88.92,56.25,38.69,23.14,633.42,2.31
Kanke,Lowland,Wheat,5.4,97.62,56.25,45.05,20.73,538.44,2.52
Kanke,Lowland,Wheat,7.45,118.31,47.57,60.04,22.11,420.01,2.86
Kanke,Lowland,Wheat,6.98,99.56,44.96,33.24,19.71,593.79,1.21
Kanke,Lowland,Wheat,7.35,105.25,47.87,25.48,19.86,427.42,2.39
Kanke,Lowland,Wheat,7.39,89.45,55.73,50.59,21.08,448.93,1.46
Kanke,Lowland,Wheat,7.38,138.26,39.18,39.66,19.76,479.86,2.96
Kanke,Lowland,Wheat,6.24,109.88,46.4,35.82,19.49,539.84,0.99
Kanke,Lowland,Wheat,7.62,75.0,46.11,42.71,25.0,417.97,0.6
Kanke,Lowland,Wheat,4.82,125.39,52.98,53.0,20.99,585.46,1.44
Kanke,Lowland,Wheat,8.16,76.81,44.1,21.15,19.7,444.61,2.01
Kanke,Lowland,Wheat,7.2,97.35,48.28,25.67,24.46,414.61,1.48
Kanke,Lowland,Wheat,8.96,88.18,42.82,31.52,20.3,500.31,2.56
Kanke,Lowland,Wheat,10.0,75.0,52.95,39.39,18.8,377.77,1.12
Kanke,Lowland,Wheat,9.07,148.95,49.53,62.5,16.11,337.5,0.6
Kanke,Lowland,Wheat,6.32,129.11,50.0,49.7,16.4,543.61,2.12
Kanke,Lowland,Wheat,7.97,75.0,51.21,30.19,19.35,512.28,1.99
Kanke,Lowland,Wheat,6.14,124.58,40.44,62.5,19.9,580.37,1.45
Kanke,Lowland,Wheat,6.52,102.11,54.52,37.17,22.37,405.43,0.6
Kanke,Lowland,Wheat,6.47,90.02,49.59,30.15,23.19,439.39,1.76
Kanke,Lowland,Wheat,7.89,152.5,49.28,36.27,15.35,370.04,1.37
Kanke,Lowland,Wheat,7.25,114.33,53.42,38.58,20.33,587.99,2.21
Kanke,Lowland,Wheat,7.06,106.84,45.69,35.11,18.93,538.07,1.72
Kanke,Lowland,Wheat,5.57,175.94,51.26,26.99,19.22,462.92,3.12
Kanke,Lowland,Wheat,5.85,152.85,56.25,38.35,19.69,337.5,1.73
Kanke,Lowland,Wheat,7.09,143.63,55.77,36.6,14.78,447.52,2.17
Kanke,Lowland,Wheat,7.42,114.87,50.12,62.5,21.61,406.48,1.47
Kanke,Lowland,Wheat,6.93,172.11,48.32,47.23,19.1,578.09,3.12
Kanke,Lowland,Wheat,7.65,126.81,49.61,18.75,22.66,465.64,2.29
Kanke,Lowland,Wheat,6.31,113.19,46.99,62.43,19.4,692.73,2.29
Kanke,Lowland,Wheat,5.65,120.65,45.59,18.75,25.0,531.95,2.38
Kanke,Lowland,Wheat,7.32,84.1,46.57,59.81,17.45,337.5,1.71
Kanke,Lowland,Wheat,6.96,128.35,53.65,56.83,21.25,589.34,0.6
Kanke,Lowland,Wheat,7.71,142.66,42.15,25.59,18.33,372.9,2.57
Kanke,Lowland,Wheat,6.42,99.43,45.82,62.5,20.54,429.11,1.82
Kanke,Lowland,Wheat,8.62,102.55,56.25,50.59,20.03,741.48,0.99
Kanke,Lowland,Wheat,6.72,88.46,54.96,62.5,25.0,592.65,1.74
Kanke,Lowland,Wheat,6.71,75.67,56.25,54.37,19.07,604.79,1.06
Kanke,Lowland,Wheat,7.6,119.36,53.13,46.59,16.29,458.81,2.83
Kanke,Lowland,Wheat,7.09,146.99,43.28,47.14,18.69,537.06,1.94
Kanke,Lowland,Wheat,7.93,156.11,53.44,51.51,17.6,449.68,1.45
Kanke,Lowland,Wheat,6.73,113.47,43.67,18.95,18.56,472.54,0.73
Kanke,Lowland,Wheat,7.15,179.8,55.37,62.5,21.64,586.07,1.28
Kanke,Lowland,Wheat,6.38,75.0,56.25,62.5,18.89,420.4,1.25
Kanke,Lowland,Wheat,7.57,157.19,39.21,53.5,19.7,463.22,2.31
Kanke,Lowland,Pineapple,5.41,260.15,61.9,237.17,27.98,788.6,0.47
Kanke,Lowland,Pineapple,5.19,301.19,64.83,217.27,31.14,931.76,0.95
Kanke,Lowland,Pineapple,5.04,172.5,62.43,154.14,27.92,723.07,0.8
Kanke,Lowland,Pineapple,3.57,225.9,69.95,275.0,26.77,807.37,1.25
Kanke,Lowland,Pineapple,4.69,279.42,55.76,230.41,27.36,802.23,0.64
Kanke,Lowland,Pineapple,6.44,349.76,52.65,153.26,27.54,887.62,0.72
Kanke,Lowland,Pineapple,3.38,320.05,73.26,82.5,25.58,1024.43,1.25
Kanke,Lowland,Pineapple,6.71,257.18,65.36,166.64,29.65,596.73,0.63
Kanke,Lowland,Pineapple,6.79,262.58,80.46,132.01,26.87,588.58,0.91
Kanke,Lowland,Pineapple,3.92,244.43,47.65,219.47,28.68,525.0,1.25
Kanke,Lowland,Pineapple,8.12,266.28,56.92,275.0,23.91,753.52,0.98
Kanke,Lowland,Pineapple,7.18,279.13,58.58,114.1,26.2,573.79,0.93
Kanke,Lowland,Pineapple,4.98,203.21,79.02,143.15,24.03,720.55,0.94
Kanke,Lowland,Pineapple,3.61,277.97,52.19,275.0,28.23,680.02,0.65
Kanke,Lowland,Pineapple,5.51,289.49,64.1,161.11,27.14,644.32,0.79
Kanke,Lowland,Pineapple,3.38,304.27,67.88,125.48,31.45,765.23,0.55
Kanke,Lowland,Pineapple,6.62,280.69,68.99,147.75,28.06,704.19,1.11
Kanke,Lowland,Pineapple,3.43,246.63,81.25,125.89,25.58,671.61,0.49
Kanke,Lowland,Pineapple,3.38,254.95,65.98,171.66,26.66,757.53,1.25
Kanke,Lowland,Pineapple,5.41,240.89,61.12,212.13,30.31,640.07,0.95
Kanke,Lowland,Pineapple,6.02,223.75,64.63,82.5,22.85,814.18,0.78
Kanke,Lowland,Pineapple,5.86,263.66,53.01,172.12,24.11,993.42,0.44
Kanke,Lowland,Pineapple,5.4,221.71,71.04,153.79,25.78,899.31,0.92
Kanke,Lowland,Pineapple,6.22,224.21,48.02,181.89,26.25,859.63,0.88
Kanke,Lowland,Pineapple,5.86,197.92,81.25,164.5,28.64,603.68,1.02
Kanke,Lowland,Pineapple,4.12,282.91,60.25,176.89,28.64,534.31,0.67
Kanke,Lowland,Pineapple,6.16,350.32,62.78,212.88,26.75,1089.89,0.3
Kanke,Lowland,Pineapple,5.74,197.83,35.18,194.07,27.33,700.15,0.88
Kanke,Lowland,Pineapple,8.12,253.82,70.34,133.43,27.69,708.31,0.77
Kanke,Lowland,Pineapple,7.73,312.6,65.99,82.5,26.15,1223.03,0.83
Kanke,Lowland,Pineapple,6.9,323.44,66.95,121.1,21.29,869.73,0.63
Kanke,Lowland,Pineapple,5.83,213.21,61.3,177.18,27.63,554.91,1.25
Kanke,Lowland,Pineapple,4.94,195.82,63.12,177.22,27.38,988.37,0.83
Kanke,Lowland,Pineapple,5.49,219.22,73.96,186.83,26.02,525.0,1.25
Kanke,Lowland,Pineapple,4.21,240.18,68.57,98.38,23.5,525.0,1.16
Kanke,Lowland,Pineapple,5.0,375.0,52.8,116.0,25.67,792.55,0.75
Kanke,Lowland,Pineapple,6.34,224.32,48.29,82.5,21.79,659.34,0.81
Kanke,Lowland,Pineapple,4.9,315.31,78.71,153.58,22.79,650.83,0.7
Kanke,Lowland,Pineapple,4.87,235.82,56.78,150.26,25.51,786.46,1.04
Kanke,Lowland,Pineapple,4.58,316.44,52.97,82.5,27.89,606.95,1.02
Kanke,Lowland,Pineapple,3.38,321.42,72.23,82.5,23.53,1042.65,0.65
Kanke,Lowland,Pineapple,4.66,172.5,60.31,160.44,28.68,525.0,0.38
Kanke,Lowland,Pineapple,6.15,305.62,46.08,244.29,27.09,941.07,0.89
Kanke,Lowland,Pineapple,3.38,258.17,76.75,117.78,26.09,719.18,0.08
Kanke,Lowland,Pineapple,7.56,227.48,70.29,169.47,29.95,821.06,0.83
Kanke,Lowland,Pineapple,4.6,297.07,42.56,216.39,24.42,969.15,0.97
Kanke,Lowland,Pineapple,6.37,267.75,43.97,119.89,28.58,779.16,1.25
Kanke,Lowland,Pineapple,6.09,224.81,55.12,181.61,21.57,1042.85,1.07
Kanke,Lowland,Pineapple,7.05,199.67,78.9,275.0,23.9,885.0,0.91
Kanke,Lowland,Pineapple,3.84,284.58,74.11,136.52,29.73,525.0,0.39
Kanke,Lowland,Onion,6.71,79.99,36.04,89.04,22.04,450.02,1.25
Kanke,Lowland,Onion,6.99,68.99,56.25,55.94,25.0,354.07,0.59
Kanke,Lowland,Onion,7.44,82.33,54.31,97.5,21.48,280.97,1.82
Kanke,Lowland,Onion,6.63,95.41,19.29,81.64,18.64,542.69,1.64
Kanke,Lowland,Onion,6.77,90.75,32.76,100.0,25.0,395.79,2.15
Kanke,Lowland,Onion,6.29,60.79,44.87,81.4,19.36,412.68,1.47
Kanke,Lowland,Onion,6.03,91.51,54.46,76.02,23.85,262.5,1.56
Kanke,Lowland,Onion,5.93,53.39,37.04,53.3,18.91,325.04,1.75
Kanke,Lowland,Onion,6.44,45.0,56.25,55.44,20.33,402.04,1.42
Kanke,Lowland,Onion,7.28,90.58,34.36,100.0,21.06,332.83,1.82
Kanke,Lowland,Onion,6.78,88.71,56.25,66.91,19.58,363.59,1.87
Kanke,Lowland,Onion,5.73,45.0,37.55,39.18,19.27,408.57,0.84
Kanke,Lowland,Onion,5.78,81.01,54.45,37.94,22.88,445.26,1.81
Kanke,Lowland,Onion,7.35,125.0,40.24,74.76,19.29,350.23,2.12
Kanke,Lowland,Onion,5.83,59.29,56.25,93.34,19.45,449.58,1.49
Kanke,Lowland,Onion,7.52,81.13,56.25,100.0,22.24,355.75,1.69
Kanke,Lowland,Onion,6.41,125.0,46.49,66.95,18.07,477.88,1.77
Kanke,Lowland,Onion,6.33,92.85,26.81,76.3,21.82,548.99,0.91
Kanke,Lowland,Onion,5.87,58.49,28.82,99.8,25.0,387.32,1.95
Kanke,Lowland,Onion,6.71,77.17,40.51,66.19,16.0,380.8,1.29
Kanke,Lowland,Onion,7.07,81.58,42.5,54.75,20.71,436.04,0.71
Kanke,Lowland,Onion,6.68,84.83,36.03,60.53,21.17,262.5,1.5
Kanke,Lowland,Onion,6.1,104.21,56.25,54.96,22.05,265.3,1.86
Kanke,Lowland,Onion,5.88,90.61,34.22,68.3,17.5,445.84,0.87
Kanke,Lowland,Onion,6.96,71.36,43.06,75.54,18.29,374.52,2.12
Kanke,Lowland,Onion,6.17,106.75,56.25,55.87,16.27,385.19,1.03
Kanke,Lowland,Onion,7.74,80.21,35.04,49.11,23.67,283.43,1.34
Kanke,Lowland,Onion,7.2,68.09,43.86,72.18,22.49,418.85,1.2
Kanke,Lowland,Onion,6.67,70.71,27.17,77.78,25.0,262.5,0.91
Kanke,Lowland,Onion,6.11,96.31,49.62,69.29,17.83,360.77,0.49
Kanke,Lowland,Onion,6.71,99.74,29.81,41.25,25.0,278.7,1.91
Kanke,Lowland,Onion,6.54,75.61,49.5,54.48,20.88,305.54,0.62
Kanke,Lowland,Onion,6.83,73.25,42.56,47.83,25.0,452.18,1.82
Kanke,Lowland,Onion,6.45,45.0,56.25,71.28,18.32,398.58,1.93
Kanke,Lowland,Onion,6.61,109.24,56.25,50.56,18.54,461.6,0.3
Kanke,Lowland,Onion,6.54,45.99,38.84,66.42,19.46,285.63,0.74
Kanke,Lowland,Onion,7.99,122.99,30.85,100.0,19.34,365.06,1.28
Kanke,Lowland,Onion,6.24,102.36,45.86,62.8,16.71,262.5,0.45
Kanke,Lowland,Onion,6.64,51.46,41.3,100.0,23.98,346.24,1.27
Kanke,Lowland,Onion,7.75,91.55,40.57,43.42,21.64,446.66,0.98
Kanke,Lowland,Onion,6.8,70.91,42.25,33.75,19.86,462.98,0.98
Kanke,Lowland,Onion,6.66,61.75,48.6,68.1,17.77,505.31,1.8
Kanke,Lowland,Onion,6.27,91.01,50.66,85.63,15.58,467.32,1.01
Kanke,Lowland,Onion,6.42,125.0,47.91,64.64,14.09,511.98,0.61
Kanke,Lowland,Onion,6.03,71.66,56.25,88.3,20.04,385.93,1.0
Kanke,Lowland,Onion,6.71,81.11,55.69,92.26,21.94,307.77,1.7
Kanke,Lowland,Onion,6.57,54.14,39.69,74.25,23.14,328.61,0.68
Kanke,Lowland,Onion,6.66,82.04,46.56,91.29,23.46,280.74,0.99
Kanke,Lowland,Onion,6.01,95.71,56.25,66.09,19.8,520.95,1.58
Kanke,Lowland,Onion,6.89,51.59,52.3,53.56,17.21,309.58,1.0
Qua'an-Pan,Lowland,Irish-potato,4.56,70.84,75.0,211.45,11.18,571.23,0.63
Qua'an-Pan,Lowland,Irish-potato,5.43,118.88,59.49,142.53,22.24,300.0,1.37
Qua'an-Pan,Lowland,Irish-potato,5.63,146.35,75.0,124.48,21.35,381.43,1.7
Qua'an-Pan,Lowland,Irish-potato,4.73,107.7,75.0,126.44,13.06,309.55,1.38
Qua'an-Pan,Lowland,Irish-potato,5.86,125.17,75.0,90.0,16.45,349.5,0.99
Qua'an-Pan,Lowland,Irish-potato,4.81,145.46,51.21,159.55,17.84,300.0,0.99
Qua'an-Pan,Lowland,Irish-potato,4.62,115.5,59.55,156.22,16.49,622.73,0.44
Qua'an-Pan,Lowland,Irish-potato,4.16,150.0,40.82,90.0,20.57,300.0,0.93
Qua'an-Pan,Lowland,Irish-potato,6.47,67.21,30.0,90.0,21.14,596.84,0.79
Qua'an-Pan,Lowland,Irish-potato,5.29,150.0,75.0,139.31,9.94,300.0,0.83
Qua'an-Pan,Lowland,Irish-potato,4.53,114.7,75.0,219.15,17.4,592.23,1.24
Qua'an-Pan,Lowland,Irish-potato,4.79,150.0,60.25,225.0,12.97,309.85,0.99
Qua'an-Pan,Lowland,Irish-potato,5.09,150.0,58.56,90.0,20.95,532.12,0.22
Qua'an-Pan,Lowland,Irish-potato,4.74,65.62,47.36,104.85,20.83,420.45,0.38
Qua'an-Pan,Lowland,Irish-potato,5.45,71.09,64.77,109.51,16.72,488.25,1.33
Qua'an-Pan,Lowland,Irish-potato,5.82,118.4,64.35,129.27,18.64,476.91,1.0
Qua'an-Pan,Lowland,Irish-potato,3.29,132.88,65.37,116.54,13.5,658.28,1.31
Qua'an-Pan,Lowland,Irish-potato,4.56,81.48,44.61,220.63,18.48,303.65,1.32
Qua'an-Pan,Lowland,Irish-potato,4.08,150.0,75.0,127.75,15.8,300.0,0.28
Qua'an-Pan,Lowland,Irish-potato,3.66,126.01,53.28,90.0,17.02,488.43,1.33
Qua'an-Pan,Lowland,Irish-potato,3.21,116.79,34.78,199.59,20.74,300.0,0.65
Qua'an-Pan,Lowland,Irish-potato,4.37,60.0,64.87,137.92,21.4,300.0,0.73
Qua'an-Pan,Lowland,Irish-potato,3.53,86.13,38.3,204.54,15.56,421.73,0.85
Qua'an-Pan,Lowland,Irish-potato,3.72,115.39,69.47,90.0,20.83,300.0,0.8
Qua'an-Pan,Lowland,Irish-potato,5.17,98.06,59.65,135.73,18.45,300.0,0.22
Qua'an-Pan,Lowland,Irish-potato,5.24,150.0,43.06,139.44,19.03,521.31,0.22
Qua'an-Pan,Lowland,Irish-potato,4.03,109.64,71.29,225.0,17.2,300.0,1.27
Qua'an-Pan,Lowland,Irish-potato,5.8,125.06,43.12,202.54,20.32,300.0,1.25
Qua'an-Pan,Lowland,Irish-potato,5.54,150.0,57.83,133.45,22.3,300.0,1.28
Qua'an-Pan,Lowland,Irish-potato,3.64,150.0,54.47,218.85,19.72,300.0,1.8
Qua'an-Pan,Lowland,Irish-potato,5.99,150.0,45.66,136.18,18.51,300.0,1.88
Qua'an-Pan,Lowland,Irish-potato,4.86,60.0,64.93,133.97,17.74,335.49,1.48
Qua'an-Pan,Lowland,Irish-potato,5.64,131.18,53.05,150.08,18.07,300.0,1.36
Qua'an-Pan,Lowland,Irish-potato,5.11,150.0,75.0,116.25,20.87,300.0,1.42
Qua'an-Pan,Lowland,Irish-potato,4.32,85.46,63.89,90.0,11.87,368.94,1.1
Qua'an-Pan,Lowland,Irish-potato,4.44,66.0,44.68,172.79,20.04,397.16,1.66
Qua'an-Pan,Lowland,Irish-potato,5.06,95.12,54.08,90.0,17.62,594.62,1.41
Qua'an-Pan,Lowland,Irish-potato,5.87,110.68,75.0,142.1,23.15,396.18,1.43
Qua'an-Pan,Lowland,Irish-potato,5.93,114.51,62.81,219.91,17.53,300.0,1.88
Qua'an-Pan,Lowland,Irish-potato,4.36,126.83,75.0,120.3,14.47,444.4,0.22
Qua'an-Pan,Lowland,Irish-potato,4.51,129.85,54.27,90.0,23.58,418.12,1.81
Qua'an-Pan,Lowland,Irish-potato,4.53,90.48,63.7,140.92,13.88,657.21,0.73
Qua'an-Pan,Lowland,Irish-potato,3.26,150.0,50.16,120.34,11.82,704.66,0.38
Qua'an-Pan,Lowland,Irish-potato,4.79,150.0,66.37,149.11,12.04,300.0,1.15
Qua'an-Pan,Lowland,Irish-potato,4.11,128.4,70.92,202.78,13.71,750.0,1.46
Qua'an-Pan,Lowland,Irish-potato,4.74,150.0,75.0,90.0,17.21,300.0,1.16
Qua'an-Pan,Lowland,Irish-potato,5.03,119.91,47.53,90.0,19.31,654.7,0.74
Qua'an-Pan,Lowland,Irish-potato,5.09,66.39,66.99,131.59,15.33,300.0,0.85
Qua'an-Pan,Lowland,Irish-potato,5.05,75.35,52.04,150.07,14.15,714.42,0.61
Qua'an-Pan,Lowland,Irish-potato,4.2,87.04,75.0,181.27,14.72,593.59,1.16
Qua'an-Pan,Lowland,Tomato,6.36,136.23,76.82,217.97,22.27,611.74,0.38
Qua'an-Pan,Lowland,Tomato,7.83,143.03,104.34,241.03,21.92,500.73,0.38
Qua'an-Pan,Lowland,Tomato,5.23,119.34,63.58,192.24,26.08,481.9,1.42
Qua'an-Pan,Lowland,Tomato,5.29,157.04,99.75,245.82,27.68,403.55,0.63
Qua'an-Pan,Lowland,Tomato,5.31,130.25,88.21,214.72,27.43,394.04,1.27
Qua'an-Pan,Lowland,Tomato,6.23,131.24,72.2,120.53,21.65,455.15,0.76
Qua'an-Pan,Lowland,Tomato,5.79,159.88,110.16,151.99,28.58,531.39,0.46
Qua'an-Pan,Lowland,Tomato,5.11,181.0,92.63,120.0,18.77,370.94,0.44
Qua'an-Pan,Lowland,Tomato,5.58,147.22,134.87,188.73,28.89,566.52,2.26
Qua'an-Pan,Lowland,Tomato,6.39,89.04,108.59,251.05,24.17,603.33,1.86
Qua'an-Pan,Lowland,Tomato,6.72,177.95,105.24,120.0,22.46,539.53,0.69
Qua'an-Pan,Lowland,Tomato,5.8,115.82,137.5,280.52,20.88,417.17,0.78
Qua'an-Pan,Lowland,Tomato,6.77,161.14,117.8,217.7,31.25,300.0,0.38
Qua'an-Pan,Lowland,Tomato,5.61,100.56,57.31,155.64,20.72,300.0,1.62
Qua'an-Pan,Lowland,Tomato,5.48,141.04,119.96,166.57,23.42,442.63,0.38
Qua'an-Pan,Lowland,Tomato,3.75,156.37,109.4,298.34,25.15,495.54,1.12
Qua'an-Pan,Lowland,Tomato,6.4,187.5,48.75,221.5,31.25,432.87,2.41
Qua'an-Pan,Lowland,Tomato,5.33,145.34,97.37,120.0,19.72,300.0,1.83
Qua'an-Pan,Lowland,Tomato,7.07,155.73,118.12,194.61,29.42,401.02,1.3
Qua'an-Pan,Lowland,Tomato,5.75,166.23,85.43,247.7,19.86,300.0,1.74
Qua'an-Pan,Lowland,Tomato,5.96,133.04,119.85,173.98,23.68,563.08,2.33
Qua'an-Pan,Lowland,Tomato,7.88,138.05,128.8,158.07,20.79,300.0,2.43
Qua'an-Pan,Lowland,Tomato,5.06,142.59,72.59,234.61,22.96,300.0,1.56
Qua'an-Pan,Lowland,Tomato,4.4,121.86,48.75,135.96,25.23,300.0,0.38
Qua'an-Pan,Lowland,Tomato,6.06,130.43,137.5,287.61,20.95,464.93,1.78
Qua'an-Pan,Lowland,Tomato,5.37,102.68,96.17,194.2,22.72,451.55,0.73
Qua'an-Pan,Lowland,Tomato,4.73,149.46,106.62,147.47,28.3,300.0,0.85
Qua'an-Pan,Lowland,Tomato,5.76,127.73,81.66,289.35,21.02,684.52,1.56
Qua'an-Pan,Lowland,Tomato,6.17,160.16,137.5,156.0,19.91,312.02,1.28
Qua'an-Pan,Lowland,Tomato,4.07,146.93,137.5,209.29,23.3,327.95,1.88
Qua'an-Pan,Lowland,Tomato,5.11,187.5,137.5,214.2,24.45,520.12,2.02
Qua'an-Pan,Lowland,Tomato,5.13,130.93,61.78,221.29,27.23,300.0,0.94
Qua'an-Pan,Lowland,Tomato,4.5,120.07,110.95,168.1,23.27,300.0,1.39
Qua'an-Pan,Lowland,Tomato,6.01,125.03,91.53,210.64,21.16,300.0,2.5
Qua'an-Pan,Lowland,Tomato,5.33,143.46,123.02,300.0,19.4,452.43,0.76
Qua'an-Pan,Lowland,Tomato,5.44,125.28,66.94,200.32,18.46,510.35,1.29
Qua'an-Pan,Lowland,Tomato,6.55,132.69,86.85,215.63,19.73,358.28,0.65
Qua'an-Pan,Lowland,Tomato,5.03,84.77,131.65,170.29,29.26,524.57,0.38
Qua'an-Pan,Lowland,Tomato,4.8,187.5,137.5,200.78,25.55,326.47,1.56
Qua'an-Pan,Lowland,Tomato,5.23,87.02,61.8,203.23,19.87,392.16,0.5
Qua'an-Pan,Lowland,Tomato,5.16,171.15,102.99,201.8,28.1,456.01,2.27
Qua'an-Pan,Lowland,Tomato,5.53,133.75,62.34,182.28,28.45,551.51,1.93
Qua'an-Pan,Lowland,Tomato,3.99,177.86,48.75,244.05,22.99,481.88,0.38
Qua'an-Pan,Lowland,Tomato,7.41,103.57,78.94,155.79,17.32,411.02,2.5
Qua'an-Pan,Lowland,Tomato,8.75,149.11,125.8,213.05,26.54,360.12,1.39
Qua'an-Pan,Lowland,Tomato,6.68,129.41,94.46,199.53,27.88,300.0,1.22
Qua'an-Pan,Lowland,Tomato,8.27,180.22,131.91,203.38,25.81,516.81,2.35
Qua'an-Pan,Lowland,Tomato,3.81,107.93,130.86,189.36,21.75,300.0,0.87
Qua'an-Pan,Lowland,Tomato,4.44,187.5,95.9,199.55,26.91,512.16,1.92
Qua'an-Pan,Lowland,Tomato,7.3,127.89,88.67,238.05,22.34,399.4,1.53
Qua'an-Pan,Lowland,Groundnut,7.03,25.0,46.92,32.7,30.48,590.55,1.42
Qua'an-Pan,Lowland,Groundnut,7.37,25.0,50.0,37.3,28.11,601.73,1.11
Qua'an-Pan,Lowland,Groundnut,6.38,25.0,35.98,27.27,32.52,506.43,1.5
Qua'an-Pan,Lowland,Groundnut,5.59,25.0,36.97,44.7,29.4,536.19,0.46
Qua'an-Pan,Lowland,Groundnut,5.87,25.0,16.58,30.09,29.75,385.51,1.42
Qua'an-Pan,Lowland,Groundnut,7.29,25.0,22.88,18.75,25.26,589.32,0.71
Qua'an-Pan,Lowland,Groundnut,6.83,25.0,48.14,29.89,28.04,489.18,0.41
Qua'an-Pan,Lowland,Groundnut,5.87,25.0,42.31,43.93,29.14,516.67,0.25
Qua'an-Pan,Lowland,Groundnut,6.4,25.0,50.0,40.76,33.38,569.64,0.61
Qua'an-Pan,Lowland,Groundnut,6.63,25.0,22.78,31.38,27.28,687.13,0.15
Qua'an-Pan,Lowland,Groundnut,7.28,25.0,16.46,45.07,30.56,646.21,1.13
Qua'an-Pan,Lowland,Groundnut,7.79,25.0,34.21,37.75,32.35,409.16,0.63
Qua'an-Pan,Lowland,Groundnut,6.38,23.98,38.5,18.75,28.19,600.85,0.69
Qua'an-Pan,Lowland,Groundnut,7.56,25.0,50.0,40.65,21.99,815.94,0.83
Qua'an-Pan,Lowland,Groundnut,6.04,25.0,33.28,33.63,28.36,465.29,1.08
Qua'an-Pan,Lowland,Groundnut,6.33,24.97,34.31,18.75,29.24,385.86,0.91
Qua'an-Pan,Lowland,Groundnut,7.34,25.0,50.0,30.95,34.14,457.44,0.56
Qua'an-Pan,Lowland,Groundnut,6.97,25.0,24.21,30.57,27.84,656.43,0.18
Qua'an-Pan,Lowland,Groundnut,6.57,25.0,39.31,46.21,27.74,478.49,1.06
Qua'an-Pan,Lowland,Groundnut,6.62,25.0,44.02,29.04,25.86,438.46,1.33
Qua'an-Pan,Lowland,Groundnut,4.64,25.0,36.99,20.04,29.08,555.45,1.06
Qua'an-Pan,Lowland,Groundnut,4.98,25.0,25.72,40.75,30.59,397.82,1.09
Qua'an-Pan,Lowland,Groundnut,6.33,24.17,50.0,27.97,25.01,453.02,0.95
Qua'an-Pan,Lowland,Groundnut,6.53,25.0,16.94,28.25,27.59,721.2,0.81
Qua'an-Pan,Lowland,Groundnut,7.21,25.0,29.43,32.59,27.41,570.35,1.34
Qua'an-Pan,Lowland,Groundnut,6.77,25.0,22.41,31.12,25.46,536.65,0.73
Qua'an-Pan,Lowland,Groundnut,6.99,25.0,37.12,40.76,20.77,747.28,0.76
Qua'an-Pan,Lowland,Groundnut,5.36,25.0,36.98,34.03,31.47,587.11,0.96
Qua'an-Pan,Lowland,Groundnut,6.83,25.0,50.0,21.8,28.49,507.58,1.14
Qua'an-Pan,Lowland,Groundnut,6.06,25.0,38.78,37.21,33.21,375.0,1.26
Qua'an-Pan,Lowland,Groundnut,7.97,25.0,17.65,31.19,28.05,565.71,0.65
Qua'an-Pan,Lowland,Groundnut,7.49,25.0,11.25,44.43,20.04,476.21,1.5
Qua'an-Pan,Lowland,Groundnut,6.55,25.0,35.65,34.3,28.56,577.19,0.49
Qua'an-Pan,Lowland,Groundnut,7.56,25.0,47.1,29.25,32.5,470.04,0.95
Qua'an-Pan,Lowland,Groundnut,6.01,25.0,46.53,30.87,25.01,425.04,1.1
Qua'an-Pan,Lowland,Groundnut,6.19,25.0,36.71,18.75,22.85,539.19,0.6
Qua'an-Pan,Lowland,Groundnut,7.19,25.0,46.99,50.0,27.71,575.63,0.65
Qua'an-Pan,Lowland,Groundnut,8.02,25.0,36.66,38.13,32.76,482.85,0.62
Qua'an-Pan,Lowland,Groundnut,7.08,25.0,39.16,27.45,21.99,527.52,1.17
Qua'an-Pan,Lowland,Groundnut,6.43,25.0,26.22,25.52,27.76,490.37,1.12
Qua'an-Pan,Lowland,Groundnut,6.1,25.0,50.0,34.4,32.37,376.87,1.23
Qua'an-Pan,Lowland,Groundnut,7.18,25.0,36.26,18.75,25.75,427.05,0.51
Qua'an-Pan,Lowland,Groundnut,6.63,25.0,24.45,25.48,25.5,630.71,0.62
Qua'an-Pan,Lowland,Groundnut,6.25,25.0,41.44,38.74,17.34,619.07,1.36
Qua'an-Pan,Lowland,Groundnut,5.94,25.0,29.92,28.13,28.78,375.0,0.46
Qua'an-Pan,Lowland,Groundnut,7.48,25.0,50.0,37.86,21.67,574.05,0.81
Qua'an-Pan,Lowland,Groundnut,6.29,25.0,43.42,40.94,32.12,547.57,0.37
Qua'an-Pan,Lowland,Groundnut,6.28,25.0,47.06,50.0,32.88,528.18,0.96
Qua'an-Pan,Lowland,Groundnut,6.54,25.0,36.75,45.34,25.9,548.01,1.15
Qua'an-Pan,Lowland,Groundnut,6.02,25.0,21.63,27.55,23.49,395.05,1.35
Qua'an-Pan,Lowland,Pepper,5.51,161.46,39.15,110.69,32.38,1152.53,1.67
Qua'an-Pan,Lowland,Pepper,6.11,107.47,62.5,59.81,28.98,1226.63,1.07
Qua'an-Pan,Lowland,Pepper,7.22,187.57,62.5,67.43,18.75,633.39,1.6
Qua'an-Pan,Lowland,Pepper,6.36,140.17,18.75,92.1,33.75,1000.97,1.88
Qua'an-Pan,Lowland,Pepper,6.81,172.54,60.09,90.13,23.86,523.28,1.28
Qua'an-Pan,Lowland,Pepper,6.59,143.33,51.08,91.27,29.87,1311.24,1.51
Qua'an-Pan,Lowland,Pepper,5.17,142.15,47.13,41.25,32.79,878.97,1.72
Qua'an-Pan,Lowland,Pepper,7.51,130.47,54.87,76.86,24.53,532.3,2.5
Qua'an-Pan,Lowland,Pepper,5.98,184.92,19.12,110.72,31.02,861.93,1.3
Qua'an-Pan,Lowland,Pepper,6.66,212.5,20.75,100.28,20.71,817.45,1.28
Qua'an-Pan,Lowland,Pepper,5.94,155.85,29.94,106.76,16.08,1029.6,1.23
Qua'an-Pan,Lowland,Pepper,5.29,164.57,23.77,80.79,18.03,999.85,0.81
Qua'an-Pan,Lowland,Pepper,5.92,168.32,35.21,78.23,17.55,1064.13,2.5
Qua'an-Pan,Lowland,Pepper,8.75,160.01,57.99,41.25,33.39,1119.23,1.12
Qua'an-Pan,Lowland,Pepper,7.39,145.86,39.8,92.22,19.92,1212.25,0.72
Qua'an-Pan,Lowland,Pepper,5.39,119.03,57.57,63.56,18.42,595.42,1.43
Qua'an-Pan,Lowland,Pepper,5.28,109.12,62.5,57.16,23.8,685.8,1.16
Qua'an-Pan,Lowland,Pepper,6.85,195.1,42.02,47.29,32.19,788.86,2.5
Qua'an-Pan,Lowland,Pepper,4.35,164.28,62.5,70.47,24.32,937.01,1.06
Qua'an-Pan,Lowland,Pepper,6.04,142.44,37.33,112.0,27.92,920.0,2.02
Qua'an-Pan,Lowland,Pepper,6.08,124.57,37.69,79.79,19.94,635.38,1.09
Qua'an-Pan,Lowland,Pepper,8.17,75.0,43.87,125.0,26.14,1110.58,1.52
Qua'an-Pan,Lowland,Pepper,5.73,75.0,49.49,59.39,21.3,635.86,2.5
Qua'an-Pan,Lowland,Pepper,8.41,165.17,39.71,48.84,27.96,1500.81,1.28
Qua'an-Pan,Lowland,Pepper,4.23,183.72,60.87,41.25,26.43,996.04,1.4
Qua'an-Pan,Lowland,Pepper,5.62,197.88,40.6,41.25,14.74,1302.93,1.89
Qua'an-Pan,Lowland,Pepper,6.39,138.25,38.77,51.51,23.23,450.0,0.94
Qua'an-Pan,Lowland,Pepper,6.04,181.25,45.91,100.61,32.58,1226.1,1.78
Qua'an-Pan,Lowland,Pepper,6.32,116.11,57.29,123.84,27.3,1551.74,0.45
Qua'an-Pan,Lowland,Pepper,5.3,191.3,50.35,114.23,25.42,495.99,1.31
Qua'an-Pan,Lowland,Pepper,4.97,110.06,60.68,102.66,27.41,450.0,1.2
Qua'an-Pan,Lowland,Pepper,5.24,204.46,37.97,51.25,25.66,582.35,2.49
Qua'an-Pan,Lowland,Pepper,5.67,98.98,18.75,78.94,22.55,450.0,2.29
Qua'an-Pan,Lowland,Pepper,6.89,155.12,62.5,97.14,21.18,450.0,2.03
Qua'an-Pan,Lowland,Pepper,6.66,163.23,34.13,95.71,21.53,786.34,2.47
Qua'an-Pan,Lowland,Pepper,5.73,91.86,31.13,105.85,26.84,776.15,1.1
Qua'an-Pan,Lowland,Pepper,6.73,121.51,50.95,60.55,20.79,583.36,1.19
Qua'an-Pan,Lowland,Pepper,6.27,165.92,18.75,58.55,23.44,1395.49,0.7
Qua'an-Pan,Lowland,Pepper,6.45,212.5,27.33,90.09,21.29,633.72,0.89
Qua'an-Pan,Lowland,Pepper,5.67,212.5,58.81,108.67,28.08,450.0,1.73
Qua'an-Pan,Lowland,Pepper,7.25,121.33,60.58,98.24,33.75,666.64,0.69
Qua'an-Pan,Lowland,Pepper,5.99,212.5,19.8,41.25,25.97,657.24,1.46
Qua'an-Pan,Lowland,Pepper,7.14,133.65,19.15,125.0,20.26,450.0,2.23
Qua'an-Pan,Lowland,Pepper,5.97,153.68,53.54,108.19,23.75,1401.14,0.45
Qua'an-Pan,Lowland,Pepper,6.98,121.9,62.5,83.48,21.97,1076.25,2.08
Qua'an-Pan,Lowland,Pepper,6.87,114.11,39.43,79.64,25.28,1109.19,0.45
Qua'an-Pan,Lowland,Pepper,6.6,144.4,34.25,60.26,24.37,450.0,0.96
Qua'an-Pan,Lowland,Pepper,5.54,178.1,34.73,74.1,33.6,1201.91,2.09
Qua'an-Pan,Lowland,Pepper,5.87,178.52,43.08,74.6,27.65,598.71,2.5
Qua'an-Pan,Lowland,Pepper,6.17,181.6,62.5,106.83,18.1,993.64,2.05
Qua'an-Pan,Lowland,Cabbage,7.09,113.82,60.74,134.65,13.79,319.02,1.62
Qua'an-Pan,Lowland,Cabbage,6.53,125.09,58.81,123.07,9.13,322.69,1.09
Qua'an-Pan,Lowland,Cabbage,7.33,165.74,60.24,137.87,17.56,285.0,0.88
Qua'an-Pan,Lowland,Cabbage,7.42,151.1,66.6,145.9,8.33,285.0,0.28
Qua'an-Pan,Lowland,Cabbage,6.78,151.13,79.99,121.51,16.7,340.13,1.0
Qua'an-Pan,Lowland,Cabbage,5.57,187.5,71.04,120.92,25.02,389.66,0.9
Qua'an-Pan,Lowland,Cabbage,6.18,163.75,69.86,103.07,30.0,360.53,1.26
Qua'an-Pan,Lowland,Cabbage,7.39,146.92,69.26,131.42,14.09,343.78,1.01
Qua'an-Pan,Lowland,Cabbage,5.99,187.5,54.18,94.53,30.0,389.93,0.52
Qua'an-Pan,Lowland,Cabbage,6.92,187.5,66.22,162.5,7.5,388.57,1.44
Qua'an-Pan,Lowland,Cabbage,7.09,140.32,63.95,125.02,26.65,382.17,1.39
Qua'an-Pan,Lowland,Cabbage,5.95,139.64,58.26,110.49,28.28,347.56,1.62
Qua'an-Pan,Lowland,Cabbage,6.68,148.02,67.42,106.09,19.53,418.95,1.0
Qua'an-Pan,Lowland,Cabbage,6.09,119.31,62.55,118.54,29.73,285.0,0.82
Qua'an-Pan,Lowland,Cabbage,6.65,92.82,59.2,105.35,13.51,353.43,0.89
Qua'an-Pan,Lowland,Cabbage,6.23,158.76,81.25,145.93,7.5,380.4,0.88
Qua'an-Pan,Lowland,Cabbage,6.65,134.67,67.52,119.9,15.28,285.0,0.77
Qua'an-Pan,Lowland,Cabbage,6.7,163.74,73.96,108.6,22.31,407.38,1.44
Qua'an-Pan,Lowland,Cabbage,6.53,139.84,68.16,97.13,18.42,392.12,1.22
Qua'an-Pan,Lowland,Cabbage,6.4,152.63,59.27,129.56,19.37,320.68,0.8
Qua'an-Pan,Lowland,Cabbage,6.52,133.22,72.25,110.33,30.0,442.56,0.58
Qua'an-Pan,Lowland,Cabbage,6.6,127.31,63.63,152.29,17.49,365.22,1.18
Qua'an-Pan,Lowland,Cabbage,5.96,121.35,55.94,101.74,7.5,378.12,1.62
Qua'an-Pan,Lowland,Cabbage,6.65,104.99,60.87,109.22,11.7,400.21,1.29
Qua'an-Pan,Lowland,Cabbage,5.87,167.42,79.85,150.54,30.0,285.0,1.62
Qua'an-Pan,Lowland,Cabbage,6.35,129.0,69.35,107.06,23.25,285.0,0.85
Qua'an-Pan,Lowland,Cabbage,7.33,144.61,67.73,125.56,29.55,285.0,1.2
Qua'an-Pan,Lowland,Cabbage,6.4,151.14,75.76,96.35,11.74,285.0,0.72
Qua'an-Pan,Lowland,Cabbage,7.35,142.76,54.76,108.75,7.87,285.0,1.12
Qua'an-Pan,Lowland,Cabbage,5.86,178.72,65.87,118.74,17.73,394.1,1.28
Qua'an-Pan,Lowland,Cabbage,6.76,162.74,64.63,126.74,17.24,340.16,0.84
Qua'an-Pan,Lowland,Cabbage,6.29,126.19,70.58,140.18,29.55,285.0,1.5
Qua'an-Pan,Lowland,Cabbage,6.37,163.79,58.56,119.73,22.56,285.0,1.21
Qua'an-Pan,Lowland,Cabbage,7.36,141.19,78.39,113.93,26.93,285.0,1.62
Qua'an-Pan,Lowland,Cabbage,7.45,137.98,49.23,122.29,8.22,371.14,1.13
Qua'an-Pan,Lowland,Cabbage,6.0,178.96,73.54,134.32,20.07,285.0,1.37
Qua'an-Pan,Lowland,Cabbage,6.4,105.76,78.32,153.99,19.66,491.14,0.99
Qua'an-Pan,Lowland,Cabbage,6.33,127.9,80.81,103.59,26.0,300.86,0.76
Qua'an-Pan,Lowland,Cabbage,7.17,135.2,62.95,137.07,30.0,385.13,0.68
Qua'an-Pan,Lowland,Cabbage,6.26,148.61,69.3,99.96,25.9,345.99,0.23
Qua'an-Pan,Lowland,Cabbage,6.01,131.58,65.85,150.31,21.94,285.0,1.05
Qua'an-Pan,Lowland,Cabbage,6.35,155.75,71.57,138.41,19.8,454.73,1.34
Qua'an-Pan,Lowland,Cabbage,6.14,187.5,69.35,102.63,30.0,485.44,0.94
Qua'an-Pan,Lowland,Cabbage,6.26,141.25,72.74,139.61,24.65,347.12,1.58
Qua'an-Pan,Lowland,Cabbage,6.37,176.33,63.97,124.79,19.07,336.09,0.8
Qua'an-Pan,Lowland,Cabbage,7.36,124.91,60.01,154.36,27.97,285.0,0.72
Qua'an-Pan,Lowland,Cabbage,5.48,118.56,39.03,114.85,10.69,344.19,0.27
Qua'an-Pan,Lowland,Cabbage,6.61,134.18,79.63,141.95,26.4,317.14,1.62
Qua'an-Pan,Lowland,Cabbage,5.64,105.36,65.76,156.69,18.35,327.17,0.35
Qua'an-Pan,Lowland,Cabbage,7.12,174.07,73.39,106.24,14.24,285.0,0.99
Qua'an-Pan,Lowland,Maize,5.31,161.95,66.57,70.83,24.5,631.63,1.31
Qua'an-Pan,Lowland,Maize,6.23,201.61,56.64,84.7,27.7,375.0,1.95
Qua'an-Pan,Lowland,Maize,5.54,198.91,94.37,103.86,27.16,486.56,1.92
Qua'an-Pan,Lowland,Maize,7.34,178.25,60.08,45.0,27.72,535.53,2.05
Qua'an-Pan,Lowland,Maize,6.98,235.18,61.79,108.82,24.54,686.08,0.3
Qua'an-Pan,Lowland,Maize,6.83,138.41,69.31,92.53,24.57,375.0,1.85
Qua'an-Pan,Lowland,Maize,6.44,182.0,74.72,125.0,32.37,753.45,1.56
Qua'an-Pan,Lowland,Maize,6.75,126.42,62.11,71.03,18.27,375.0,0.3
Qua'an-Pan,Lowland,Maize,6.52,220.15,93.36,91.93,22.52,375.0,0.3
Qua'an-Pan,Lowland,Maize,5.09,170.36,71.19,58.57,28.58,509.35,1.26
Qua'an-Pan,Lowland,Maize,7.88,161.87,81.32,81.92,25.45,704.92,1.87
Qua'an-Pan,Lowland,Maize,5.47,190.97,78.91,75.87,29.72,599.21,2.5
Qua'an-Pan,Lowland,Maize,4.79,192.71,58.09,96.35,19.47,610.6,0.81
Qua'an-Pan,Lowland,Maize,5.71,154.11,65.85,107.56,26.88,659.84,2.42
Qua'an-Pan,Lowland,Maize,6.86,179.99,82.17,69.54,24.65,375.0,1.9
Qua'an-Pan,Lowland,Maize,6.11,201.59,55.86,92.42,23.45,525.2,1.87
Qua'an-Pan,Lowland,Maize,7.47,195.64,43.05,125.0,35.0,676.47,0.73
Qua'an-Pan,Lowland,Maize,6.43,180.43,96.11,88.37,23.35,467.62,2.04
Qua'an-Pan,Lowland,Maize,8.41,240.84,87.24,76.35,15.0,602.0,1.25
Qua'an-Pan,Lowland,Maize,6.72,197.85,50.78,95.26,29.94,669.41,1.92
Qua'an-Pan,Lowland,Maize,7.26,184.32,72.75,84.37,27.5,724.69,1.71
Qua'an-Pan,Lowland,Maize,8.96,250.0,75.38,45.0,32.76,455.43,0.69
Qua'an-Pan,Lowland,Maize,6.1,183.26,84.7,45.84,21.98,610.05,1.69
Qua'an-Pan,Lowland,Maize,7.3,173.33,56.87,70.42,28.12,809.96,0.3
Qua'an-Pan,Lowland,Maize,6.31,157.42,45.08,104.82,29.54,628.65,1.9
Qua'an-Pan,Lowland,Maize,6.01,183.66,100.0,76.49,30.42,551.12,0.3
Qua'an-Pan,Lowland,Maize,4.2,179.4,92.47,100.65,31.26,377.27,2.39
Qua'an-Pan,Lowland,Maize,5.45,202.48,73.81,78.19,33.23,426.61,0.31
Qua'an-Pan,Lowland,Maize,6.58,184.62,100.0,98.04,25.09,375.0,0.3
Qua'an-Pan,Lowland,Maize,5.38,199.63,98.97,108.43,28.07,493.45,1.44
Qua'an-Pan,Lowland,Maize,5.96,246.38,70.68,80.23,16.69,515.8,1.84
Qua'an-Pan,Lowland,Maize,5.33,174.39,87.86,47.77,31.92,456.87,0.98
Qua'an-Pan,Lowland,Maize,5.26,207.3,100.0,100.49,22.98,748.73,1.03
Qua'an-Pan,Lowland,Maize,8.15,219.8,37.5,58.81,31.4,576.54,0.54
Qua'an-Pan,Lowland,Maize,5.83,140.7,72.44,125.0,30.75,933.32,1.87
Qua'an-Pan,Lowland,Maize,7.75,250.0,80.59,77.88,31.81,804.42,0.92
Qua'an-Pan,Lowland,Maize,5.73,200.33,88.54,100.88,20.37,884.53,0.81
Qua'an-Pan,Lowland,Maize,6.25,169.96,100.0,87.9,23.04,701.19,1.79
Qua'an-Pan,Lowland,Maize,6.34,220.79,59.55,70.74,17.64,375.0,2.5
Qua'an-Pan,Lowland,Maize,8.46,198.2,100.0,78.51,25.87,559.89,1.17
Qua'an-Pan,Lowland,Maize,6.31,229.61,76.62,98.88,31.8,617.93,0.58
Qua'an-Pan,Lowland,Maize,5.0,200.62,70.99,84.29,26.93,1000.0,0.32
Qua'an-Pan,Lowland,Maize,4.26,205.97,67.4,89.63,29.72,774.72,0.3
Qua'an-Pan,Lowland,Maize,5.92,208.78,87.47,125.0,31.45,540.06,0.63
Qua'an-Pan,Lowland,Maize,5.91,179.0,85.46,88.25,20.84,473.72,1.87
Qua'an-Pan,Lowland,Maize,6.97,212.86,80.69,120.22,28.1,482.45,0.61
Qua'an-Pan,Lowland,Maize,6.85,125.12,70.76,77.44,20.65,387.55,1.82
Qua'an-Pan,Lowland,Maize,6.83,199.25,79.35,84.41,32.79,571.6,0.3
Qua'an-Pan,Lowland,Maize,8.44,207.08,63.68,52.99,28.84,529.49,2.36
Qua'an-Pan,Lowland,Maize,6.16,171.86,89.67,103.85,27.79,668.36,1.23
Qua'an-Pan,Lowland,Wheat,7.33,180.24,52.64,37.28,24.43,337.5,3.12
Qua'an-Pan,Lowland,Wheat,5.09,127.99,48.75,37.61,23.42,337.5,1.98
Qua'an-Pan,Lowland,Wheat,6.39,154.88,48.61,41.1,18.9,390.55,2.01
Qua'an-Pan,Lowland,Wheat,8.15,128.84,43.91,48.7,20.41,546.79,0.96
Qua'an-Pan,Lowland,Wheat,5.01,130.74,44.51,38.6,18.65,536.37,1.5
Qua'an-Pan,Lowland,Wheat,7.23,150.87,50.13,39.39,21.98,357.27,2.98
Qua'an-Pan,Lowland,Wheat,6.79,108.04,50.09,27.32,22.43,707.53,1.07
Qua'an-Pan,Lowland,Wheat,7.44,95.1,51.64,26.82,18.68,337.5,2.4
Qua'an-Pan,Lowland,Wheat,8.22,146.96,43.94,62.5,18.32,337.5,2.16
Qua'an-Pan,Lowland,Wheat,5.78,175.1,46.76,48.56,24.57,337.5,1.26
Qua'an-Pan,Lowland,Wheat,6.97,187.5,45.14,31.07,21.89,382.72,1.89
Qua'an-Pan,Lowland,Wheat,5.27,187.5,41.11,35.05,20.41,672.92,0.6
Qua'an-Pan,Lowland,Wheat,9.35,168.35,51.43,25.38,22.16,365.68,2.86
Qua'an-Pan,Lowland,Wheat,5.94,142.98,45.74,25.33,22.65,512.41,2.81
Qua'an-Pan,Lowland,Wheat,5.0,177.3,56.25,33.16,25.0,419.33,0.6
Qua'an-Pan,Lowland,Wheat,6.71,176.84,44.09,30.98,22.22,450.36,2.27
Qua'an-Pan,Lowland,Wheat,7.33,160.26,46.46,43.13,17.81,600.17,1.2
Qua'an-Pan,Lowland,Wheat,8.36,139.47,50.17,32.52,17.55,337.5,0.83
Qua'an-Pan,Lowland,Wheat,6.69,152.46,54.89,33.24,17.94,337.5,2.17
Qua'an-Pan,Lowland,Wheat,8.66,183.2,53.14,49.07,25.0,488.7,2.32
Qua'an-Pan,Lowland,Wheat,6.69,106.57,44.99,39.61,20.68,674.51,1.83
Qua'an-Pan,Lowland,Wheat,8.42,133.59,47.17,20.35,18.34,511.42,1.76
Qua'an-Pan,Lowland,Wheat,8.15,151.56,46.93,62.5,20.23,585.55,1.4
Qua'an-Pan,Lowland,Wheat,7.88,173.33,50.21,18.75,20.55,593.41,2.22
Qua'an-Pan,Lowland,Wheat,7.58,96.07,44.78,45.75,21.69,591.57,1.63
Qua'an-Pan,Lowland,Wheat,7.53,146.76,43.22,18.75,21.75,470.27,1.21
Qua'an-Pan,Lowland,Wheat,5.19,164.64,47.44,47.87,25.0,337.5,1.14
Qua'an-Pan,Lowland,Wheat,6.82,187.5,39.42,62.5,20.89,438.81,1.58
Qua'an-Pan,Lowland,Wheat,6.56,176.84,42.74,44.79,19.38,361.17,3.12
Qua'an-Pan,Lowland,Wheat,7.54,164.16,55.64,19.0,25.0,337.5,1.08
Qua'an-Pan,Lowland,Wheat,6.53,163.24,50.27,37.31,20.47,337.5,0.6
Qua'an-Pan,Lowland,Wheat,7.9,166.5,56.25,28.22,22.51,416.93,2.8
Qua'an-Pan,Lowland,Wheat,8.24,152.44,47.0,53.77,22.38,370.23,0.6
Qua'an-Pan,Lowland,Wheat,6.73,187.5,55.69,23.51,17.11,598.56,0.76
Qua'an-Pan,Lowland,Wheat,7.65,128.32,56.25,28.5,23.82,471.55,1.98
Qua'an-Pan,Lowland,Wheat,4.78,82.05,47.7,43.35,17.23,337.5,2.25
Qua'an-Pan,Lowland,Wheat,7.71,142.26,53.55,22.61,19.47,642.06,1.81
Qua'an-Pan,Lowland,Wheat,7.21,187.5,40.81,51.37,25.0,412.14,2.51
Qua'an-Pan,Lowland,Wheat,5.93,126.26,51.24,51.4,23.76,632.94,1.7
Qua'an-Pan,Lowland,Wheat,8.44,136.3,54.26,42.78,21.79,499.36,0.6
Qua'an-Pan,Lowland,Wheat,5.76,149.27,39.13,51.88,23.03,488.13,0.77
Qua'an-Pan,Lowland,Wheat,8.65,187.5,49.85,47.2,21.09,511.81,1.65
Qua'an-Pan,Lowland,Wheat,7.02,172.68,56.25,19.31,20.2,337.5,3.12
Qua'an-Pan,Lowland,Wheat,6.38,104.2,52.72,62.5,22.43,473.87,2.11
Qua'an-Pan,Lowland,Wheat,8.69,120.79,48.34,33.14,17.11,411.73,2.72
Qua'an-Pan,Lowland,Wheat,7.71,165.06,49.85,47.38,18.17,413.93,1.92
Qua'an-Pan,Lowland,Wheat,7.38,155.61,48.18,34.24,25.0,555.69,2.12
Qua'an-Pan,Lowland,Wheat,6.79,133.12,48.22,44.02,15.04,337.5,1.2
Qua'an-Pan,Lowland,Wheat,7.3,139.3,56.25,18.75,18.32,627.17,1.87
Qua'an-Pan,Lowland,Wheat,8.08,187.5,44.93,38.3,19.71,337.5,1.48
Qua'an-Pan,Lowland,Pineapple,6.58,308.41,71.2,143.2,25.46,972.12,0.58
Qua'an-Pan,Lowland,Pineapple,5.9,292.97,81.03,229.47,23.96,542.18,0.96
Qua'an-Pan,Lowland,Pineapple,5.49,267.64,75.83,179.25,27.12,886.47,0.62
Qua'an-Pan,Lowland,Pineapple,7.37,254.01,71.65,259.08,23.77,689.92,1.15
Qua'an-Pan,Lowland,Pineapple,6.9,279.26,55.43,228.47,29.78,546.18,0.33
Qua'an-Pan,Lowland,Pineapple,5.82,312.05,60.5,210.76,25.33,525.0,0.61
Qua'an-Pan,Lowland,Pineapple,5.63,274.98,50.49,82.5,25.79,907.09,1.19
Qua'an-Pan,Lowland,Pineapple,6.93,252.87,50.54,199.06,28.49,820.03,0.08
Qua'an-Pan,Lowland,Pineapple,4.56,285.06,69.67,216.39,27.34,807.89,0.78
Qua'an-Pan,Lowland,Pineapple,6.35,299.09,64.76,150.06,27.19,834.8,0.85
Qua'an-Pan,Lowland,Pineapple,6.0,341.26,67.08,125.68,29.07,525.0,0.38
Qua'an-Pan,Lowland,Pineapple,5.95,307.42,49.48,142.73,25.58,664.83,1.08
Qua'an-Pan,Lowland,Pineapple,6.38,285.49,57.63,82.5,30.33,853.62,0.51
Qua'an-Pan,Lowland,Pineapple,6.39,283.4,60.64,195.12,25.26,689.84,0.8
Qua'an-Pan,Lowland,Pineapple,4.98,313.68,81.25,118.93,23.1,525.0,0.7
Qua'an-Pan,Lowland,Pineapple,4.79,294.79,65.53,82.5,22.74,801.79,0.8
Qua'an-Pan,Lowland,Pineapple,5.07,218.42,69.48,248.71,27.65,601.69,0.77
Qua'an-Pan,Lowland,Pineapple,3.98,329.6,64.94,82.5,26.29,831.08,0.64
Qua'an-Pan,Lowland,Pineapple,5.24,236.14,70.59,125.71,21.94,685.03,1.1
Qua'an-Pan,Lowland,Pineapple,5.11,357.45,68.99,188.94,26.7,738.05,0.66
Qua'an-Pan,Lowland,Pineapple,5.21,308.02,53.08,98.34,24.37,1107.99,0.94
Qua'an-Pan,Lowland,Pineapple,5.91,242.97,71.25,159.78,27.5,579.09,0.81
Qua'an-Pan,Lowland,Pineapple,5.07,254.93,72.55,82.5,28.32,869.79,0.45
Qua'an-Pan,Lowland,Pineapple,4.61,277.14,67.28,157.46,28.02,1058.52,0.58
Qua'an-Pan,Lowland,Pineapple,3.58,320.1,81.25,192.4,24.45,728.32,0.36
Qua'an-Pan,Lowland,Pineapple,6.3,230.94,60.49,102.92,27.3,685.89,0.82
Qua'an-Pan,Lowland,Pineapple,5.59,245.87,71.3,164.12,24.68,1142.16,0.92
Qua'an-Pan,Lowland,Pineapple,5.38,344.23,81.25,157.94,27.81,577.1,0.7
Qua'an-Pan,Lowland,Pineapple,5.33,293.85,67.87,203.1,27.56,538.12,0.43
Qua'an-Pan,Lowland,Pineapple,4.93,274.72,76.24,92.76,26.16,916.78,0.65
Qua'an-Pan,Lowland,Pineapple,6.09,280.56,66.98,152.61,28.56,525.0,0.63
Qua'an-Pan,Lowland,Pineapple,5.9,308.13,81.25,142.2,30.47,634.67,1.22
Qua'an-Pan,Lowland,Pineapple,6.5,248.87,67.57,163.97,28.47,710.93,0.65
Qua'an-Pan,Lowland,Pineapple,7.14,282.24,73.62,152.81,30.91,631.29,0.54
Qua'an-Pan,Lowland,Pineapple,7.32,268.06,81.25,224.37,26.64,525.0,0.75
Qua'an-Pan,Lowland,Pineapple,5.68,334.08,81.25,123.37,28.88,883.95,1.13
Qua'an-Pan,Lowland,Pineapple,6.14,206.73,62.18,93.22,26.52,921.5,0.86
Qua'an-Pan,Lowland,Pineapple,6.89,300.27,48.86,82.5,27.35,712.56,0.41
Qua'an-Pan,Lowland,Pineapple,3.6,256.19,61.72,209.9,27.44,1031.41,0.39
Qua'an-Pan,Lowland,Pineapple,6.58,288.21,72.09,139.29,29.51,801.66,0.52
Qua'an-Pan,Lowland,Pineapple,5.55,276.47,69.69,91.68,26.93,819.18,0.77
Qua'an-Pan,Lowland,Pineapple,7.12,317.97,63.9,181.13,27.69,820.58,0.12
Qua'an-Pan,Lowland,Pineapple,5.21,225.49,78.89,163.35,26.55,906.94,0.9
Qua'an-Pan,Lowland,Pineapple,4.26,283.37,60.08,82.5,25.38,717.88,0.71
Qua'an-Pan,Lowland,Pineapple,3.85,333.44,62.8,169.65,27.94,612.09,0.91
Qua'an-Pan,Lowland,Pineapple,5.14,249.56,70.67,262.79,28.7,911.52,0.57
Qua'an-Pan,Lowland,Pineapple,3.72,347.3,81.25,266.06,26.21,547.94,0.38
Qua'an-Pan,Lowland,Pineapple,3.62,281.88,81.25,158.17,27.71,990.73,0.61
Qua'an-Pan,Lowland,Pineapple,7.91,367.85,62.46,130.26,28.64,689.18,0.35
Qua'an-Pan,Lowland,Pineapple,7.04,336.09,65.8,86.36,24.12,768.77,0.58
Qua'an-Pan,Lowland,Onion,6.36,125.0,52.53,92.87,17.62,310.0,1.55
Qua'an-Pan,Lowland,Onion,6.83,125.0,48.89,100.0,22.07,473.8,0.98
Qua'an-Pan,Lowland,Onion,6.57,122.54,56.25,79.63,20.26,510.53,0.3
Qua'an-Pan,Lowland,Onion,5.71,117.19,44.15,77.1,20.69,416.54,0.73
Qua'an-Pan,Lowland,Onion,6.9,124.49,56.25,100.0,21.21,381.92,0.35
Qua'an-Pan,Lowland,Onion,6.24,96.77,56.23,52.28,22.81,349.81,1.06
Qua'an-Pan,Lowland,Onion,6.71,92.15,38.99,33.75,19.78,294.06,0.88
Qua'an-Pan,Lowland,Onion,6.81,116.65,46.7,85.06,22.17,315.61,0.91
Qua'an-Pan,Lowland,Onion,6.75,114.67,56.25,89.05,18.93,338.11,1.51
Qua'an-Pan,Lowland,Onion,7.2,123.2,43.24,39.16,17.6,381.78,1.33
Qua'an-Pan,Lowland,Onion,5.91,102.32,51.35,41.26,23.71,306.0,1.81
Qua'an-Pan,Lowland,Onion,6.24,77.31,38.65,62.81,19.37,324.83,1.33
Qua'an-Pan,Lowland,Onion,6.46,99.73,24.07,72.74,20.24,537.68,0.66
Qua'an-Pan,Lowland,Onion,5.48,115.71,48.03,44.17,16.06,529.18,1.9
Qua'an-Pan,Lowland,Onion,5.08,90.58,56.25,55.03,19.07,317.04,0.57
Qua'an-Pan,Lowland,Onion,5.55,125.0,22.51,69.79,23.08,262.5,0.67
Qua'an-Pan,Lowland,Onion,7.28,113.72,36.79,89.28,24.0,381.36,0.68
Qua'an-Pan,Lowland,Onion,6.31,107.96,41.79,83.91,16.06,262.5,1.25
Qua'an-Pan,Lowland,Onion,6.27,86.64,23.38,65.15,20.35,426.16,1.19
Qua'an-Pan,Lowland,Onion,6.48,125.0,28.69,75.69,15.65,262.5,0.52
Qua'an-Pan,Lowland,Onion,7.03,99.75,43.83,42.16,19.63,262.5,1.36
Qua'an-Pan,Lowland,Onion,5.97,125.0,24.46,48.29,25.0,299.28,0.46
Qua'an-Pan,Lowland,Onion,6.69,90.18,34.25,42.39,25.0,320.68,0.3
Qua'an-Pan,Lowland,Onion,7.45,115.54,35.06,45.71,22.46,321.22,0.3
Qua'an-Pan,Lowland,Onion,7.62,91.15,56.25,90.83,17.59,470.42,0.81
Qua'an-Pan,Lowland,Onion,5.45,91.37,48.62,55.3,19.61,483.28,1.21
Qua'an-Pan,Lowland,Onion,6.06,117.67,46.29,33.75,21.74,395.67,1.17
Qua'an-Pan,Lowland,Onion,7.09,85.58,47.91,33.75,21.68,577.63,0.63
Qua'an-Pan,Lowland,Onion,6.11,84.7,45.5,43.06,21.72,448.7,1.44
Qua'an-Pan,Lowland,Onion,5.51,124.51,54.91,81.69,21.58,375.66,1.7
Qua'an-Pan,Lowland,Onion,7.7,79.03,56.25,62.99,20.12,262.5,1.01
Qua'an-Pan,Lowland,Onion,5.97,90.45,31.19,55.59,19.32,361.28,0.31
Qua'an-Pan,Lowland,Onion,5.7,109.73,34.7,86.67,21.15,420.72,1.9
Qua'an-Pan,Lowland,Onion,6.38,87.87,54.15,75.14,19.96,512.17,1.04
Qua'an-Pan,Lowland,Onion,6.58,101.77,33.1,66.33,24.56,401.86,1.17
Qua'an-Pan,Lowland,Onion,6.46,109.0,52.73,77.18,19.54,387.85,1.41
Qua'an-Pan,Lowland,Onion,5.96,105.21,18.8,74.59,22.42,437.13,0.95
Qua'an-Pan,Lowland,Onion,6.74,125.0,56.25,64.15,20.9,479.48,0.37
Qua'an-Pan,Lowland,Onion,6.37,125.0,55.36,72.28,16.13,344.18,0.84
Qua'an-Pan,Lowland,Onion,6.76,82.38,32.03,33.75,24.05,303.41,1.24
Qua'an-Pan,Lowland,Onion,6.56,76.36,29.31,44.23,18.4,392.73,0.74
Qua'an-Pan,Lowland,Onion,7.6,125.0,53.41,62.31,24.9,324.59,1.14
Qua'an-Pan,Lowland,Onion,6.66,117.66,51.41,55.05,18.95,424.58,1.53
Qua'an-Pan,Lowland,Onion,6.33,64.22,41.57,77.47,25.0,262.5,0.93
Qua'an-Pan,Lowland,Onion,6.33,125.0,43.58,46.23,22.12,302.84,0.51
Qua'an-Pan,Lowland,Onion,6.03,125.0,48.47,66.95,19.77,384.05,1.3
Qua'an-Pan,Lowland,Onion,6.73,103.96,54.12,65.22,17.66,278.62,0.3
Qua'an-Pan,Lowland,Onion,7.77,121.42,34.31,59.0,18.65,529.78,0.41
Qua'an-Pan,Lowland,Onion,6.63,98.74,53.63,62.62,15.39,320.73,0.64
Qua'an-Pan,Lowland,Onion,6.61,125.0,23.72,48.42,18.89,305.52,1.54
Shendam,Lowland,Irish-potato,4.68,119.85,44.35,168.71,20.72,300.0,1.5
Shendam,Lowland,Irish-potato,4.86,141.89,51.77,176.65,17.86,383.16,1.22
Shendam,Lowland,Irish-potato,5.25,61.57,75.0,90.0,15.6,383.5,1.3
Shendam,Lowland,Irish-potato,6.09,60.0,46.41,90.0,18.11,447.54,1.88
Shendam,Lowland,Irish-potato,4.92,141.84,65.51,133.79,13.07,448.13,0.3
Shendam,Lowland,Irish-potato,5.86,99.63,75.0,131.43,18.94,436.64,1.06
Shendam,Lowland,Irish-potato,4.47,119.04,39.09,93.14,22.35,527.25,1.12
Shendam,Lowland,Irish-potato,6.16,95.93,75.0,165.86,14.41,723.41,1.61
Shendam,Lowland,Irish-potato,4.72,130.75,48.23,200.17,9.63,300.0,1.6
Shendam,Lowland,Irish-potato,4.62,112.57,31.73,225.0,22.17,364.88,0.87
Shendam,Lowland,Irish-potato,5.65,150.0,71.99,225.0,14.77,300.0,0.46
Shendam,Lowland,Irish-potato,5.18,111.45,52.64,199.12,22.31,300.0,0.77
Shendam,Lowland,Irish-potato,5.48,88.93,41.33,210.11,13.49,347.22,1.26
Shendam,Lowland,Irish-potato,4.36,132.71,45.34,225.0,17.56,517.47,1.48
Shendam,Lowland,Irish-potato,4.32,60.0,61.61,160.43,19.95,360.36,0.86
Shendam,Lowland,Irish-potato,6.44,60.0,68.14,126.47,16.82,344.51,0.67
Shendam,Lowland,Irish-potato,5.28,150.0,63.52,162.07,14.55,490.44,1.88
Shendam,Lowland,Irish-potato,4.52,92.14,45.48,130.94,8.39,470.88,0.64
Shendam,Lowland,Irish-potato,3.53,131.66,36.36,138.86,23.13,300.0,0.28
Shendam,Lowland,Irish-potato,5.04,145.53,30.0,178.04,20.03,300.0,1.51
Shendam,Lowland,Irish-potato,5.53,94.39,75.0,216.3,18.36,321.0,0.58
Shendam,Lowland,Irish-potato,4.79,125.24,49.62,90.0,22.44,433.29,0.89
Shendam,Lowland,Irish-potato,5.51,150.0,30.0,179.44,13.01,487.34,1.15
Shendam,Lowland,Irish-potato,5.33,87.83,30.0,132.99,19.42,577.69,0.47
Shendam,Lowland,Irish-potato,5.65,82.63,61.64,129.87,18.64,556.08,0.44
Shendam,Lowland,Irish-potato,4.27,111.78,75.0,111.32,25.0,750.0,1.04
Shendam,Lowland,Irish-potato,4.58,81.08,54.1,90.0,17.73,661.95,0.77
Shendam,Lowland,Irish-potato,4.63,60.0,61.84,170.52,18.22,362.06,0.93
Shendam,Lowland,Irish-potato,5.23,104.29,60.81,167.93,21.93,518.47,1.19
Shendam,Lowland,Irish-potato,6.04,120.01,75.0,188.5,11.55,628.35,1.16
Shendam,Lowland,Irish-potato,4.78,115.15,49.26,168.56,15.93,623.0,1.03
Shendam,Lowland,Irish-potato,4.51,72.93,60.0,166.46,19.36,300.0,0.25
Shendam,Lowland,Irish-potato,5.33,150.0,37.34,225.0,18.99,398.76,0.88
Shendam,Lowland,Irish-potato,3.71,139.87,41.72,115.7,21.47,300.0,0.29
Shendam,Lowland,Irish-potato,4.81,115.57,63.78,140.79,25.0,360.12,0.97
Shendam,Lowland,Irish-potato,4.18,109.64,66.06,219.83,12.79,356.95,1.32
Shendam,Lowland,Irish-potato,5.29,105.53,64.79,114.17,23.45,573.71,0.38
Shendam,Lowland,Irish-potato,3.96,68.66,67.16,90.0,16.84,479.57,1.05
Shendam,Lowland,Irish-potato,5.03,68.0,65.71,124.45,16.86,441.6,1.14
Shendam,Lowland,Irish-potato,4.84,79.03,50.05,156.75,13.19,319.06,1.29
Shendam,Lowland,Irish-potato,3.79,145.78,75.0,91.27,22.75,374.87,1.31
Shendam,Lowland,Irish-potato,4.42,137.61,62.4,113.9,13.92,300.0,1.19
Shendam,Lowland,Irish-potato,5.28,128.09,53.23,95.9,15.61,601.66,0.83
Shendam,Lowland,Irish-potato,4.94,67.65,61.19,132.61,21.66,535.37,0.83
Shendam,Lowland,Irish-potato,4.72,86.01,30.46,111.62,18.69,456.92,1.17
Shendam,Lowland,Irish-potato,4.58,137.96,56.41,193.56,11.79,300.0,1.24
Shendam,Lowland,Irish-potato,3.67,97.87,50.01,225.0,19.4,429.03,1.53
Shendam,Lowland,Irish-potato,5.12,89.28,74.05,98.38,19.13,300.0,1.19
Shendam,Lowland,Irish-potato,4.98,150.0,30.0,125.09,20.88,458.68,1.18
Shendam,Lowland,Irish-potato,4.05,84.62,75.0,153.93,19.31,379.84,0.47
Shendam,Lowland,Tomato,7.22,144.97,137.5,159.36,27.87,300.0,1.4
Shendam,Lowland,Tomato,7.27,75.0,87.42,180.42,21.63,444.9,2.07
Shendam,Lowland,Tomato,5.99,136.29,95.8,206.72,20.04,529.19,1.49
Shendam,Lowland,Tomato,6.6,106.79,80.74,198.44,18.22,300.0,0.87
Shendam,Lowland,Tomato,6.75,111.26,66.05,168.72,22.64,358.76,2.5
Shendam,Lowland,Tomato,7.36,160.18,123.47,160.14,19.49,300.0,2.22
Shendam,Lowland,Tomato,5.51,93.82,81.48,195.53,25.6,429.25,0.71
Shendam,Lowland,Tomato,6.93,111.67,88.69,238.61,21.87,333.64,1.7
Shendam,Lowland,Tomato,5.15,119.08,107.39,300.0,26.98,455.09,1.66
Shendam,Lowland,Tomato,4.9,133.67,92.02,221.61,24.98,444.25,1.07
Shendam,Lowland,Tomato,6.21,94.5,84.4,271.38,25.81,397.56,2.5
Shendam,Lowland,Tomato,4.57,97.96,137.5,208.78,23.51,300.0,1.6
Shendam,Lowland,Tomato,6.77,98.39,89.11,191.02,25.55,300.0,2.16
Shendam,Lowland,Tomato,7.2,119.71,87.12,200.29,21.31,348.32,1.1
Shendam,Lowland,Tomato,8.0,157.9,117.33,223.86,19.92,395.16,1.97
Shendam,Lowland,Tomato,4.69,148.86,137.5,256.07,30.29,425.45,1.96
Shendam,Lowland,Tomato,5.31,153.51,109.97,220.13,29.89,337.2,1.16
Shendam,Lowland,Tomato,6.25,100.28,98.75,126.62,28.79,405.44,0.92
Shendam,Lowland,Tomato,5.18,123.46,110.86,232.14,21.61,301.39,1.75
Shendam,Lowland,Tomato,5.31,132.05,96.05,221.17,28.01,300.0,0.38
Shendam,Lowland,Tomato,5.49,182.83,137.5,291.88,23.71,300.0,0.38
Shendam,Lowland,Tomato,5.43,124.53,126.94,247.04,25.43,300.0,0.61
Shendam,Lowland,Tomato,6.44,150.62,103.08,158.48,27.16,449.64,0.54
Shendam,Lowland,Tomato,5.24,150.37,86.64,280.61,26.55,343.28,1.28
Shendam,Lowland,Tomato,6.21,109.07,68.84,239.29,27.96,470.37,2.35
Shendam,Lowland,Tomato,5.52,179.12,69.15,159.5,17.29,348.04,0.93
Shendam,Lowland,Tomato,6.75,137.41,61.48,188.36,22.98,300.0,0.6
Shendam,Lowland,Tomato,5.25,172.1,97.82,237.46,18.36,539.19,2.2
Shendam,Lowland,Tomato,3.83,109.74,105.81,236.64,21.72,364.39,0.87
Shendam,Lowland,Tomato,6.27,165.21,72.56,253.23,21.3,301.21,1.86
Shendam,Lowland,Tomato,7.21,155.12,58.26,184.95,27.87,404.84,0.54
Shendam,Lowland,Tomato,6.67,109.46,137.5,278.55,26.97,558.63,1.33
Shendam,Lowland,Tomato,7.03,173.38,99.24,194.76,17.52,390.31,1.86
Shendam,Lowland,Tomato,7.23,145.01,78.59,120.0,22.47,364.53,1.07
Shendam,Lowland,Tomato,6.86,187.5,96.04,196.55,23.44,414.5,0.71
Shendam,Lowland,Tomato,6.28,143.45,98.3,227.94,26.28,300.0,1.73
Shendam,Lowland,Tomato,5.37,98.35,63.81,226.82,23.59,300.0,1.62
Shendam,Lowland,Tomato,4.48,134.38,99.06,247.86,31.25,300.0,1.25
Shendam,Lowland,Tomato,5.82,142.95,98.46,190.23,22.69,300.0,1.98
Shendam,Lowland,Tomato,6.67,157.06,84.65,176.06,20.08,441.83,0.56
Shendam,Lowland,Tomato,8.28,92.18,99.98,279.58,26.95,420.47,0.61
Shendam,Lowland,Tomato,4.55,152.75,132.33,186.21,19.84,300.0,0.6
Shendam,Lowland,Tomato,6.01,176.92,110.47,220.84,22.86,332.03,2.27
Shendam,Lowland,Tomato,6.37,75.0,75.12,166.69,22.26,465.61,1.21
Shendam,Lowland,Tomato,6.05,168.6,74.51,293.42,21.75,410.4,1.09
Shendam,Lowland,Tomato,6.28,143.26,104.19,171.58,19.9,691.74,0.95
Shendam,Lowland,Tomato,6.95,83.43,85.46,200.72,26.44,300.0,1.4
Shendam,Lowland,Tomato,4.81,139.76,65.59,166.82,23.38,300.0,0.95
Shendam,Lowland,Tomato,4.76,76.86,119.52,146.31,23.77,487.75,0.86
Shendam,Lowland,Tomato,5.19,136.9,122.14,152.21,23.89,300.0,1.01
Shendam,Lowland,Groundnut,6.66,15.31,26.13,26.82,28.27,623.04,0.5
Shendam,Lowland,Groundnut,6.27,23.24,50.0,26.07,27.41,533.0,0.85
Shendam,Lowland,Groundnut,5.17,23.23,50.0,40.16,24.39,440.2,1.5
Shendam,Lowland,Groundnut,7.18,24.04,38.0,33.35,27.3,490.92,1.08
Shendam,Lowland,Groundnut,7.54,25.0,12.08,41.1,30.58,572.13,0.67
Shendam,Lowland,Groundnut,8.38,12.84,16.99,41.18,35.0,402.54,0.79
Shendam,Lowland,Groundnut,7.28,20.2,27.91,44.09,28.95,620.1,1.34
Shendam,Lowland,Groundnut,6.82,22.01,35.92,43.42,28.19,499.93,1.31
Shendam,Lowland,Groundnut,7.54,11.49,32.94,33.11,26.91,546.91,1.12
Shendam,Lowland,Groundnut,6.57,9.12,18.71,46.98,18.41,638.39,1.07
Shendam,Lowland,Groundnut,7.42,19.14,11.25,42.9,32.46,607.78,0.66
Shendam,Lowland,Groundnut,6.69,17.19,20.84,47.5,23.81,395.83,0.5
Shendam,Lowland,Groundnut,5.76,21.16,49.75,37.52,22.73,597.9,1.48
Shendam,Lowland,Groundnut,6.26,17.5,40.32,50.0,26.18,375.0,1.11
Shendam,Lowland,Groundnut,7.12,20.34,24.65,47.84,29.85,410.44,0.9
Shendam,Lowland,Groundnut,5.84,24.31,28.97,35.33,27.88,504.7,1.2
Shendam,Lowland,Groundnut,6.99,19.39,43.94,42.65,26.51,485.46,0.84
Shendam,Lowland,Groundnut,6.94,18.16,27.1,50.0,31.29,411.35,1.09
Shendam,Lowland,Groundnut,6.71,22.59,34.8,49.55,29.21,492.76,1.25
Shendam,Lowland,Groundnut,6.78,21.01,37.38,38.32,28.03,431.62,0.62
Shendam,Lowland,Groundnut,6.05,12.17,19.96,37.61,28.36,468.38,0.15
Shendam,Lowland,Groundnut,7.58,25.0,39.3,50.0,24.58,720.0,0.55
Shendam,Lowland,Groundnut,6.78,12.86,33.01,42.52,27.46,583.2,0.92
Shendam,Lowland,Groundnut,6.33,16.99,44.63,33.42,31.2,642.51,0.3
Shendam,Lowland,Groundnut,7.32,25.0,36.48,44.38,31.63,467.89,0.95
Shendam,Lowland,Groundnut,5.86,21.11,40.07,43.66,31.73,409.7,0.7
Shendam,Lowland,Groundnut,7.77,19.42,35.72,38.55,25.12,689.22,0.7
Shendam,Lowland,Groundnut,5.97,17.67,11.25,33.44,24.61,571.96,0.65
Shendam,Lowland,Groundnut,7.17,25.0,44.2,37.25,28.49,375.0,0.84
Shendam,Lowland,Groundnut,6.13,24.36,50.0,43.51,21.03,457.9,0.93
Shendam,Lowland,Groundnut,6.69,16.03,36.38,28.27,24.69,575.27,0.53
Shendam,Lowland,Groundnut,6.96,12.3,50.0,32.36,27.22,538.53,0.69
Shendam,Lowland,Groundnut,6.73,23.66,46.82,46.06,27.4,482.91,1.5
Shendam,Lowland,Groundnut,7.21,14.91,34.26,36.21,27.53,375.0,0.74
Shendam,Lowland,Groundnut,7.72,23.69,11.25,49.79,31.81,458.13,1.14
Shendam,Lowland,Groundnut,6.13,17.55,50.0,36.76,21.46,492.62,0.86
Shendam,Lowland,Groundnut,7.35,20.39,26.64,48.28,28.42,412.58,1.29
Shendam,Lowland,Groundnut,6.76,20.32,35.39,29.77,26.15,500.42,0.82
Shendam,Lowland,Groundnut,7.4,21.57,45.27,39.22,31.7,546.33,0.89
Shendam,Lowland,Groundnut,6.63,14.72,40.2,38.79,26.24,628.96,0.45
Shendam,Lowland,Groundnut,6.39,25.0,37.4,38.72,28.88,520.91,0.36
Shendam,Lowland,Groundnut,6.43,25.0,23.17,36.35,26.1,489.86,0.68
Shendam,Lowland,Groundnut,6.93,21.46,44.09,29.94,26.81,473.69,1.05
Shendam,Lowland,Groundnut,6.17,25.0,50.0,30.49,26.28,438.0,1.5
Shendam,Lowland,Groundnut,6.39,25.0,14.31,30.48,25.6,401.43,0.79
Shendam,Lowland,Groundnut,6.22,15.51,49.7,49.85,31.32,561.07,0.92
Shendam,Lowland,Groundnut,6.35,14.73,38.09,28.87,24.52,634.37,1.5
Shendam,Lowland,Groundnut,6.88,25.0,29.21,27.43,30.14,566.35,0.91
Shendam,Lowland,Groundnut,6.5,25.0,18.41,32.37,24.47,509.9,0.51
Shendam,Lowland,Groundnut,6.23,16.18,28.99,26.12,28.31,645.37,0.93
Shendam,Lowland,Pepper,7.74,194.93,54.15,86.1,25.62,1114.52,1.21
Shendam,Lowland,Pepper,4.74,160.45,26.29,58.88,25.5,788.94,0.5
Shendam,Lowland,Pepper,6.54,179.87,26.33,117.54,17.31,1562.5,1.2
Shendam,Lowland,Pepper,6.52,75.0,41.89,90.14,25.05,611.56,0.82
Shendam,Lowland,Pepper,7.38,141.56,62.5,70.32,23.22,1134.15,0.45
Shendam,Lowland,Pepper,5.33,185.24,25.69,41.25,33.75,450.0,1.62
Shendam,Lowland,Pepper,6.45,75.0,38.9,95.91,27.36,1167.48,1.22
Shendam,Lowland,Pepper,7.02,112.07,22.21,50.07,17.82,1207.68,0.45
Shendam,Lowland,Pepper,6.63,129.41,41.3,119.93,23.2,1056.83,1.51
Shendam,Lowland,Pepper,6.26,212.5,21.76,117.98,28.95,643.24,2.5
Shendam,Lowland,Pepper,4.77,118.94,25.16,94.96,19.66,989.15,1.36
Shendam,Lowland,Pepper,5.97,156.22,38.88,55.56,33.75,640.34,0.45
Shendam,Lowland,Pepper,5.65,88.41,54.85,92.58,27.59,684.74,1.29
Shendam,Lowland,Pepper,6.07,136.98,54.99,92.96,28.13,1014.36,2.11
Shendam,Lowland,Pepper,6.64,155.0,60.15,66.68,21.01,450.0,1.62
Shendam,Lowland,Pepper,4.77,159.23,41.2,113.92,21.97,747.93,2.27
Shendam,Lowland,Pepper,7.6,112.45,45.45,91.87,27.46,725.47,2.38
Shendam,Lowland,Pepper,4.74,123.06,49.33,96.14,32.6,1279.19,1.29
Shendam,Lowland,Pepper,7.53,111.06,56.38,125.0,31.88,865.09,1.26
Shendam,Lowland,Pepper,5.05,153.02,26.52,63.32,19.25,650.49,1.47
Shendam,Lowland,Pepper,6.63,115.71,58.4,78.67,21.36,910.78,2.5
Shendam,Lowland,Pepper,6.68,125.44,20.5,78.38,26.73,678.09,0.45
Shendam,Lowland,Pepper,5.65,199.87,62.5,60.86,29.03,450.0,2.47
Shendam,Lowland,Pepper,6.61,179.19,18.75,101.93,25.46,1147.92,2.13
Shendam,Lowland,Pepper,6.45,115.7,54.18,82.56,20.92,476.22,0.45
Shendam,Lowland,Pepper,5.95,185.46,45.39,70.23,29.73,509.45,1.55
Shendam,Lowland,Pepper,6.23,172.21,19.78,61.82,16.9,726.6,2.34
Shendam,Lowland,Pepper,5.95,119.39,55.52,112.19,25.04,1084.54,0.73
Shendam,Lowland,Pepper,7.6,212.5,50.4,41.25,22.57,1057.29,1.19
Shendam,Lowland,Pepper,7.5,164.39,32.49,84.99,20.81,755.79,1.1
Shendam,Lowland,Pepper,7.42,212.5,21.91,41.25,24.21,450.0,1.52
Shendam,Lowland,Pepper,7.05,201.49,45.74,79.07,15.11,834.93,1.54
Shendam,Lowland,Pepper,6.95,111.29,36.45,45.34,13.5,450.0,0.45
Shendam,Lowland,Pepper,6.69,119.08,34.94,58.3,13.5,1396.73,0.79
Shendam,Lowland,Pepper,6.03,80.72,56.98,87.9,21.16,676.33,2.5
Shendam,Lowland,Pepper,6.33,132.86,29.06,41.25,24.66,948.38,2.26
Shendam,Lowland,Pepper,4.42,94.23,34.32,84.05,24.74,778.87,1.77
Shendam,Lowland,Pepper,5.6,178.55,49.12,75.74,33.75,1414.96,2.14
Shendam,Lowland,Pepper,4.12,204.96,54.4,125.0,32.0,1423.27,2.1
Shendam,Lowland,Pepper,7.57,212.5,45.96,42.87,23.89,972.81,1.54
Shendam,Lowland,Pepper,5.3,75.0,31.98,105.34,33.75,1172.42,2.23
Shendam,Lowland,Pepper,6.32,75.0,36.15,77.35,22.89,845.73,1.8
Shendam,Lowland,Pepper,7.14,128.91,18.75,71.46,25.73,1288.51,1.09
Shendam,Lowland,Pepper,6.84,152.18,43.44,108.57,22.03,606.98,1.48
Shendam,Lowland,Pepper,5.83,161.1,32.39,90.08,24.97,906.47,1.17
Shendam,Lowland,Pepper,6.09,144.23,45.75,84.03,33.75,450.0,1.44
Shendam,Lowland,Pepper,5.01,155.54,26.52,76.83,23.55,931.47,1.1
Shendam,Lowland,Pepper,5.87,199.1,46.95,69.41,24.18,1448.67,1.32
Shendam,Lowland,Pepper,5.79,112.25,34.78,68.53,18.78,450.0,0.91
Shendam,Lowland,Pepper,6.91,124.69,39.77,117.48,32.3,718.06,1.05
Shendam,Lowland,Cabbage,6.13,150.5,61.01,114.88,13.36,286.12,1.12
Shendam,Lowland,Cabbage,5.86,159.31,58.13,119.02,9.1,339.13,0.85
Shendam,Lowland,Cabbage,6.61,173.21,64.35,107.73,14.2,381.66,1.53
Shendam,Lowland,Cabbage,6.81,150.38,68.13,146.47,7.5,386.71,1.4
Shendam,Lowland,Cabbage,5.85,104.48,55.35,108.89,16.07,356.98,1.35
Shendam,Lowland,Cabbage,7.29,105.88,55.41,144.67,25.27,345.8,1.19
Shendam,Lowland,Cabbage,6.62,145.6,59.86,126.34,7.68,291.86,0.7
Shendam,Lowland,Cabbage,6.42,103.29,58.13,95.14,24.47,334.22,0.27
Shendam,Lowland,Cabbage,6.14,140.12,58.05,109.44,19.39,364.05,0.38
Shendam,Lowland,Cabbage,6.97,106.97,62.64,121.02,15.7,285.0,0.87
Shendam,Lowland,Cabbage,7.61,90.6,77.6,117.09,20.29,285.0,0.66
Shendam,Lowland,Cabbage,6.34,99.81,60.97,114.52,30.0,285.0,1.03
Shendam,Lowland,Cabbage,6.79,99.1,68.81,114.67,7.5,386.19,0.52
Shendam,Lowland,Cabbage,6.02,150.36,59.76,137.7,29.87,294.86,1.32
Shendam,Lowland,Cabbage,6.19,187.5,56.73,139.6,26.88,362.13,0.71
Shendam,Lowland,Cabbage,6.55,75.0,64.76,127.76,21.09,285.0,0.46
Shendam,Lowland,Cabbage,6.2,138.81,65.33,118.66,25.18,285.0,1.24
Shendam,Lowland,Cabbage,6.92,141.31,61.2,153.68,24.02,285.0,1.09
Shendam,Lowland,Cabbage,7.09,113.16,72.33,128.32,7.5,360.98,0.82
Shendam,Lowland,Cabbage,6.96,157.83,64.5,150.78,18.54,383.74,1.33
Shendam,Lowland,Cabbage,6.58,153.01,57.59,114.24,9.3,356.9,1.12
Shendam,Lowland,Cabbage,7.34,153.37,60.31,101.02,23.53,417.75,1.3
Shendam,Lowland,Cabbage,7.29,124.12,58.71,108.74,19.54,334.5,1.07
Shendam,Lowland,Cabbage,6.56,126.41,56.0,138.12,20.62,327.79,0.67
Shendam,Lowland,Cabbage,5.85,168.44,67.65,93.22,26.22,404.57,1.04
Shendam,Lowland,Cabbage,7.59,136.62,50.4,128.03,22.0,297.77,1.23
Shendam,Lowland,Cabbage,5.65,159.18,55.11,104.4,19.07,370.31,1.06
Shendam,Lowland,Cabbage,6.2,115.55,52.88,117.71,28.77,339.7,1.35
Shendam,Lowland,Cabbage,7.51,113.16,61.16,159.63,30.0,285.0,1.15
Shendam,Lowland,Cabbage,6.64,154.4,56.28,106.95,14.49,299.97,1.33
Shendam,Lowland,Cabbage,5.94,112.15,47.14,139.26,30.0,317.1,0.86
Shendam,Lowland,Cabbage,6.91,173.29,66.37,109.43,7.5,285.0,1.02
Shendam,Lowland,Cabbage,6.25,135.99,57.96,103.12,10.4,449.36,1.36
Shendam,Lowland,Cabbage,7.67,146.04,59.03,144.8,19.73,355.46,0.97
Shendam,Lowland,Cabbage,4.89,177.09,67.09,127.41,19.5,351.44,0.74
Shendam,Lowland,Cabbage,7.01,92.19,64.43,131.47,18.38,365.96,0.57
Shendam,Lowland,Cabbage,6.07,137.2,68.73,88.83,24.26,301.98,0.91
Shendam,Lowland,Cabbage,5.84,105.47,71.25,122.21,16.88,331.85,1.19
Shendam,Lowland,Cabbage,6.9,128.11,72.36,138.62,23.37,343.82,1.26
Shendam,Lowland,Cabbage,6.83,161.23,70.67,103.82,11.14,290.91,1.4
Shendam,Lowland,Cabbage,5.7,141.81,65.97,141.99,21.47,285.0,0.58
Shendam,Lowland,Cabbage,5.94,114.62,61.2,101.24,30.0,285.0,1.55
Shendam,Lowland,Cabbage,7.35,156.49,56.73,127.63,9.58,403.76,0.96
Shendam,Lowland,Cabbage,6.4,94.62,41.12,103.46,29.07,311.8,0.92
Shendam,Lowland,Cabbage,7.03,182.95,74.39,104.62,7.5,505.17,1.62
Shendam,Lowland,Cabbage,6.75,93.26,71.23,119.75,19.08,402.61,1.13
Shendam,Lowland,Cabbage,5.94,120.83,68.58,130.57,22.14,405.34,0.84
Shendam,Lowland,Cabbage,6.75,75.0,58.86,135.01,16.82,307.36,0.55
Shendam,Lowland,Cabbage,7.24,146.29,70.02,91.43,18.69,320.39,0.87
Shendam,Lowland,Cabbage,6.28,120.21,70.23,88.16,30.0,373.87,0.97
Shendam,Lowland,Maize,7.69,137.97,58.66,83.81,33.36,541.86,1.6
Shendam,Lowland,Maize,5.96,194.5,99.65,109.88,26.62,668.21,1.69
Shendam,Lowland,Maize,7.23,212.72,89.63,83.67,29.99,482.96,0.64
Shendam,Lowland,Maize,6.33,178.08,41.22,106.72,15.0,1000.0,2.34
Shendam,Lowland,Maize,6.34,180.58,75.6,72.88,27.9,524.8,1.22
Shendam,Lowland,Maize,6.85,142.01,70.99,90.45,27.6,512.23,2.08
Shendam,Lowland,Maize,6.23,186.93,93.0,84.79,28.0,533.13,2.15
Shendam,Lowland,Maize,6.34,217.72,68.48,66.57,30.16,496.68,1.72
Shendam,Lowland,Maize,4.12,180.45,62.25,61.82,24.42,449.6,1.25
Shendam,Lowland,Maize,5.06,189.52,94.21,93.2,30.77,741.55,2.15
Shendam,Lowland,Maize,8.8,165.75,57.72,104.93,30.3,685.74,2.5
Shendam,Lowland,Maize,6.65,192.73,53.14,125.0,25.43,496.06,1.04
Shendam,Lowland,Maize,5.9,159.04,61.13,54.75,23.34,891.07,1.8
Shendam,Lowland,Maize,7.71,214.62,100.0,45.29,21.27,409.35,0.96
Shendam,Lowland,Maize,6.29,167.27,74.13,87.46,23.64,375.0,0.59
Shendam,Lowland,Maize,6.01,173.1,50.53,75.18,21.74,527.98,0.54
Shendam,Lowland,Maize,5.66,142.15,67.61,66.41,31.22,621.02,1.24
Shendam,Lowland,Maize,5.72,191.4,82.38,89.97,34.47,630.44,1.93
Shendam,Lowland,Maize,6.8,200.0,56.35,75.94,28.63,609.87,1.64
Shendam,Lowland,Maize,7.91,138.76,53.24,92.0,23.63,1000.0,1.65
Shendam,Lowland,Maize,6.55,165.27,61.89,87.34,27.52,470.08,1.1
Shendam,Lowland,Maize,8.19,220.67,74.71,55.33,29.51,822.0,2.25
Shendam,Lowland,Maize,7.49,221.77,71.23,101.3,23.83,601.15,2.22
Shendam,Lowland,Maize,5.96,155.19,72.0,81.35,30.02,470.68,2.49
Shendam,Lowland,Maize,5.15,216.85,56.91,45.0,28.11,505.44,0.51
Shendam,Lowland,Maize,4.7,180.06,87.37,100.29,27.26,633.8,1.27
Shendam,Lowland,Maize,4.99,138.88,66.74,82.89,30.96,682.53,1.71
Shendam,Lowland,Maize,6.32,140.05,77.51,98.9,15.88,403.99,0.8
Shendam,Lowland,Maize,6.78,156.88,69.63,81.72,26.26,424.63,0.84
Shendam,Lowland,Maize,5.39,191.38,80.29,68.65,34.08,494.94,2.36
Shendam,Lowland,Maize,5.9,121.22,77.34,92.44,27.16,437.61,1.26
Shendam,Lowland,Maize,6.05,171.49,85.03,90.94,29.84,509.42,1.05
Shendam,Lowland,Maize,5.31,169.51,37.5,72.86,26.62,648.64,1.1
Shendam,Lowland,Maize,7.04,116.75,69.3,47.43,21.38,517.25,2.18
Shendam,Lowland,Maize,7.07,180.83,69.96,69.98,24.47,624.79,0.32
Shendam,Lowland,Maize,7.33,168.97,84.74,109.08,19.21,448.22,0.69
Shendam,Lowland,Maize,4.55,150.2,100.0,100.87,35.0,695.09,0.77
Shendam,Lowland,Maize,6.2,197.46,77.95,73.16,19.97,1000.0,1.19
Shendam,Lowland,Maize,6.27,183.61,66.05,89.5,32.99,528.2,0.47
Shendam,Lowland,Maize,6.46,166.76,95.22,113.98,27.5,375.0,0.43
Shendam,Lowland,Maize,6.66,190.11,63.74,75.43,24.24,545.91,0.3
Shendam,Lowland,Maize,5.37,162.02,91.43,67.64,27.84,589.64,2.2
Shendam,Lowland,Maize,8.1,178.63,61.98,71.14,25.88,474.04,1.67
Shendam,Lowland,Maize,7.13,197.56,92.33,125.0,27.58,742.41,1.04
Shendam,Lowland,Maize,8.01,211.25,87.94,88.83,23.89,375.0,1.26
Shendam,Lowland,Maize,8.41,171.27,84.04,106.34,25.68,780.36,0.3
Shendam,Lowland,Maize,5.23,153.61,55.95,94.49,28.35,618.95,1.7
Shendam,Lowland,Maize,5.54,144.79,77.23,71.93,19.69,719.99,2.26
Shendam,Lowland,Maize,8.44,185.75,81.25,118.62,24.01,744.37,1.48
Shendam,Lowland,Maize,7.7,185.73,92.98,91.86,20.09,804.09,0.62
Shendam,Lowland,Wheat,8.59,127.67,52.17,60.7,21.75,509.27,2.16
Shendam,Lowland,Wheat,4.82,133.75,38.77,46.64,17.18,337.5,3.12
Shendam,Lowland,Wheat,8.38,130.18,46.38,40.52,22.16,371.21,2.66
Shendam,Lowland,Wheat,6.85,118.06,45.42,35.51,21.45,387.37,2.2
Shendam,Lowland,Wheat,8.55,109.33,44.53,50.87,19.23,504.12,2.27
Shendam,Lowland,Wheat,8.39,112.63,39.79,39.65,17.69,515.79,0.77
Shendam,Lowland,Wheat,9.84,168.08,45.37,56.8,15.75,744.1,1.27
Shendam,Lowland,Wheat,7.0,76.19,48.14,27.99,20.8,386.56,0.84
Shendam,Lowland,Wheat,6.21,136.88,37.81,33.21,22.43,753.32,2.21
Shendam,Lowland,Wheat,6.08,119.6,45.48,39.04,23.12,475.35,2.58
Shendam,Lowland,Wheat,6.78,168.95,44.32,29.96,25.0,337.5,1.14
Shendam,Lowland,Wheat,6.42,187.5,55.86,62.5,19.54,732.77,2.11
Shendam,Lowland,Wheat,8.27,135.54,45.01,40.46,19.89,520.92,2.11
Shendam,Lowland,Wheat,7.11,174.31,27.96,51.58,22.59,583.68,1.73
Shendam,Lowland,Wheat,7.38,159.05,54.01,39.75,21.28,645.64,0.6
Shendam,Lowland,Wheat,6.34,173.04,51.68,51.76,19.2,347.22,1.27
Shendam,Lowland,Wheat,8.93,111.98,45.89,33.14,22.95,387.21,1.7
Shendam,Lowland,Wheat,5.2,83.26,45.34,24.8,25.0,337.5,1.09
Shendam,Lowland,Wheat,7.16,119.66,38.84,30.16,17.62,416.58,3.12
Shendam,Lowland,Wheat,7.23,164.79,48.26,60.4,12.37,414.52,2.93
Shendam,Lowland,Wheat,6.48,181.69,53.97,37.29,19.04,337.5,1.24
Shendam,Lowland,Wheat,5.72,142.8,36.79,52.95,22.32,337.5,3.12
Shendam,Lowland,Wheat,7.73,152.16,40.86,53.22,23.77,438.51,3.12
Shendam,Lowland,Wheat,7.19,163.56,47.01,52.68,15.64,493.25,1.14
Shendam,Lowland,Wheat,6.16,181.15,44.05,29.5,19.46,337.5,3.04
Shendam,Lowland,Wheat,6.34,145.73,53.22,36.84,22.05,337.5,3.12
Shendam,Lowland,Wheat,8.22,124.69,40.78,42.48,19.51,677.62,0.72
Shendam,Lowland,Wheat,7.3,129.77,44.61,42.55,20.16,551.76,2.32
Shendam,Lowland,Wheat,7.63,75.0,47.05,19.97,22.38,621.85,0.98
Shendam,Lowland,Wheat,6.84,112.83,52.52,45.53,25.0,498.22,2.0
Shendam,Lowland,Wheat,7.22,154.15,35.14,45.38,20.3,534.55,1.62
Shendam,Lowland,Wheat,5.94,130.52,38.97,18.75,22.61,517.49,2.2
Shendam,Lowland,Wheat,8.65,110.91,36.93,43.12,19.49,351.83,1.72
Shendam,Lowland,Wheat,6.44,76.77,42.72,27.55,21.17,373.54,2.76
Shendam,Lowland,Wheat,8.99,150.11,36.23,62.5,25.0,452.19,2.94
Shendam,Lowland,Wheat,6.5,75.89,40.85,62.5,16.17,449.94,1.82
Shendam,Lowland,Wheat,6.55,117.37,45.72,35.93,16.37,475.06,2.73
Shendam,Lowland,Wheat,8.15,106.69,37.98,39.99,25.0,525.24,2.4
Shendam,Lowland,Wheat,8.17,142.57,46.0,53.81,18.91,337.5,2.42
Shendam,Lowland,Wheat,8.57,97.7,50.1,62.5,20.49,354.66,1.9
Shendam,Lowland,Wheat,6.51,112.32,47.83,20.73,16.31,452.25,1.77
Shendam,Lowland,Wheat,7.54,184.97,45.91,52.87,17.67,539.5,1.33
Shendam,Lowland,Wheat,7.22,127.13,51.33,25.02,13.87,425.12,2.2
Shendam,Lowland,Wheat,7.32,166.23,47.85,35.91,13.74,422.34,2.69
Shendam,Lowland,Wheat,6.69,131.13,47.76,29.32,22.31,640.81,1.64
Shendam,Lowland,Wheat,5.84,128.36,32.3,49.06,21.81,645.3,1.62
Shendam,Lowland,Wheat,7.61,105.19,43.21,21.88,19.93,414.42,2.05
Shendam,Lowland,Wheat,6.42,132.73,43.35,39.3,20.73,454.72,2.45
Shendam,Lowland,Wheat,7.0,120.1,44.24,33.71,19.45,686.73,0.99
Shendam,Lowland,Wheat,6.82,119.0,43.85,39.3,21.31,337.5,2.69
Shendam,Lowland,Pineapple,6.37,219.41,33.85,109.06,26.43,1201.55,0.98
Shendam,Lowland,Pineapple,3.55,242.06,59.68,187.89,23.92,726.38,0.54
Shendam,Lowland,Pineapple,4.37,280.93,69.32,225.51,28.35,662.96,1.04
Shendam,Lowland,Pineapple,6.0,275.79,53.17,139.81,27.17,1176.98,0.89
Shendam,Lowland,Pineapple,4.94,236.22,54.57,275.0,26.06,908.7,0.66
Shendam,Lowland,Pineapple,5.94,302.72,53.63,130.58,30.89,922.3,1.06
Shendam,Lowland,Pineapple,6.55,289.12,81.25,174.45,28.35,525.0,0.5
Shendam,Lowland,Pineapple,4.25,322.47,33.75,145.87,19.98,604.52,0.62
Shendam,Lowland,Pineapple,7.24,286.54,50.59,239.91,27.04,756.57,0.37
Shendam,Lowland,Pineapple,4.5,236.51,60.84,176.63,30.62,817.38,0.08
Shendam,Lowland,Pineapple,5.95,210.92,49.04,119.62,25.44,525.0,0.86
Shendam,Lowland,Pineapple,4.01,284.91,81.25,86.49,26.33,525.0,0.68
Shendam,Lowland,Pineapple,6.38,299.81,61.2,228.6,32.5,1049.65,0.6
Shendam,Lowland,Pineapple,3.97,253.67,49.26,200.55,24.23,737.26,1.08
Shendam,Lowland,Pineapple,5.53,231.55,73.99,82.5,26.23,742.71,0.79
Shendam,Lowland,Pineapple,5.85,295.3,59.88,148.06,26.04,642.98,1.06
Shendam,Lowland,Pineapple,4.89,304.98,60.52,138.25,28.45,622.7,1.01
Shendam,Lowland,Pineapple,5.89,245.88,66.46,206.65,29.71,919.08,0.96
Shendam,Lowland,Pineapple,4.34,370.57,43.94,232.44,28.01,544.53,0.74
Shendam,Lowland,Pineapple,5.55,323.77,51.98,154.86,21.52,1053.58,0.41
Shendam,Lowland,Pineapple,6.02,266.15,59.15,223.51,30.92,794.01,1.02
Shendam,Lowland,Pineapple,6.02,311.97,54.9,240.52,29.6,939.44,0.56
Shendam,Lowland,Pineapple,5.45,280.11,44.32,273.79,26.97,799.69,0.59
Shendam,Lowland,Pineapple,4.11,245.57,62.85,214.77,27.38,810.68,0.67
Shendam,Lowland,Pineapple,6.21,331.02,68.51,223.49,27.69,525.0,0.42
Shendam,Lowland,Pineapple,6.17,269.85,65.42,275.0,28.7,970.31,0.82
Shendam,Lowland,Pineapple,4.71,267.93,50.92,271.45,28.85,841.09,1.22
Shendam,Lowland,Pineapple,3.38,294.39,45.02,171.17,26.27,865.8,0.87
Shendam,Lowland,Pineapple,7.2,245.65,68.56,182.03,23.17,589.24,0.73
Shendam,Lowland,Pineapple,6.93,289.29,46.69,162.65,31.73,769.46,0.67
Shendam,Lowland,Pineapple,6.21,301.56,54.98,203.83,26.23,875.88,0.85
Shendam,Lowland,Pineapple,6.2,239.21,50.72,232.2,26.81,799.88,0.68
Shendam,Lowland,Pineapple,6.68,245.41,58.72,221.98,29.75,658.34,1.25
Shendam,Lowland,Pineapple,6.0,227.59,64.6,147.11,28.02,742.5,0.81
Shendam,Lowland,Pineapple,4.59,310.84,46.82,100.62,27.86,1030.5,0.66
Shendam,Lowland,Pineapple,6.45,314.26,69.79,151.71,24.44,525.0,0.7
Shendam,Lowland,Pineapple,7.0,224.27,68.46,110.78,27.25,873.86,0.56
Shendam,Lowland,Pineapple,5.84,253.3,68.52,186.71,27.13,1022.71,1.02
Shendam,Lowland,Pineapple,4.84,266.79,59.41,176.78,32.5,814.9,0.08
Shendam,Lowland,Pineapple,5.01,191.17,56.45,82.5,24.96,525.0,0.92
Shendam,Lowland,Pineapple,5.64,282.71,59.08,82.5,28.2,1086.39,0.93
Shendam,Lowland,Pineapple,5.15,211.82,49.71,200.66,29.52,795.65,1.07
Shendam,Lowland,Pineapple,6.46,291.04,52.62,182.78,25.01,753.05,0.9
Shendam,Lowland,Pineapple,7.58,216.67,65.91,266.51,28.78,895.77,0.99
Shendam,Lowland,Pineapple,7.14,225.77,44.14,171.23,21.93,965.36,1.21
Shendam,Lowland,Pineapple,5.14,255.12,59.45,174.97,27.3,847.69,0.73
Shendam,Lowland,Pineapple,6.73,288.56,53.22,257.15,23.81,733.87,1.13
Shendam,Lowland,Pineapple,4.81,282.98,66.63,116.52,26.83,722.61,0.59
Shendam,Lowland,Pineapple,8.12,239.05,72.01,146.48,24.45,767.99,1.01
Shendam,Lowland,Pineapple,6.7,334.28,81.25,187.68,25.45,829.25,0.69
Shendam,Lowland,Onion,7.19,55.02,56.25,86.61,15.61,267.36,1.62
Shendam,Lowland,Onion,7.34,55.6,48.61,33.75,20.24,479.61,0.9
Shendam,Lowland,Onion,5.75,88.72,33.25,81.99,17.93,262.5,0.3
Shendam,Lowland,Onion,6.74,81.55,26.45,73.09,23.48,324.88,1.33
Shendam,Lowland,Onion,6.8,57.19,56.25,59.53,22.41,439.65,1.11
Shendam,Lowland,Onion,7.0,91.04,23.77,62.36,18.72,296.18,0.5
Shendam,Lowland,Onion,7.31,122.7,51.7,95.06,19.5,275.84,0.78
Shendam,Lowland,Onion,7.02,90.6,39.4,95.57,21.68,262.5,0.83
Shendam,Lowland,Onion,7.05,109.62,46.73,100.0,25.0,401.4,0.75
Shendam,Lowland,Onion,5.86,76.26,49.08,100.0,21.71,486.21,1.06
Shendam,Lowland,Onion,7.01,104.52,18.75,60.7,23.26,381.99,0.56
Shendam,Lowland,Onion,5.2,76.76,39.46,51.1,20.92,409.02,1.54
Shendam,Lowland,Onion,5.24,54.62,36.75,80.81,21.92,405.0,0.99
Shendam,Lowland,Onion,6.45,68.3,49.25,50.36,22.97,374.23,1.16
Shendam,Lowland,Onion,6.25,53.66,32.75,62.41,13.62,327.0,1.67
Shendam,Lowland,Onion,6.98,73.72,40.84,57.79,20.93,529.5,1.7
Shendam,Lowland,Onion,6.95,73.8,49.04,34.72,19.77,418.03,1.58
Shendam,Lowland,Onion,7.04,92.18,38.02,80.12,17.73,262.5,1.22
Shendam,Lowland,Onion,6.74,45.0,45.6,84.91,20.28,626.74,0.83
Shendam,Lowland,Onion,6.43,76.08,39.41,62.43,16.41,286.3,1.14
Shendam,Lowland,Onion,7.37,125.0,55.86,53.32,18.48,331.43,2.12
Shendam,Lowland,Onion,6.54,54.31,34.46,84.59,22.5,326.66,1.55
Shendam,Lowland,Onion,5.29,87.73,50.33,52.14,18.07,262.5,2.02
Shendam,Lowland,Onion,6.21,90.93,47.34,99.99,20.05,287.13,1.28
Shendam,Lowland,Onion,7.41,81.33,29.17,37.7,16.95,450.74,1.02
Shendam,Lowland,Onion,6.28,68.59,41.29,64.25,19.71,507.26,1.99
Shendam,Lowland,Onion,5.68,92.95,31.24,64.07,21.4,325.21,1.31
Shendam,Lowland,Onion,7.04,92.18,32.76,56.3,16.32,262.5,2.22
Shendam,Lowland,Onion,6.17,57.44,44.03,66.89,19.93,514.22,1.48
Shendam,Lowland,Onion,6.33,75.39,34.44,86.99,19.6,262.5,1.16
Shendam,Lowland,Onion,5.73,125.0,29.04,65.84,21.25,316.36,1.04
Shendam,Lowland,Onion,6.89,120.93,49.24,99.31,17.46,386.99,1.27
Shendam,Lowland,Onion,6.85,117.43,37.72,60.86,22.05,262.5,1.06
Shendam,Lowland,Onion,6.56,63.82,52.62,47.46,20.11,384.17,1.9
Shendam,Lowland,Onion,6.64,107.16,48.46,71.66,17.33,262.5,1.24
Shendam,Lowland,Onion,6.32,106.76,48.99,65.37,17.14,409.53,0.65
Shendam,Lowland,Onion,6.19,62.44,38.68,93.02,20.49,298.34,0.39
Shendam,Lowland,Onion,6.97,67.08,41.67,61.91,22.93,331.67,1.16
Shendam,Lowland,Onion,6.93,125.0,50.65,67.33,20.51,288.83,0.69
Shendam,Lowland,Onion,6.31,67.28,47.91,47.28,24.37,437.65,1.2
Shendam,Lowland,Onion,6.64,72.29,43.44,91.34,18.46,262.5,1.56
Shendam,Lowland,Onion,6.83,59.15,31.75,51.61,18.4,312.27,1.05
Shendam,Lowland,Onion,6.25,67.6,37.63,72.56,19.58,485.04,1.45
Shendam,Lowland,Onion,5.7,97.53,47.35,60.27,16.16,350.94,1.18
Shendam,Lowland,Onion,5.97,51.42,39.28,64.38,19.29,340.28,0.61
Shendam,Lowland,Onion,6.38,97.75,36.22,35.02,19.13,262.5,1.33
Shendam,Lowland,Onion,6.83,46.58,49.14,46.44,25.0,344.32,0.53
Shendam,Lowland,Onion,5.96,93.43,35.74,67.17,25.0,268.5,1.22
Shendam,Lowland,Onion,7.49,91.62,21.57,79.45,17.12,513.96,0.76
Shendam,Lowland,Onion,8.41,119.56,31.01,69.55,22.69,441.34,1.42
Bassa,Highland,Irish-potato,5.44,77.04,36.09,121.12,15.0,663.91,0.79
Bassa,Highland,Irish-potato,5.08,60.0,47.93,150.8,17.84,332.5,1.45
Bassa,Highland,Irish-potato,4.5,98.46,71.83,168.77,13.4,642.4,0.38
Bassa,Highland,Irish-potato,4.41,60.0,41.73,90.0,13.5,578.7,0.46
Bassa,Highland,Irish-potato,4.61,60.0,75.0,133.93,11.49,431.06,0.65
Bassa,Highland,Irish-potato,5.55,117.6,57.46,168.01,10.75,346.22,0.53
Bassa,Highland,Irish-potato,4.25,118.06,47.92,223.97,16.19,520.11,0.22
Bassa,Highland,Irish-potato,5.55,128.93,30.0,218.56,13.34,628.12,1.48
Bassa,Highland,Irish-potato,5.52,104.14,50.79,171.69,10.6,590.36,0.22
Bassa,Highland,Irish-potato,4.17,68.52,31.39,146.51,10.87,687.89,0.22
Bassa,Highland,Irish-potato,4.34,85.95,37.07,130.28,7.5,662.38,0.98
Bassa,Highland,Irish-potato,4.83,117.7,46.03,164.46,12.55,720.32,0.22
Bassa,Highland,Irish-potato,3.72,136.89,30.0,131.97,16.1,583.68,0.42
Bassa,Highland,Irish-potato,4.54,68.99,43.05,103.45,15.88,750.0,0.57
Bassa,Highland,Irish-potato,3.32,63.01,39.29,165.87,8.47,465.4,0.9
Bassa,Highland,Irish-potato,5.19,60.0,30.0,225.0,14.74,553.27,1.09
Bassa,Highland,Irish-potato,4.34,111.7,45.3,144.12,11.6,346.71,1.65
Bassa,Highland,Irish-potato,3.68,60.0,38.78,90.0,11.82,720.36,1.16
Bassa,Highland,Irish-potato,5.09,70.65,43.37,160.74,7.5,699.85,0.22
Bassa,Highland,Irish-potato,6.08,67.19,39.27,98.92,9.8,750.0,1.13
Bassa,Highland,Irish-potato,3.19,134.0,63.39,124.56,13.07,597.38,1.67
Bassa,Highland,Irish-potato,3.79,86.46,35.01,90.0,19.67,393.23,0.75
Bassa,Highland,Irish-potato,3.03,67.38,49.89,96.03,14.05,552.92,1.25
Bassa,Highland,Irish-potato,5.53,60.81,43.85,148.96,14.17,602.52,0.74
Bassa,Highland,Irish-potato,4.24,85.38,65.22,173.25,14.45,726.54,0.56
Bassa,Highland,Irish-potato,4.69,60.0,64.71,90.0,11.69,750.0,0.22
Bassa,Highland,Irish-potato,4.76,60.0,36.05,188.99,12.69,300.0,0.22
Bassa,Highland,Irish-potato,5.22,97.06,73.1,225.0,10.8,750.0,0.65
Bassa,Highland,Irish-potato,3.66,60.0,30.0,223.7,17.58,422.29,0.52
Bassa,Highland,Irish-potato,4.51,60.0,30.0,128.28,10.88,532.03,0.75
Bassa,Highland,Irish-potato,5.59,70.74,45.49,177.49,13.94,492.48,0.69
Bassa,Highland,Irish-potato,4.88,60.0,64.62,214.49,9.47,633.89,0.97
Bassa,Highland,Irish-potato,4.0,98.2,45.36,90.0,13.61,407.48,1.13
Bassa,Highland,Irish-potato,3.9,75.7,66.52,165.39,8.22,422.39,0.32
Bassa,Highland,Irish-potato,4.75,93.89,30.0,90.0,12.99,568.17,1.77
Bassa,Highland,Irish-potato,4.47,144.85,30.0,90.0,8.08,750.0,1.56
Bassa,Highland,Irish-potato,3.81,65.23,30.0,90.0,14.51,639.03,0.64
Bassa,Highland,Irish-potato,3.31,138.75,33.7,167.34,7.5,566.66,0.79
Bassa,Highland,Irish-potato,4.7,86.76,51.16,90.0,12.69,619.91,0.76
Bassa,Highland,Irish-potato,4.49,60.0,30.0,90.0,14.86,744.84,1.08
Bassa,Highland,Irish-potato,4.68,60.0,30.0,148.27,12.47,561.02,0.83
Bassa,Highland,Irish-potato,4.45,85.57,31.32,190.88,10.49,367.14,0.23
Bassa,Highland,Irish-potato,4.16,116.14,41.77,129.55,7.63,737.46,0.29
Bassa,Highland,Irish-potato,4.36,133.15,51.41,90.0,7.5,588.75,0.22
Bassa,Highland,Irish-potato,4.96,82.83,45.4,102.22,18.09,750.0,0.49
Bassa,Highland,Irish-potato,4.72,84.76,37.96,95.64,8.2,401.27,0.85
Bassa,Highland,Irish-potato,4.02,60.0,50.29,137.32,16.71,665.3,0.22
Bassa,Highland,Irish-potato,3.0,60.0,31.57,188.84,11.97,750.0,0.22
Bassa,Highland,Irish-potato,5.21,106.58,30.0,208.76,12.33,668.61,0.22
Bassa,Highland,Irish-potato,5.46,60.0,57.07,182.41,8.59,750.0,0.76
Bassa,Highland,Tomato,6.51,75.0,135.6,132.32,22.7,484.06,0.4
Bassa,Highland,Tomato,6.67,136.31,48.75,240.09,22.78,490.68,1.96
Bassa,Highland,Tomato,4.07,88.13,92.58,149.59,19.58,628.1,0.71
Bassa,Highland,Tomato,6.72,99.69,86.08,242.7,21.74,691.61,0.38
Bassa,Highland,Tomato,6.36,80.74,48.75,185.99,14.8,692.15,1.41
Bassa,Highland,Tomato,3.75,82.2,48.75,167.79,20.36,571.76,0.42
Bassa,Highland,Tomato,7.26,75.0,112.47,163.99,18.18,538.54,1.92
Bassa,Highland,Tomato,4.33,106.69,93.85,120.0,14.73,582.73,0.38
Bassa,Highland,Tomato,4.81,96.15,97.06,173.37,22.92,483.71,0.38
Bassa,Highland,Tomato,7.98,87.17,48.75,120.0,22.9,560.22,0.66
Bassa,Highland,Tomato,5.57,135.88,75.29,298.44,19.05,723.75,1.4
Bassa,Highland,Tomato,5.71,89.23,88.72,213.07,16.16,619.39,1.7
Bassa,Highland,Tomato,8.15,131.26,128.9,160.03,21.37,750.0,0.38
Bassa,Highland,Tomato,5.2,157.02,54.41,126.9,24.76,739.48,1.14
Bassa,Highland,Tomato,5.7,93.56,87.41,262.87,19.48,750.0,0.38
Bassa,Highland,Tomato,5.73,95.47,51.52,182.2,20.21,661.1,2.36
Bassa,Highland,Tomato,6.29,139.88,81.74,267.44,28.32,661.9,0.38
Bassa,Highland,Tomato,5.12,114.57,91.99,221.84,20.38,600.81,0.39
Bassa,Highland,Tomato,6.22,160.43,106.78,214.22,22.72,556.75,0.48
Bassa,Highland,Tomato,4.89,102.7,68.93,245.57,16.55,506.44,2.2
Bassa,Highland,Tomato,5.23,110.82,91.85,136.41,23.56,674.26,1.93
Bassa,Highland,Tomato,4.97,109.24,81.04,201.61,13.5,612.92,0.38
Bassa,Highland,Tomato,6.17,75.0,48.75,227.43,16.26,484.87,1.73
Bassa,Highland,Tomato,6.13,131.77,75.64,300.0,16.02,750.0,0.79
Bassa,Highland,Tomato,3.84,120.43,88.27,140.39,14.72,597.12,1.08
Bassa,Highland,Tomato,3.75,137.05,67.03,127.33,22.35,597.25,1.69
Bassa,Highland,Tomato,6.26,106.3,76.0,211.8,16.81,500.63,1.26
Bassa,Highland,Tomato,5.59,107.33,108.6,184.03,18.56,530.11,1.14
Bassa,Highland,Tomato,6.16,132.61,64.8,168.02,21.74,629.4,0.38
Bassa,Highland,Tomato,7.26,75.0,100.59,130.43,26.22,419.98,1.64
Bassa,Highland,Tomato,5.66,95.66,84.87,218.74,14.8,504.92,1.29
Bassa,Highland,Tomato,3.78,89.31,137.5,144.27,23.2,531.71,1.19
Bassa,Highland,Tomato,6.51,139.26,74.75,281.91,16.09,627.3,1.01
Bassa,Highland,Tomato,4.46,98.01,84.25,169.21,28.5,502.26,1.66
Bassa,Highland,Tomato,6.75,105.94,57.29,153.56,16.38,391.87,0.38
Bassa,Highland,Tomato,4.04,145.59,96.24,225.91,20.91,619.46,1.86
Bassa,Highland,Tomato,5.05,109.46,99.62,127.82,31.18,603.33,0.94
Bassa,Highland,Tomato,7.21,133.02,81.01,195.38,13.5,535.14,1.2
Bassa,Highland,Tomato,6.27,141.95,76.84,124.75,22.83,750.0,1.47
Bassa,Highland,Tomato,5.57,136.8,137.5,194.69,13.5,531.67,1.27
Bassa,Highland,Tomato,3.9,111.29,89.99,260.79,23.87,700.77,0.38
Bassa,Highland,Tomato,6.82,126.92,86.72,120.0,15.32,464.01,0.38
Bassa,Highland,Tomato,5.75,83.09,137.5,181.47,23.8,417.12,0.47
Bassa,Highland,Tomato,5.87,79.87,68.92,179.18,17.54,750.0,1.1
Bassa,Highland,Tomato,6.31,122.08,96.09,185.47,17.19,619.44,1.65
Bassa,Highland,Tomato,7.06,99.34,100.16,180.27,18.64,544.81,0.71
Bassa,Highland,Tomato,7.31,109.04,83.56,121.96,17.23,571.87,0.38
Bassa,Highland,Tomato,5.78,93.84,82.11,194.98,14.59,553.53,0.89
Bassa,Highland,Tomato,7.12,113.83,62.63,207.9,25.49,706.84,1.22
Bassa,Highland,Tomato,6.59,148.33,108.24,215.71,22.88,473.93,0.38
Bassa,Highland,Groundnut,6.35,7.5,12.07,29.05,16.5,637.67,0.27
Bassa,Highland,Groundnut,5.28,7.5,11.25,18.75,25.18,775.3,0.15
Bassa,Highland,Groundnut,6.66,7.5,50.0,25.36,21.51,600.17,0.18
Bassa,Highland,Groundnut,5.76,7.5,20.27,26.77,27.3,425.12,0.88
Bassa,Highland,Groundnut,6.29,7.5,11.25,18.75,23.71,875.0,0.79
Bassa,Highland,Groundnut,7.01,7.5,11.25,18.75,20.29,460.75,0.18
Bassa,Highland,Groundnut,5.92,7.5,21.93,25.0,21.95,632.23,0.15
Bassa,Highland,Groundnut,5.91,7.5,26.81,29.78,25.28,788.22,0.39
Bassa,Highland,Groundnut,5.95,7.5,11.25,30.51,21.39,554.74,0.15
Bassa,Highland,Groundnut,5.74,7.5,35.59,18.78,16.5,677.95,0.38
Bassa,Highland,Groundnut,6.12,7.5,23.18,22.41,21.91,748.09,0.29
Bassa,Highland,Groundnut,5.97,7.5,28.17,29.06,26.29,761.3,0.76
Bassa,Highland,Groundnut,5.32,7.5,17.34,36.51,25.25,626.52,0.57
Bassa,Highland,Groundnut,6.36,7.5,11.25,24.98,21.2,732.92,0.18
Bassa,Highland,Groundnut,5.91,7.5,11.25,18.75,21.82,610.04,0.15
Bassa,Highland,Groundnut,6.32,7.5,11.25,39.8,23.61,612.99,0.58
Bassa,Highland,Groundnut,6.59,7.5,18.15,30.37,16.5,576.89,0.49
Bassa,Highland,Groundnut,6.45,7.5,23.79,18.75,21.03,819.44,0.75
Bassa,Highland,Groundnut,5.66,7.5,14.0,21.59,19.7,821.29,0.56
Bassa,Highland,Groundnut,6.5,7.5,37.04,18.75,24.92,808.89,0.29
Bassa,Highland,Groundnut,7.01,7.5,20.92,24.8,33.15,856.69,0.68
Bassa,Highland,Groundnut,5.71,7.5,11.25,29.02,22.49,568.94,0.47
Bassa,Highland,Groundnut,5.75,7.5,11.25,22.07,24.63,693.82,0.3
Bassa,Highland,Groundnut,6.38,7.5,11.25,24.11,26.61,766.86,0.46
Bassa,Highland,Groundnut,6.64,7.5,31.0,18.75,16.56,817.11,0.15
Bassa,Highland,Groundnut,6.49,7.5,11.25,24.89,22.7,875.0,0.22
Bassa,Highland,Groundnut,7.11,7.5,11.25,28.82,23.98,704.18,0.53
Bassa,Highland,Groundnut,5.9,7.5,31.09,19.87,21.72,732.61,0.53
Bassa,Highland,Groundnut,5.41,7.5,21.77,20.05,23.51,727.57,0.71
Bassa,Highland,Groundnut,6.58,7.5,39.72,29.56,21.44,569.13,1.02
Bassa,Highland,Groundnut,6.11,7.5,11.25,24.79,22.52,523.41,0.6
Bassa,Highland,Groundnut,5.96,12.07,11.7,18.75,18.94,848.94,0.31
Bassa,Highland,Groundnut,5.82,7.5,11.25,27.3,28.23,766.04,0.66
Bassa,Highland,Groundnut,6.77,7.5,37.66,25.67,25.16,596.74,0.71
Bassa,Highland,Groundnut,5.66,7.5,11.25,25.34,19.75,829.5,0.57
Bassa,Highland,Groundnut,6.92,7.5,35.16,40.25,24.67,792.12,0.5
Bassa,Highland,Groundnut,5.94,7.5,11.25,18.75,16.5,617.99,0.66
Bassa,Highland,Groundnut,6.56,7.5,22.49,18.75,20.7,620.59,0.21
Bassa,Highland,Groundnut,6.61,7.5,11.25,18.75,20.97,573.21,0.46
Bassa,Highland,Groundnut,5.69,7.5,17.89,36.46,23.74,485.59,0.15
Bassa,Highland,Groundnut,6.29,7.5,11.25,33.64,24.52,760.72,0.22
Bassa,Highland,Groundnut,6.51,7.5,23.0,18.75,27.31,516.99,0.87
Bassa,Highland,Groundnut,6.28,7.5,22.44,28.24,26.78,736.5,0.15
Bassa,Highland,Groundnut,6.29,7.5,39.68,29.78,24.78,781.52,0.84
Bassa,Highland,Groundnut,5.98,7.5,21.01,18.75,18.31,616.05,1.31
Bassa,Highland,Groundnut,6.34,7.5,11.25,18.75,19.13,867.62,0.55
Bassa,Highland,Groundnut,6.61,7.5,11.37,33.97,19.79,863.9,0.59
Bassa,Highland,Groundnut,5.19,7.5,11.25,32.01,21.91,440.29,0.57
Bassa,Highland,Groundnut,5.94,7.5,44.5,22.77,20.97,653.45,0.15
Bassa,Highland,Groundnut,5.48,7.5,13.09,22.02,16.5,546.38,0.65
Bassa,Highland,Pepper,6.34,188.15,49.61,60.77,21.98,904.99,2.48
Bassa,Highland,Pepper,7.01,123.3,32.93,104.75,22.54,1562.5,0.45
Bassa,Highland,Pepper,6.41,95.24,55.64,107.42,19.67,1562.5,2.29
Bassa,Highland,Pepper,6.07,212.5,29.55,61.2,24.05,890.9,1.1
Bassa,Highland,Pepper,7.24,117.13,18.75,76.47,15.84,1352.98,1.52
Bassa,Highland,Pepper,7.29,153.51,45.92,49.26,23.72,1562.5,0.55
Bassa,Highland,Pepper,7.58,93.85,18.75,74.6,23.26,1370.6,0.45
Bassa,Highland,Pepper,6.39,88.27,18.75,42.45,15.56,1222.71,1.84
Bassa,Highland,Pepper,4.72,130.76,18.75,83.34,16.23,626.49,1.6
Bassa,Highland,Pepper,5.49,103.41,18.75,91.67,23.81,1027.07,0.45
Bassa,Highland,Pepper,7.06,89.06,23.39,125.0,15.81,1306.33,1.43
Bassa,Highland,Pepper,6.35,127.9,35.5,73.97,19.23,1562.5,0.45
Bassa,Highland,Pepper,6.9,150.02,40.2,96.15,19.01,450.0,0.99
Bassa,Highland,Pepper,5.14,86.38,18.75,54.3,16.37,450.0,1.53
Bassa,Highland,Pepper,7.95,141.17,27.04,65.39,17.29,1059.13,1.01
Bassa,Highland,Pepper,5.27,185.26,18.75,85.68,18.97,1562.5,1.28
Bassa,Highland,Pepper,5.69,106.2,30.59,41.25,15.47,450.0,0.45
Bassa,Highland,Pepper,6.09,128.64,18.75,63.23,22.46,963.25,0.59
Bassa,Highland,Pepper,5.65,94.2,20.71,71.39,31.62,743.1,0.81
Bassa,Highland,Pepper,5.96,88.2,46.03,41.25,16.71,1335.18,0.83
Bassa,Highland,Pepper,5.29,134.4,43.23,72.36,15.29,1197.92,0.76
Bassa,Highland,Pepper,6.66,177.09,18.75,69.74,13.5,1562.5,0.71
Bassa,Highland,Pepper,6.66,114.9,18.75,42.62,27.82,1387.35,2.4
Bassa,Highland,Pepper,6.05,128.14,26.11,59.29,14.03,1056.84,0.48
Bassa,Highland,Pepper,6.39,123.31,34.2,110.8,19.3,1311.84,2.47
Bassa,Highland,Pepper,7.15,163.57,25.53,72.86,13.5,1214.11,1.23
Bassa,Highland,Pepper,6.03,158.41,18.75,109.74,24.23,998.23,0.93
Bassa,Highland,Pepper,6.43,178.63,31.49,70.61,19.6,1562.5,0.78
Bassa,Highland,Pepper,5.98,176.28,32.15,96.68,14.72,947.18,2.08
Bassa,Highland,Pepper,5.41,110.15,33.75,41.25,17.33,1067.69,1.07
Bassa,Highland,Pepper,7.13,179.47,18.75,69.75,23.04,1562.5,1.54
Bassa,Highland,Pepper,6.26,143.64,39.84,42.47,20.51,1562.5,0.89
Bassa,Highland,Pepper,6.12,106.42,18.75,67.37,21.08,830.74,0.45
Bassa,Highland,Pepper,5.24,147.64,58.79,103.12,13.5,1348.95,0.57
Bassa,Highland,Pepper,5.5,97.43,40.31,92.01,18.99,994.27,1.36
Bassa,Highland,Pepper,6.5,164.51,18.75,67.35,13.89,1005.69,0.88
Bassa,Highland,Pepper,5.97,83.6,18.75,41.25,18.81,861.63,0.56
Bassa,Highland,Pepper,7.16,81.15,50.68,109.45,13.5,1060.02,0.76
Bassa,Highland,Pepper,4.12,75.0,41.32,119.83,24.24,1147.67,1.02
Bassa,Highland,Pepper,7.48,204.32,21.44,41.25,13.5,1526.06,1.0
Bassa,Highland,Pepper,6.17,75.0,19.01,59.07,20.59,873.91,0.45
Bassa,Highland,Pepper,5.32,165.83,33.58,82.9,14.78,450.0,0.67
Bassa,Highland,Pepper,5.25,130.64,62.5,85.08,33.75,1240.59,0.6
Bassa,Highland,Pepper,6.31,189.27,56.71,51.72,20.83,483.24,1.61
Bassa,Highland,Pepper,7.37,117.98,20.27,76.28,21.69,1055.76,1.16
Bassa,Highland,Pepper,5.85,157.13,40.75,41.25,14.19,928.58,1.55
Bassa,Highland,Pepper,6.14,90.01,33.82,58.14,24.12,1151.25,0.82
Bassa,Highland,Pepper,6.21,170.2,21.69,77.4,19.13,1186.85,0.58
Bassa,Highland,Pepper,6.1,161.71,18.75,41.25,13.5,581.26,1.45
Bassa,Highland,Pepper,4.78,104.15,39.03,77.76,17.48,1097.37,1.11
Bassa,Highland,Cabbage,6.12,100.2,69.57,118.49,30.0,505.21,0.5
Bassa,Highland,Cabbage,5.46,82.74,66.65,95.19,29.65,452.96,0.15
Bassa,Highland,Cabbage,6.05,104.49,58.08,112.22,10.6,530.67,0.4
Bassa,Highland,Cabbage,5.71,80.46,59.0,75.0,27.19,515.99,0.21
Bassa,Highland,Cabbage,6.7,149.65,59.79,113.11,22.86,419.85,0.32
Bassa,Highland,Cabbage,5.71,142.05,46.65,119.12,18.37,479.64,0.29
Bassa,Highland,Cabbage,7.03,83.74,51.1,90.63,11.44,536.77,0.21
Bassa,Highland,Cabbage,5.68,114.69,42.61,90.14,7.5,534.55,0.93
Bassa,Highland,Cabbage,7.15,85.18,68.82,86.74,22.84,489.48,0.17
Bassa,Highland,Cabbage,5.81,104.82,55.08,116.05,7.5,470.72,0.15
Bassa,Highland,Cabbage,6.19,100.22,41.69,109.05,30.0,504.67,0.35
Bassa,Highland,Cabbage,6.59,90.06,55.86,91.75,28.94,564.13,0.28
Bassa,Highland,Cabbage,5.91,91.37,62.02,82.12,8.55,500.68,0.53
Bassa,Highland,Cabbage,6.09,75.0,46.51,102.59,8.88,588.07,0.92
Bassa,Highland,Cabbage,6.21,113.07,37.5,96.96,22.19,510.36,0.23
Bassa,Highland,Cabbage,7.61,159.38,54.1,124.26,7.5,484.87,0.34
Bassa,Highland,Cabbage,6.12,92.06,37.5,111.08,18.43,625.0,0.21
Bassa,Highland,Cabbage,5.74,75.0,47.44,120.1,9.01,625.0,0.43
Bassa,Highland,Cabbage,6.34,75.0,52.52,75.0,19.66,590.71,1.11
Bassa,Highland,Cabbage,5.65,111.03,54.94,112.07,7.5,372.56,0.68
Bassa,Highland,Cabbage,6.17,89.83,56.69,103.54,7.5,404.8,0.15
Bassa,Highland,Cabbage,7.68,127.42,51.66,101.15,11.98,621.7,0.33
Bassa,Highland,Cabbage,6.6,96.19,66.98,117.32,24.16,499.09,0.98
Bassa,Highland,Cabbage,6.07,109.56,64.31,86.08,15.66,570.66,0.76
Bassa,Highland,Cabbage,5.99,167.17,38.68,129.86,23.91,625.0,0.15
Bassa,Highland,Cabbage,5.74,149.85,37.5,76.21,10.02,553.44,1.21
Bassa,Highland,Cabbage,6.15,88.61,52.73,112.55,17.6,527.54,0.15
Bassa,Highland,Cabbage,5.71,147.76,51.64,98.68,23.12,460.89,0.44
Bassa,Highland,Cabbage,6.34,93.48,50.89,101.04,7.5,552.7,0.15
Bassa,Highland,Cabbage,6.35,146.41,47.55,83.83,12.96,481.76,0.79
Bassa,Highland,Cabbage,6.17,156.2,60.18,101.65,19.84,512.47,0.55
Bassa,Highland,Cabbage,6.04,128.69,62.54,118.3,21.52,604.61,0.77
Bassa,Highland,Cabbage,5.58,155.94,65.79,100.23,10.98,582.87,0.77
Bassa,Highland,Cabbage,6.14,75.0,52.68,113.98,19.92,564.45,0.42
Bassa,Highland,Cabbage,6.85,108.27,45.94,101.17,7.5,527.24,0.83
Bassa,Highland,Cabbage,6.46,150.68,47.7,112.86,20.46,625.0,0.6
Bassa,Highland,Cabbage,5.63,131.07,66.33,98.68,20.86,625.0,0.96
Bassa,Highland,Cabbage,6.33,85.98,49.29,112.35,21.41,563.38,0.38
Bassa,Highland,Cabbage,6.59,131.42,53.33,89.69,12.52,606.35,0.15
Bassa,Highland,Cabbage,5.01,150.32,54.48,114.95,7.5,591.63,0.65
Bassa,Highland,Cabbage,5.31,147.87,51.39,97.4,10.92,398.93,0.79
Bassa,Highland,Cabbage,6.41,100.69,61.19,80.11,9.13,480.5,0.42
Bassa,Highland,Cabbage,6.3,118.88,46.97,88.97,27.75,625.0,0.6
Bassa,Highland,Cabbage,5.81,149.36,37.5,98.47,8.32,458.83,0.42
Bassa,Highland,Cabbage,5.74,106.72,50.24,93.45,10.98,523.84,0.88
Bassa,Highland,Cabbage,6.17,130.39,55.13,114.33,25.32,461.64,0.34
Bassa,Highland,Cabbage,7.31,98.85,37.5,100.78,15.1,356.8,1.1
Bassa,Highland,Cabbage,5.83,115.93,48.03,81.78,7.5,474.54,0.99
Bassa,Highland,Cabbage,6.17,91.13,41.83,125.26,25.94,622.93,0.74
Bassa,Highland,Cabbage,6.43,75.0,47.85,92.36,7.5,613.99,0.24
Bassa,Highland,Maize,7.64,182.06,67.25,83.64,18.14,1000.0,0.87
Bassa,Highland,Maize,6.6,137.42,41.21,80.47,22.01,611.86,0.3
Bassa,Highland,Maize,4.79,191.22,46.77,61.42,27.75,553.62,0.33
Bassa,Highland,Maize,5.37,203.52,92.39,86.87,24.65,648.44,2.2
Bassa,Highland,Maize,6.57,181.22,55.66,63.07,28.74,844.45,1.85
Bassa,Highland,Maize,6.55,131.61,47.3,71.73,18.08,556.19,1.68
Bassa,Highland,Maize,5.63,160.38,62.69,55.6,27.75,554.5,1.02
Bassa,Highland,Maize,6.54,154.77,37.5,89.66,24.46,631.78,1.33
Bassa,Highland,Maize,6.69,119.01,42.56,95.9,22.44,651.25,0.3
Bassa,Highland,Maize,5.66,143.39,42.7,45.0,26.31,919.86,0.3
Bassa,Highland,Maize,6.41,130.04,52.93,61.28,19.01,1000.0,0.53
Bassa,Highland,Maize,5.32,134.11,75.77,45.0,17.45,1000.0,1.01
Bassa,Highland,Maize,6.48,218.51,61.82,52.79,19.69,551.3,1.72
Bassa,Highland,Maize,6.92,189.13,78.73,59.66,16.6,740.95,0.3
Bassa,Highland,Maize,6.45,189.35,54.56,72.83,20.56,890.48,0.37
Bassa,Highland,Maize,4.12,170.08,74.79,79.75,18.02,551.37,1.18
Bassa,Highland,Maize,6.42,152.68,89.4,47.22,29.26,755.56,0.3
Bassa,Highland,Maize,6.05,184.32,51.12,45.0,20.23,599.99,1.18
Bassa,Highland,Maize,7.15,125.55,45.15,86.99,17.0,560.62,0.3
Bassa,Highland,Maize,6.66,165.36,45.53,69.45,28.11,579.54,0.3
Bassa,Highland,Maize,6.78,153.13,45.08,84.55,24.91,375.0,0.38
Bassa,Highland,Maize,8.93,173.36,69.34,96.71,21.08,889.42,1.34
Bassa,Highland,Maize,6.88,146.96,60.52,55.59,21.06,545.51,0.3
Bassa,Highland,Maize,5.93,128.83,48.67,65.5,22.87,916.12,0.51
Bassa,Highland,Maize,7.8,183.71,66.33,72.91,22.49,957.73,1.69
Bassa,Highland,Maize,7.8,157.55,67.22,100.69,18.1,694.28,0.85
Bassa,Highland,Maize,7.29,183.03,53.47,45.0,22.15,589.29,0.3
Bassa,Highland,Maize,4.8,165.86,81.32,70.24,21.98,957.01,0.3
Bassa,Highland,Maize,6.86,156.01,67.41,58.04,17.19,774.59,1.99
Bassa,Highland,Maize,7.25,141.55,37.5,45.0,27.13,582.86,0.61
Bassa,Highland,Maize,7.78,112.5,83.62,63.41,15.65,706.71,0.33
Bassa,Highland,Maize,6.77,137.45,37.5,64.18,15.0,785.76,0.3
Bassa,Highland,Maize,5.69,161.67,53.79,75.17,24.17,547.36,0.79
Bassa,Highland,Maize,4.12,163.56,52.24,46.37,22.47,955.22,0.5
Bassa,Highland,Maize,5.16,161.16,37.5,53.91,26.69,760.88,0.3
Bassa,Highland,Maize,4.18,161.07,72.6,45.0,23.09,982.81,2.16
Bassa,Highland,Maize,6.64,171.12,37.5,118.35,18.32,586.64,0.66
Bassa,Highland,Maize,8.0,220.72,59.7,92.63,21.2,568.39,1.87
Bassa,Highland,Maize,5.54,201.12,80.23,83.66,29.51,1000.0,0.71
Bassa,Highland,Maize,5.32,112.5,96.79,59.06,26.28,620.28,1.91
Bassa,Highland,Maize,5.45,121.6,53.86,56.91,23.78,741.01,1.28
Bassa,Highland,Maize,5.92,136.96,47.29,117.07,22.05,402.84,0.47
Bassa,Highland,Maize,6.37,210.15,75.51,47.81,32.26,744.55,1.71
Bassa,Highland,Maize,4.92,112.5,37.5,45.0,30.83,787.54,0.3
Bassa,Highland,Maize,6.78,161.87,68.37,97.56,19.65,596.03,1.42
Bassa,Highland,Maize,7.18,159.28,95.61,59.11,16.81,823.17,0.36
Bassa,Highland,Maize,6.83,132.06,50.5,113.47,19.11,610.2,1.66
Bassa,Highland,Maize,5.04,136.15,67.6,91.23,26.68,619.24,1.25
Bassa,Highland,Maize,5.72,138.69,78.56,56.5,22.3,777.23,0.3
Bassa,Highland,Maize,7.37,172.68,37.5,75.8,17.4,941.99,0.3
Bassa,Highland,Wheat,6.34,116.9,32.82,37.96,11.25,812.5,1.8
Bassa,Highland,Wheat,8.33,131.84,32.44,18.75,12.86,812.5,2.55
Bassa,Highland,Wheat,6.04,75.0,31.26,22.63,13.77,711.6,2.1
Bassa,Highland,Wheat,7.9,119.34,26.25,21.85,21.19,693.61,1.66
Bassa,Highland,Wheat,7.17,118.46,26.25,23.33,14.39,799.36,1.38
Bassa,Highland,Wheat,4.85,118.89,27.81,18.75,12.08,713.23,2.44
Bassa,Highland,Wheat,7.31,124.77,35.27,28.31,16.52,368.09,1.43
Bassa,Highland,Wheat,5.55,140.25,31.65,27.28,11.25,768.51,1.89
Bassa,Highland,Wheat,7.4,82.64,27.98,30.09,12.48,700.69,0.6
Bassa,Highland,Wheat,6.19,158.73,35.07,29.26,20.27,377.74,0.62
Bassa,Highland,Wheat,6.29,131.37,37.62,18.75,17.4,602.99,2.4
Bassa,Highland,Wheat,5.56,102.75,29.64,42.24,12.98,645.05,1.78
Bassa,Highland,Wheat,7.39,132.21,33.74,20.72,13.48,652.99,1.56
Bassa,Highland,Wheat,6.59,106.91,26.25,36.57,15.03,766.77,1.34
Bassa,Highland,Wheat,4.75,95.9,31.34,37.67,11.25,654.8,1.79
Bassa,Highland,Wheat,5.99,108.52,28.84,18.75,13.31,567.17,1.93
Bassa,Highland,Wheat,5.91,80.02,42.84,40.85,11.25,560.87,1.55
Bassa,Highland,Wheat,7.13,75.0,39.28,38.87,15.9,808.13,1.73
Bassa,Highland,Wheat,7.27,151.76,38.94,18.75,16.34,572.58,1.78
Bassa,Highland,Wheat,7.31,75.0,31.79,30.7,13.23,686.68,2.04
Bassa,Highland,Wheat,6.72,112.9,40.59,33.73,15.08,538.34,1.92
Bassa,Highland,Wheat,7.14,143.78,32.78,18.75,11.25,735.74,0.84
Bassa,Highland,Wheat,7.26,109.68,31.53,25.42,11.99,648.16,0.83
Bassa,Highland,Wheat,6.33,96.91,31.18,40.29,14.12,769.31,2.68
Bassa,Highland,Wheat,7.74,121.93,34.42,39.46,14.76,764.75,1.87
Bassa,Highland,Wheat,6.34,132.47,33.04,25.28,13.12,669.35,2.21
Bassa,Highland,Wheat,7.78,116.65,36.01,45.39,14.06,520.0,2.48
Bassa,Highland,Wheat,6.14,86.22,26.25,35.17,11.25,562.56,1.85
Bassa,Highland,Wheat,7.59,87.35,31.72,18.75,12.91,681.03,0.9
Bassa,Highland,Wheat,6.47,75.0,39.13,34.27,16.8,800.4,0.61
Bassa,Highland,Wheat,6.34,75.0,50.86,24.64,17.52,505.69,2.21
Bassa,Highland,Wheat,8.9,104.59,26.6,24.8,11.25,645.58,2.06
Bassa,Highland,Wheat,6.71,98.06,35.59,35.64,11.25,660.35,3.12
Bassa,Highland,Wheat,5.21,103.86,43.86,42.94,13.01,674.03,1.33
Bassa,Highland,Wheat,5.89,104.18,30.87,28.47,12.33,501.21,1.3
Bassa,Highland,Wheat,8.74,108.74,30.57,37.83,14.04,812.5,1.33
Bassa,Highland,Wheat,7.57,84.35,35.45,30.84,14.34,591.52,0.78
Bassa,Highland,Wheat,7.08,124.68,31.76,31.02,14.39,661.48,1.16
Bassa,Highland,Wheat,6.78,185.01,34.33,36.25,15.77,619.37,2.47
Bassa,Highland,Wheat,6.42,137.11,30.55,18.75,15.56,521.25,1.81
Bassa,Highland,Wheat,5.38,97.05,26.25,62.5,11.25,651.14,2.34
Bassa,Highland,Wheat,7.95,131.17,30.65,46.55,17.15,674.74,1.55
Bassa,Highland,Wheat,6.4,79.83,39.74,45.98,11.93,632.08,1.21
Bassa,Highland,Wheat,6.72,108.22,38.04,18.75,12.04,794.13,0.93
Bassa,Highland,Wheat,5.3,92.2,30.58,49.52,17.19,783.74,2.05
Bassa,Highland,Wheat,7.85,86.29,31.34,18.75,13.89,729.73,1.45
Bassa,Highland,Wheat,8.27,75.0,35.43,18.75,14.77,736.29,1.15
Bassa,Highland,Wheat,7.39,78.37,26.25,34.96,19.57,533.91,2.41
Bassa,Highland,Wheat,6.81,75.0,26.25,27.06,13.33,496.98,0.6
Bassa,Highland,Wheat,5.78,112.0,32.47,19.51,15.09,771.22,1.68
Bassa,Highland,Pineapple,5.12,284.35,36.32,139.92,20.53,733.53,0.19
Bassa,Highland,Pineapple,3.38,324.65,36.58,255.92,21.09,1048.85,0.17
Bassa,Highland,Pineapple,5.5,272.99,55.25,203.95,20.14,865.94,0.08
Bassa,Highland,Pineapple,5.86,290.67,66.34,173.87,19.2,653.01,0.7
Bassa,Highland,Pineapple,3.38,232.4,44.89,149.88,21.08,974.18,0.08
Bassa,Highland,Pineapple,5.27,172.5,56.04,118.77,16.5,807.51,0.14
Bassa,Highland,Pineapple,6.63,254.4,51.52,229.98,20.77,1081.98,0.58
Bassa,Highland,Pineapple,3.77,306.67,33.75,213.08,17.44,1055.22,0.99
Bassa,Highland,Pineapple,5.01,235.85,54.62,133.23,25.26,983.63,0.22
Bassa,Highland,Pineapple,4.63,208.14,40.19,131.87,19.86,834.82,1.07
Bassa,Highland,Pineapple,4.07,252.35,54.41,194.69,20.86,907.88,0.49
Bassa,Highland,Pineapple,5.56,235.74,33.75,124.36,18.31,833.25,0.35
Bassa,Highland,Pineapple,5.67,319.26,41.24,203.94,21.72,1176.8,0.54
Bassa,Highland,Pineapple,4.09,175.79,51.13,120.48,18.7,728.17,0.39
Bassa,Highland,Pineapple,7.0,229.61,54.39,147.78,17.98,1078.59,0.08
Bassa,Highland,Pineapple,5.28,232.36,57.91,86.55,21.92,803.04,0.16
Bassa,Highland,Pineapple,3.38,332.02,53.92,105.18,18.36,863.26,0.59
Bassa,Highland,Pineapple,3.38,240.55,68.14,82.5,21.19,1250.0,0.56
Bassa,Highland,Pineapple,5.4,267.09,42.83,237.57,20.06,607.14,0.2
Bassa,Highland,Pineapple,4.14,234.83,44.49,231.02,22.63,996.07,0.34
Bassa,Highland,Pineapple,4.03,172.5,48.82,205.22,20.75,856.4,0.5
Bassa,Highland,Pineapple,5.16,315.38,61.87,215.78,22.78,724.22,0.57
Bassa,Highland,Pineapple,5.69,271.18,53.25,183.33,27.33,936.67,0.66
Bassa,Highland,Pineapple,4.71,278.72,58.45,177.67,24.91,795.25,0.17
Bassa,Highland,Pineapple,5.5,282.42,49.6,236.68,19.45,750.4,0.44
Bassa,Highland,Pineapple,5.17,268.58,47.19,132.55,20.82,955.05,0.23
Bassa,Highland,Pineapple,5.02,229.82,57.49,166.75,26.29,978.12,0.14
Bassa,Highland,Pineapple,8.12,263.29,59.05,192.25,22.46,1043.74,0.08
Bassa,Highland,Pineapple,5.68,192.09,45.47,107.85,21.84,1008.47,0.51
Bassa,Highland,Pineapple,5.59,221.5,44.46,213.28,23.5,749.31,0.08
Bassa,Highland,Pineapple,4.42,289.15,61.67,95.1,21.72,1250.0,0.48
Bassa,Highland,Pineapple,6.9,287.25,36.9,142.16,21.08,968.22,0.66
Bassa,Highland,Pineapple,5.73,172.5,33.75,82.5,21.41,992.09,0.44
Bassa,Highland,Pineapple,4.15,273.95,55.85,82.5,17.56,949.98,0.96
Bassa,Highland,Pineapple,7.22,269.42,39.0,211.13,19.94,815.69,0.08
Bassa,Highland,Pineapple,5.37,220.55,48.63,82.5,21.4,525.0,0.72
Bassa,Highland,Pineapple,5.86,234.94,54.06,91.68,21.17,1089.09,0.08
Bassa,Highland,Pineapple,4.74,245.42,45.22,247.65,18.36,841.3,0.08
Bassa,Highland,Pineapple,7.0,236.26,42.4,150.97,22.49,1010.79,1.25
Bassa,Highland,Pineapple,5.78,227.3,40.96,129.17,17.48,956.98,0.61
Bassa,Highland,Pineapple,4.55,213.29,65.17,82.5,16.5,748.24,0.08
Bassa,Highland,Pineapple,5.7,231.58,44.95,228.17,19.38,1085.64,0.87
Bassa,Highland,Pineapple,4.73,276.53,44.69,213.52,17.31,662.04,0.2
Bassa,Highland,Pineapple,4.23,225.19,44.95,200.44,20.04,805.82,0.21
Bassa,Highland,Pineapple,4.37,208.1,33.75,158.78,19.67,1119.1,0.08
Bassa,Highland,Pineapple,4.63,320.59,36.55,139.18,18.15,714.03,0.88
Bassa,Highland,Pineapple,5.45,251.82,33.75,177.3,23.71,1151.16,0.57
Bassa,Highland,Pineapple,3.95,259.17,55.29,82.5,18.37,1105.43,0.64
Bassa,Highland,Pineapple,3.47,278.9,48.62,204.35,19.51,1062.91,0.63
Bassa,Highland,Pineapple,4.85,247.07,39.95,260.11,20.72,788.65,0.09
Bassa,Highland,Onion,6.33,78.93,18.75,89.53,15.4,604.37,0.69
Bassa,Highland,Onion,6.27,57.89,39.37,51.67,16.73,499.44,0.84
Bassa,Highland,Onion,5.78,89.75,18.75,45.2,13.59,508.75,1.12
Bassa,Highland,Onion,6.07,93.89,18.75,55.28,12.25,599.06,0.73
Bassa,Highland,Onion,6.16,89.09,19.88,63.8,12.27,563.13,0.3
Bassa,Highland,Onion,5.86,59.43,48.66,53.88,19.31,575.68,0.53
Bassa,Highland,Onion,7.17,71.55,20.01,61.43,13.65,318.18,1.23
Bassa,Highland,Onion,6.91,104.25,32.43,46.75,16.93,649.05,1.6
Bassa,Highland,Onion,6.23,57.48,19.17,62.79,11.25,640.45,1.05
Bassa,Highland,Onion,6.6,64.57,45.37,69.62,12.74,481.33,0.3
Bassa,Highland,Onion,6.58,45.0,40.13,78.82,11.95,528.37,0.75
Bassa,Highland,Onion,6.78,98.92,18.75,45.33,13.73,386.75,0.48
Bassa,Highland,Onion,6.51,54.84,18.75,100.0,15.27,563.02,0.3
Bassa,Highland,Onion,6.41,57.51,18.75,33.75,16.81,687.5,0.93
Bassa,Highland,Onion,6.91,57.71,26.5,74.09,19.33,687.5,0.3
Bassa,Highland,Onion,6.22,67.83,24.48,59.74,16.88,666.88,1.62
Bassa,Highland,Onion,6.06,45.0,31.68,90.27,13.11,630.05,1.1
Bassa,Highland,Onion,6.37,61.51,18.75,33.75,11.27,504.51,1.31
Bassa,Highland,Onion,6.19,49.23,18.75,65.23,18.45,673.94,1.06
Bassa,Highland,Onion,5.38,53.14,50.2,74.72,11.25,543.52,0.93
Bassa,Highland,Onion,5.8,45.0,28.66,35.75,12.22,508.66,0.67
Bassa,Highland,Onion,6.25,45.0,24.94,33.75,15.4,262.5,0.58
Bassa,Highland,Onion,6.8,45.0,35.86,75.41,11.25,532.36,0.3
Bassa,Highland,Onion,6.19,61.18,18.75,91.1,15.33,451.05,1.51
Bassa,Highland,Onion,5.19,45.0,18.75,88.58,15.47,626.85,0.89
Bassa,Highland,Onion,6.6,63.17,30.66,54.02,12.73,544.57,0.88
Bassa,Highland,Onion,6.32,45.0,18.75,73.92,13.61,618.15,0.3
Bassa,Highland,Onion,5.38,45.0,24.91,38.26,18.26,570.92,1.71
Bassa,Highland,Onion,6.5,45.0,39.81,33.75,15.17,459.71,1.86
Bassa,Highland,Onion,7.11,45.0,26.02,56.82,17.01,553.4,0.3
Bassa,Highland,Onion,5.83,61.24,41.89,60.56,12.25,625.57,0.53
Bassa,Highland,Onion,6.79,120.34,23.32,68.18,12.33,536.92,0.75
Bassa,Highland,Onion,6.14,118.85,23.93,63.8,11.25,600.35,1.34
Bassa,Highland,Onion,5.94,45.0,27.06,52.18,16.6,687.5,0.54
Bassa,Highland,Onion,5.75,45.0,29.81,61.61,12.91,640.76,0.98
Bassa,Highland,Onion,6.28,45.0,21.89,33.75,15.18,553.07,0.84
Bassa,Highland,Onion,6.56,70.35,26.22,52.82,11.25,481.97,0.76
Bassa,Highland,Onion,5.82,81.43,19.83,56.24,14.84,636.98,1.21
Bassa,Highland,Onion,6.67,45.0,41.42,82.99,13.1,577.58,0.3
Bassa,Highland,Onion,5.1,45.0,21.21,44.59,11.71,464.52,0.73
Bassa,Highland,Onion,5.8,74.04,35.45,100.0,17.77,578.33,0.41
Bassa,Highland,Onion,6.43,68.97,21.52,67.82,11.25,521.52,1.03
Bassa,Highland,Onion,6.08,56.52,25.9,34.78,17.91,431.35,0.9
Bassa,Highland,Onion,6.5,45.0,28.36,33.75,18.54,417.27,0.39
Bassa,Highland,Onion,5.53,45.0,46.05,62.9,14.91,473.48,1.21
Bassa,Highland,Onion,5.77,79.88,18.75,38.68,16.7,650.68,1.05
Bassa,Highland,Onion,5.63,50.92,29.33,34.5,18.48,270.05,0.33
Bassa,Highland,Onion,5.95,45.0,18.75,64.59,14.59,687.5,1.55
Bassa,Highland,Onion,6.51,68.66,28.27,33.75,11.25,561.73,1.06
Bassa,Highland,Onion,6.43,45.0,38.43,82.08,17.22,665.34,0.44
Barkin Ladi,Lowland,Irish-potato,5.99,107.89,64.12,179.03,17.57,300.0,0.97
Barkin Ladi,Lowland,Irish-potato,5.92,87.34,70.8,198.54,16.95,643.04,0.83
Barkin Ladi,Lowland,Irish-potato,6.34,117.99,54.89,113.24,17.69,364.34,0.35
Barkin Ladi,Lowland,Irish-potato,4.95,74.66,65.43,225.0,13.71,699.65,0.95
Barkin Ladi,Lowland,Irish-potato,4.34,129.31,47.36,155.56,16.59,300.0,1.39
Barkin Ladi,Lowland,Irish-potato,4.89,60.0,64.81,96.56,13.96,608.71,0.39
Barkin Ladi,Lowland,Irish-potato,3.26,124.59,49.85,148.42,16.9,440.54,0.62
Barkin Ladi,Lowland,Irish-potato,6.31,60.0,62.96,193.56,15.34,300.0,1.55
Barkin Ladi,Lowland,Irish-potato,4.32,81.56,70.7,161.67,11.71,705.74,0.74
Barkin Ladi,Lowland,Irish-potato,4.8,111.74,66.11,225.0,12.19,544.54,1.4
Barkin Ladi,Lowland,Irish-potato,5.01,130.35,71.52,90.0,24.12,300.0,0.42
Barkin Ladi,Lowland,Irish-potato,4.91,150.0,49.78,158.17,23.01,347.44,0.4
Barkin Ladi,Lowland,Irish-potato,4.79,150.0,56.41,225.0,20.58,300.0,1.04
Barkin Ladi,Lowland,Irish-potato,4.44,79.4,75.0,213.33,21.01,300.0,1.84
Barkin Ladi,Lowland,Irish-potato,6.01,150.0,75.0,90.0,14.12,300.0,0.52
Barkin Ladi,Lowland,Irish-potato,5.38,82.95,75.0,225.0,17.98,742.18,1.8
Barkin Ladi,Lowland,Irish-potato,4.76,60.0,51.36,126.01,18.72,415.61,1.05
Barkin Ladi,Lowland,Irish-potato,5.54,60.35,62.37,136.77,18.7,567.55,0.37
Barkin Ladi,Lowland,Irish-potato,4.9,98.64,46.17,207.09,15.48,302.8,0.64
Barkin Ladi,Lowland,Irish-potato,6.0,85.56,63.22,225.0,17.74,594.61,1.88
Barkin Ladi,Lowland,Irish-potato,5.95,102.2,66.41,92.26,15.27,300.0,1.88
Barkin Ladi,Lowland,Irish-potato,4.47,73.83,36.9,189.24,18.5,590.18,1.37
Barkin Ladi,Lowland,Irish-potato,4.01,74.54,75.0,149.18,22.16,373.81,0.51
Barkin Ladi,Lowland,Irish-potato,4.88,68.91,45.27,170.4,19.79,300.0,1.0
Barkin Ladi,Lowland,Irish-potato,4.65,80.1,57.49,130.95,22.84,607.91,1.63
Barkin Ladi,Lowland,Irish-potato,4.72,69.1,56.61,151.96,15.87,300.0,0.99
Barkin Ladi,Lowland,Irish-potato,4.8,126.88,66.81,217.64,13.59,470.19,0.63
Barkin Ladi,Lowland,Irish-potato,4.14,87.79,73.87,140.3,23.48,496.05,0.81
Barkin Ladi,Lowland,Irish-potato,6.06,118.38,38.85,225.0,18.91,403.29,0.56
Barkin Ladi,Lowland,Irish-potato,6.07,120.9,66.18,133.2,20.92,559.57,0.66
Barkin Ladi,Lowland,Irish-potato,3.98,123.14,30.0,167.83,16.43,613.27,0.81
Barkin Ladi,Lowland,Irish-potato,6.01,84.79,72.67,225.0,14.26,451.11,1.88
Barkin Ladi,Lowland,Irish-potato,5.18,104.95,68.97,162.01,12.02,598.15,0.22
Barkin Ladi,Lowland,Irish-potato,4.79,145.05,48.93,123.43,21.08,300.0,0.37
Barkin Ladi,Lowland,Irish-potato,5.34,96.39,33.41,193.29,19.63,337.04,0.86
Barkin Ladi,Lowland,Irish-potato,5.5,144.45,50.22,194.22,19.98,553.88,1.03
Barkin Ladi,Lowland,Irish-potato,4.39,86.6,61.17,225.0,16.31,540.84,0.84
Barkin Ladi,Lowland,Irish-potato,5.21,150.0,68.55,94.68,16.0,619.84,1.09
Barkin Ladi,Lowland,Irish-potato,4.2,74.13,67.48,212.05,18.06,750.0,1.45
Barkin Ladi,Lowland,Irish-potato,4.93,74.24,38.11,177.46,16.29,692.91,1.78
Barkin Ladi,Lowland,Irish-potato,5.63,61.53,43.41,225.0,16.03,596.37,1.26
Barkin Ladi,Lowland,Irish-potato,5.16,78.19,53.52,169.8,21.61,300.0,0.88
Barkin Ladi,Lowland,Irish-potato,5.16,125.99,39.27,90.73,20.36,300.0,1.69
Barkin Ladi,Lowland,Irish-potato,5.0,60.0,46.76,179.75,16.14,403.51,1.4
Barkin Ladi,Lowland,Irish-potato,4.96,70.0,49.94,225.0,23.9,300.0,1.59
Barkin Ladi,Lowland,Irish-potato,5.32,135.13,45.54,90.0,20.05,300.0,0.29
Barkin Ladi,Lowland,Irish-potato,4.06,123.82,57.61,200.93,20.34,326.34,0.98
Barkin Ladi,Lowland,Irish-potato,4.71,95.43,38.24,180.35,21.76,300.0,1.69
Barkin Ladi,Lowland,Irish-potato,5.21,111.23,30.0,90.0,18.5,538.2,0.66
Barkin Ladi,Lowland,Irish-potato,6.47,128.51,39.27,161.47,25.0,300.0,1.29
Barkin Ladi,Lowland,Tomato,6.07,148.4,125.94,191.87,29.08,658.88,1.26
Barkin Ladi,Lowland,Tomato,7.35,110.58,93.18,201.62,27.76,540.4,1.14
Barkin Ladi,Lowland,Tomato,8.21,172.4,114.9,185.83,21.99,305.32,1.88
Barkin Ladi,Lowland,Tomato,5.04,147.53,64.29,248.18,24.57,555.44,2.01
Barkin Ladi,Lowland,Tomato,8.1,170.38,96.44,155.91,20.19,300.0,0.46
Barkin Ladi,Lowland,Tomato,6.52,111.48,87.94,232.78,23.25,300.0,1.18
Barkin Ladi,Lowland,Tomato,5.4,119.9,127.92,197.26,31.25,566.86,0.81
Barkin Ladi,Lowland,Tomato,5.16,126.26,122.95,187.03,28.22,540.84,0.67
Barkin Ladi,Lowland,Tomato,5.66,148.57,96.66,177.91,23.06,391.78,0.38
Barkin Ladi,Lowland,Tomato,7.33,113.84,48.75,208.74,21.46,596.83,0.8
Barkin Ladi,Lowland,Tomato,5.17,142.6,75.33,173.56,26.59,300.0,0.38
Barkin Ladi,Lowland,Tomato,8.44,144.69,85.74,209.69,26.57,513.44,0.68
Barkin Ladi,Lowland,Tomato,6.87,113.02,87.71,217.33,24.47,485.73,1.55
Barkin Ladi,Lowland,Tomato,4.7,88.2,82.97,294.97,21.01,375.73,0.84
Barkin Ladi,Lowland,Tomato,5.8,132.99,129.44,231.07,21.21,720.89,1.27
Barkin Ladi,Lowland,Tomato,5.78,168.96,80.36,287.26,20.93,566.67,1.35
Barkin Ladi,Lowland,Tomato,7.93,183.24,62.94,269.24,18.73,300.0,0.65
Barkin Ladi,Lowland,Tomato,7.02,128.75,88.28,216.66,26.92,477.88,1.98
Barkin Ladi,Lowland,Tomato,8.54,127.17,78.99,238.41,19.81,320.9,1.91
Barkin Ladi,Lowland,Tomato,6.3,92.57,53.56,212.12,29.18,531.53,1.29
Barkin Ladi,Lowland,Tomato,8.75,124.74,89.03,120.0,22.67,499.3,2.31
Barkin Ladi,Lowland,Tomato,5.48,141.27,120.15,210.37,15.15,428.82,1.75
Barkin Ladi,Lowland,Tomato,5.35,120.38,62.34,120.0,28.71,399.56,2.33
Barkin Ladi,Lowland,Tomato,7.43,117.47,90.49,236.2,28.46,437.61,1.99
Barkin Ladi,Lowland,Tomato,6.1,98.72,90.97,219.4,19.58,300.0,1.53
Barkin Ladi,Lowland,Tomato,5.97,122.96,83.23,280.63,29.67,300.0,0.84
Barkin Ladi,Lowland,Tomato,7.42,145.34,91.58,156.89,21.7,339.77,1.41
Barkin Ladi,Lowland,Tomato,8.41,107.77,65.74,204.79,28.72,300.0,2.23
Barkin Ladi,Lowland,Tomato,6.24,106.38,50.67,242.74,23.8,419.9,0.58
Barkin Ladi,Lowland,Tomato,6.07,113.61,90.03,178.68,18.22,718.01,0.38
Barkin Ladi,Lowland,Tomato,6.65,76.13,48.75,214.4,25.21,547.03,1.49
Barkin Ladi,Lowland,Tomato,6.27,100.11,132.02,253.09,19.4,404.42,1.31
Barkin Ladi,Lowland,Tomato,6.04,150.3,114.5,200.98,23.35,574.7,1.87
Barkin Ladi,Lowland,Tomato,6.53,80.29,101.7,242.34,13.5,429.36,0.92
Barkin Ladi,Lowland,Tomato,6.19,101.34,88.78,274.65,22.67,512.54,0.65
Barkin Ladi,Lowland,Tomato,7.32,127.84,101.91,210.18,27.13,300.0,0.38
Barkin Ladi,Lowland,Tomato,6.92,75.0,78.74,207.32,21.11,319.4,1.4
Barkin Ladi,Lowland,Tomato,7.61,99.85,77.58,175.81,14.58,416.52,1.87
Barkin Ladi,Lowland,Tomato,7.62,102.4,59.81,210.85,27.9,418.05,1.42
Barkin Ladi,Lowland,Tomato,7.76,106.24,86.9,285.94,23.69,300.0,0.75
Barkin Ladi,Lowland,Tomato,5.36,138.21,69.15,222.46,21.49,300.0,1.43
Barkin Ladi,Lowland,Tomato,6.61,142.89,75.0,173.56,26.14,577.04,1.22
Barkin Ladi,Lowland,Tomato,6.93,118.42,52.15,254.88,28.22,482.84,1.09
Barkin Ladi,Lowland,Tomato,7.13,153.85,135.2,255.86,24.76,300.0,1.32
Barkin Ladi,Lowland,Tomato,6.74,148.46,128.21,205.42,31.25,300.0,1.51
Barkin Ladi,Lowland,Tomato,5.52,75.0,87.37,142.02,23.84,404.05,2.0
Barkin Ladi,Lowland,Tomato,4.7,154.28,95.25,257.74,22.73,300.0,0.38
Barkin Ladi,Lowland,Tomato,4.95,141.72,131.44,183.55,27.08,300.0,1.34
Barkin Ladi,Lowland,Tomato,7.21,85.57,87.32,243.17,13.5,555.65,1.46
Barkin Ladi,Lowland,Tomato,7.27,115.76,48.75,234.71,24.16,403.74,1.98
Barkin Ladi,Lowland,Groundnut,7.4,25.0,34.92,36.3,27.34,548.45,1.17
Barkin Ladi,Lowland,Groundnut,6.07,17.84,50.0,40.25,31.26,557.47,1.15
Barkin Ladi,Lowland,Groundnut,6.46,13.08,32.97,28.94,27.06,529.47,1.44
Barkin Ladi,Lowland,Groundnut,7.18,21.45,49.67,33.91,27.42,782.68,0.79
Barkin Ladi,Lowland,Groundnut,7.61,23.43,11.25,45.06,28.51,538.46,0.55
Barkin Ladi,Lowland,Groundnut,6.28,15.01,31.24,50.0,34.36,662.77,1.11
Barkin Ladi,Lowland,Groundnut,6.35,15.4,35.73,36.81,30.02,583.97,1.0
Barkin Ladi,Lowland,Groundnut,7.55,12.5,46.29,36.26,24.71,562.02,1.24
Barkin Ladi,Lowland,Groundnut,7.23,17.91,37.2,43.54,24.06,375.0,0.79
Barkin Ladi,Lowland,Groundnut,6.99,17.86,42.54,40.46,29.97,483.15,1.45
Barkin Ladi,Lowland,Groundnut,6.99,25.0,37.81,40.48,24.85,375.0,0.47
Barkin Ladi,Lowland,Groundnut,6.42,20.1,24.99,43.98,32.49,489.77,1.5
Barkin Ladi,Lowland,Groundnut,6.24,16.91,24.8,50.0,20.16,375.0,0.78
Barkin Ladi,Lowland,Groundnut,7.87,19.11,12.94,31.87,33.86,427.61,0.48
Barkin Ladi,Lowland,Groundnut,7.82,23.7,50.0,34.04,22.66,515.52,0.93
Barkin Ladi,Lowland,Groundnut,7.16,25.0,11.25,49.87,24.16,599.74,0.65
Barkin Ladi,Lowland,Groundnut,6.46,14.23,11.57,42.7,25.3,591.64,1.04
Barkin Ladi,Lowland,Groundnut,7.95,19.93,40.27,50.0,25.8,375.0,0.88
Barkin Ladi,Lowland,Groundnut,6.1,25.0,50.0,50.0,28.22,564.17,0.65
Barkin Ladi,Lowland,Groundnut,7.47,10.69,11.25,35.43,22.91,672.25,1.45
Barkin Ladi,Lowland,Groundnut,6.11,25.0,46.56,28.61,26.63,432.38,1.08
Barkin Ladi,Lowland,Groundnut,6.21,17.21,22.66,46.49,27.24,437.62,0.74
Barkin Ladi,Lowland,Groundnut,8.15,15.36,17.48,47.45,27.5,375.0,1.5
Barkin Ladi,Lowland,Groundnut,6.73,15.58,35.0,50.0,22.12,532.17,1.5
Barkin Ladi,Lowland,Groundnut,7.02,10.57,23.65,44.16,32.66,460.45,1.1
Barkin Ladi,Lowland,Groundnut,6.09,9.35,25.62,50.0,28.24,533.78,0.91
Barkin Ladi,Lowland,Groundnut,7.6,14.23,42.72,35.08,34.94,406.71,0.51
Barkin Ladi,Lowland,Groundnut,7.27,18.26,37.44,44.34,24.18,688.04,1.13
Barkin Ladi,Lowland,Groundnut,7.75,14.7,38.75,44.08,31.95,635.23,0.88
Barkin Ladi,Lowland,Groundnut,6.04,25.0,40.79,37.02,29.42,375.0,1.18
Barkin Ladi,Lowland,Groundnut,6.07,16.5,36.24,50.0,28.37,574.0,0.8
Barkin Ladi,Lowland,Groundnut,6.92,18.29,29.91,27.59,25.31,528.53,0.73
Barkin Ladi,Lowland,Groundnut,6.85,15.9,20.07,38.03,26.93,500.6,0.95
Barkin Ladi,Lowland,Groundnut,6.84,11.77,12.27,50.0,24.05,439.55,0.99
Barkin Ladi,Lowland,Groundnut,7.16,20.84,26.21,44.44,28.21,463.62,0.9
Barkin Ladi,Lowland,Groundnut,7.57,17.66,32.44,50.0,31.36,684.61,0.2
Barkin Ladi,Lowland,Groundnut,7.48,21.31,19.74,44.55,31.68,403.36,0.97
Barkin Ladi,Lowland,Groundnut,7.46,11.53,30.59,44.98,25.21,397.53,0.77
Barkin Ladi,Lowland,Groundnut,7.42,21.55,20.1,48.05,25.07,375.0,0.69
Barkin Ladi,Lowland,Groundnut,7.61,21.63,32.65,38.7,26.64,512.68,0.44
Barkin Ladi,Lowland,Groundnut,6.74,16.53,12.95,35.01,29.44,501.11,0.71
Barkin Ladi,Lowland,Groundnut,6.4,25.0,20.44,44.55,26.29,504.23,0.97
Barkin Ladi,Lowland,Groundnut,6.13,17.75,50.0,50.0,27.54,504.86,1.5
Barkin Ladi,Lowland,Groundnut,7.62,14.18,23.64,50.0,24.46,626.77,0.93
Barkin Ladi,Lowland,Groundnut,7.25,16.29,23.48,50.0,27.14,452.11,0.79
Barkin Ladi,Lowland,Groundnut,7.06,11.77,24.43,36.94,30.96,396.74,0.2
Barkin Ladi,Lowland,Groundnut,5.77,9.2,50.0,42.49,29.75,562.53,0.83
Barkin Ladi,Lowland,Groundnut,6.9,23.9,34.8,50.0,30.17,428.0,0.64
Barkin Ladi,Lowland,Groundnut,6.51,24.91,26.76,35.36,29.12,488.68,0.92
Barkin Ladi,Lowland,Groundnut,8.07,23.13,33.07,30.02,26.25,582.87,0.4
Barkin Ladi,Lowland,Pepper,8.57,138.38,43.38,69.85,28.11,450.0,2.5
Barkin Ladi,Lowland,Pepper,7.85,178.1,22.38,92.74,31.85,1049.82,0.71
Barkin Ladi,Lowland,Pepper,6.12,119.29,33.86,125.0,15.41,1073.63,0.51
Barkin Ladi,Lowland,Pepper,5.85,75.0,34.66,125.0,26.89,450.0,2.13
Barkin Ladi,Lowland,Pepper,7.77,142.05,62.5,108.91,29.08,520.48,1.85
Barkin Ladi,Lowland,Pepper,6.88,159.08,32.68,90.71,21.21,450.0,2.11
Barkin Ladi,Lowland,Pepper,5.38,142.18,47.53,95.92,24.01,927.8,1.74
Barkin Ladi,Lowland,Pepper,7.34,208.78,46.09,89.03,20.74,990.25,1.88
Barkin Ladi,Lowland,Pepper,6.52,160.09,38.4,104.96,30.29,1165.62,1.5
Barkin Ladi,Lowland,Pepper,5.78,112.73,51.36,125.0,23.71,997.79,1.02
Barkin Ladi,Lowland,Pepper,5.84,110.1,18.75,122.88,13.79,725.0,0.59
Barkin Ladi,Lowland,Pepper,5.92,194.16,45.61,62.01,22.41,534.84,1.38
Barkin Ladi,Lowland,Pepper,6.84,212.5,18.75,86.43,23.84,1183.79,1.66
Barkin Ladi,Lowland,Pepper,7.21,151.92,29.07,119.14,29.69,1172.03,2.3
Barkin Ladi,Lowland,Pepper,7.06,198.44,48.18,81.6,25.47,815.96,1.05
Barkin Ladi,Lowland,Pepper,8.12,149.93,44.05,97.54,33.75,450.0,0.82
Barkin Ladi,Lowland,Pepper,5.48,128.27,46.25,75.13,22.67,878.98,1.06
Barkin Ladi,Lowland,Pepper,6.96,183.42,52.55,110.47,31.2,932.21,1.3
Barkin Ladi,Lowland,Pepper,6.02,121.77,35.03,106.55,27.32,1089.11,0.6
Barkin Ladi,Lowland,Pepper,7.95,120.31,26.62,75.82,33.75,678.04,1.19
Barkin Ladi,Lowland,Pepper,6.52,131.71,31.27,91.11,31.15,944.13,0.64
Barkin Ladi,Lowland,Pepper,6.39,115.21,43.44,122.27,24.72,791.58,2.5
Barkin Ladi,Lowland,Pepper,7.46,161.3,62.5,100.21,15.07,1140.62,0.45
Barkin Ladi,Lowland,Pepper,7.09,75.0,35.86,77.8,21.46,692.77,2.14
Barkin Ladi,Lowland,Pepper,6.07,160.12,28.58,82.37,27.2,450.0,0.5
Barkin Ladi,Lowland,Pepper,7.12,183.78,41.52,75.34,26.32,846.03,1.58
Barkin Ladi,Lowland,Pepper,4.48,94.01,30.33,91.31,26.48,1066.14,1.59
Barkin Ladi,Lowland,Pepper,5.55,197.05,61.23,54.32,27.25,599.3,1.51
Barkin Ladi,Lowland,Pepper,7.61,212.5,53.64,95.09,23.72,894.04,2.37
Barkin Ladi,Lowland,Pepper,6.65,101.51,19.03,100.82,26.8,580.17,2.13
Barkin Ladi,Lowland,Pepper,6.32,132.28,42.43,78.14,26.74,1261.48,0.61
Barkin Ladi,Lowland,Pepper,7.12,144.84,44.91,110.23,25.76,1007.03,1.92
Barkin Ladi,Lowland,Pepper,6.25,150.04,39.01,83.87,23.81,1003.56,1.47
Barkin Ladi,Lowland,Pepper,7.04,137.07,19.26,88.17,25.83,916.96,1.0
Barkin Ladi,Lowland,Pepper,5.65,163.37,38.68,91.84,24.02,822.7,1.1
Barkin Ladi,Lowland,Pepper,5.85,157.19,33.87,91.65,27.65,602.57,0.57
Barkin Ladi,Lowland,Pepper,8.75,116.18,51.77,125.0,29.65,711.12,1.37
Barkin Ladi,Lowland,Pepper,5.96,173.9,50.94,73.84,20.03,450.0,2.1
Barkin Ladi,Lowland,Pepper,6.8,146.6,30.66,48.93,30.55,840.93,2.05
Barkin Ladi,Lowland,Pepper,6.35,128.09,53.08,106.57,29.69,713.1,1.84
Barkin Ladi,Lowland,Pepper,7.66,133.5,35.18,122.6,22.06,1063.6,1.37
Barkin Ladi,Lowland,Pepper,5.08,184.01,18.75,41.25,28.27,1024.79,0.97
Barkin Ladi,Lowland,Pepper,6.82,75.0,52.99,93.9,25.26,832.9,1.76
Barkin Ladi,Lowland,Pepper,6.67,75.0,62.5,118.87,18.75,694.18,1.25
Barkin Ladi,Lowland,Pepper,7.64,75.0,35.39,41.25,24.0,645.9,1.47
Barkin Ladi,Lowland,Pepper,6.16,107.04,51.71,99.28,28.39,757.95,1.01
Barkin Ladi,Lowland,Pepper,6.59,158.31,18.75,97.69,27.12,848.56,1.31
Barkin Ladi,Lowland,Pepper,4.45,119.78,62.5,87.69,23.89,831.41,1.66
Barkin Ladi,Lowland,Pepper,7.27,128.42,48.87,125.0,30.78,1562.5,0.95
Barkin Ladi,Lowland,Pepper,8.16,105.41,47.83,106.58,22.82,858.34,2.05
Barkin Ladi,Lowland,Cabbage,6.52,176.46,50.56,158.79,28.17,333.72,0.74
Barkin Ladi,Lowland,Cabbage,6.64,123.83,62.25,146.81,30.0,353.96,0.56
Barkin Ladi,Lowland,Cabbage,6.62,122.45,53.66,104.22,30.0,361.18,0.56
Barkin Ladi,Lowland,Cabbage,7.43,93.44,53.08,110.8,30.0,322.3,0.15
Barkin Ladi,Lowland,Cabbage,7.66,118.86,46.49,119.31,24.25,368.28,1.62
Barkin Ladi,Lowland,Cabbage,6.44,129.15,56.55,97.86,27.22,372.43,1.03
Barkin Ladi,Lowland,Cabbage,7.2,107.81,53.87,125.51,29.47,452.57,1.25
Barkin Ladi,Lowland,Cabbage,6.96,135.66,62.77,106.89,20.2,285.0,0.86
Barkin Ladi,Lowland,Cabbage,7.92,151.78,54.59,123.58,13.2,335.62,1.35
Barkin Ladi,Lowland,Cabbage,7.33,187.5,73.1,128.42,25.52,325.83,0.44
Barkin Ladi,Lowland,Cabbage,7.72,157.21,60.56,129.64,30.0,399.24,0.3
Barkin Ladi,Lowland,Cabbage,7.09,122.9,72.41,142.89,30.0,285.0,0.58
Barkin Ladi,Lowland,Cabbage,7.61,110.54,49.36,134.17,15.54,465.29,1.04
Barkin Ladi,Lowland,Cabbage,7.04,117.03,76.59,131.12,16.67,285.0,0.88
Barkin Ladi,Lowland,Cabbage,6.36,157.79,46.85,122.41,24.98,363.95,0.61
Barkin Ladi,Lowland,Cabbage,7.34,101.96,62.47,136.26,23.78,292.75,1.42
Barkin Ladi,Lowland,Cabbage,6.99,149.45,76.05,144.4,29.13,353.49,1.25
Barkin Ladi,Lowland,Cabbage,7.07,92.53,65.32,129.33,24.76,331.04,0.59
Barkin Ladi,Lowland,Cabbage,7.33,89.5,75.44,120.8,22.0,379.1,1.16
Barkin Ladi,Lowland,Cabbage,6.1,151.82,65.32,113.73,13.89,316.62,0.37
Barkin Ladi,Lowland,Cabbage,7.97,171.12,66.62,120.94,18.39,393.06,1.62
Barkin Ladi,Lowland,Cabbage,6.6,95.21,76.21,93.57,11.78,322.72,0.26
Barkin Ladi,Lowland,Cabbage,7.6,152.78,57.64,147.24,30.0,332.08,0.72
Barkin Ladi,Lowland,Cabbage,8.29,148.82,64.91,148.71,22.46,304.61,0.95
Barkin Ladi,Lowland,Cabbage,7.56,75.0,60.15,149.05,15.83,448.23,1.51
Barkin Ladi,Lowland,Cabbage,6.9,111.22,60.16,162.5,30.0,348.78,0.66
Barkin Ladi,Lowland,Cabbage,7.01,134.9,51.79,126.25,30.0,285.0,1.26
Barkin Ladi,Lowland,Cabbage,7.76,111.45,77.49,112.77,23.6,318.53,0.78
Barkin Ladi,Lowland,Cabbage,6.58,148.16,70.1,123.72,8.91,368.22,1.09
Barkin Ladi,Lowland,Cabbage,6.81,182.23,48.99,86.05,14.04,389.73,0.47
Barkin Ladi,Lowland,Cabbage,6.36,155.52,66.72,131.45,26.37,310.24,0.75
Barkin Ladi,Lowland,Cabbage,7.42,88.58,43.92,117.27,27.59,357.89,1.27
Barkin Ladi,Lowland,Cabbage,5.74,136.99,68.39,101.21,27.03,332.19,1.62
Barkin Ladi,Lowland,Cabbage,5.65,167.71,59.22,96.55,15.7,359.42,1.35
Barkin Ladi,Lowland,Cabbage,7.97,169.25,54.22,144.63,23.19,294.18,0.82
Barkin Ladi,Lowland,Cabbage,6.52,128.87,56.29,106.86,23.91,384.01,0.84
Barkin Ladi,Lowland,Cabbage,7.76,120.2,60.02,136.41,18.92,345.94,0.15
Barkin Ladi,Lowland,Cabbage,6.95,75.0,51.99,101.48,11.5,301.58,0.71
Barkin Ladi,Lowland,Cabbage,7.34,134.28,46.04,126.31,22.6,317.0,0.89
Barkin Ladi,Lowland,Cabbage,7.06,150.08,48.89,120.57,30.0,439.17,1.27
Barkin Ladi,Lowland,Cabbage,7.26,176.03,79.45,122.59,12.09,321.08,1.62
Barkin Ladi,Lowland,Cabbage,6.01,114.07,50.31,127.03,10.19,332.39,0.15
Barkin Ladi,Lowland,Cabbage,7.31,163.43,59.31,122.48,18.67,352.66,0.9
Barkin Ladi,Lowland,Cabbage,7.4,163.74,55.55,119.44,27.35,285.0,0.15
Barkin Ladi,Lowland,Cabbage,7.08,142.26,56.35,114.72,13.8,285.0,1.21
Barkin Ladi,Lowland,Cabbage,6.24,120.05,54.75,99.38,27.1,303.61,0.99
Barkin Ladi,Lowland,Cabbage,6.05,106.16,69.29,162.5,7.5,325.92,1.09
Barkin Ladi,Lowland,Cabbage,6.58,152.56,55.09,127.54,15.74,425.36,0.63
Barkin Ladi,Lowland,Cabbage,6.73,155.36,53.68,126.05,7.5,285.0,1.07
Barkin Ladi,Lowland,Cabbage,6.35,111.92,66.99,114.71,26.71,355.1,1.1
Barkin Ladi,Lowland,Maize,8.38,187.12,97.1,111.12,24.56,776.3,1.4
Barkin Ladi,Lowland,Maize,6.49,185.91,89.64,100.47,35.0,740.14,1.58
Barkin Ladi,Lowland,Maize,5.76,172.55,71.42,106.11,29.97,579.67,1.3
Barkin Ladi,Lowland,Maize,7.77,152.76,99.84,45.0,33.77,542.09,1.92
Barkin Ladi,Lowland,Maize,7.36,187.88,79.87,108.74,25.47,731.09,0.45
Barkin Ladi,Lowland,Maize,6.94,202.16,87.58,100.61,25.17,706.92,0.75
Barkin Ladi,Lowland,Maize,8.97,175.32,43.23,61.96,27.2,574.47,2.5
Barkin Ladi,Lowland,Maize,5.74,178.94,51.63,78.35,34.84,375.0,1.62
Barkin Ladi,Lowland,Maize,7.4,177.09,79.26,62.77,34.71,886.85,1.25
Barkin Ladi,Lowland,Maize,9.38,166.16,77.18,123.28,24.86,375.0,0.3
Barkin Ladi,Lowland,Maize,9.32,162.37,66.92,63.87,31.41,413.23,0.87
Barkin Ladi,Lowland,Maize,7.29,146.77,67.05,122.58,28.99,572.84,1.36
Barkin Ladi,Lowland,Maize,6.49,235.99,55.96,94.77,27.54,726.53,1.99
Barkin Ladi,Lowland,Maize,6.91,186.27,75.92,45.0,19.6,444.11,0.82
Barkin Ladi,Lowland,Maize,5.56,199.65,70.21,84.84,21.15,542.2,0.3
Barkin Ladi,Lowland,Maize,6.75,179.63,74.4,53.33,28.05,375.0,0.65
Barkin Ladi,Lowland,Maize,7.77,236.51,71.07,70.77,27.88,714.33,1.65
Barkin Ladi,Lowland,Maize,9.38,156.94,74.58,125.0,33.92,375.0,1.21
Barkin Ladi,Lowland,Maize,8.66,250.0,82.49,81.26,22.3,938.28,1.72
Barkin Ladi,Lowland,Maize,5.96,171.87,75.6,102.54,22.81,442.52,0.3
Barkin Ladi,Lowland,Maize,8.14,167.83,78.33,123.05,28.02,530.23,1.35
Barkin Ladi,Lowland,Maize,7.02,214.12,75.61,77.14,31.88,765.33,0.3
Barkin Ladi,Lowland,Maize,8.71,188.43,75.13,113.35,24.36,716.98,0.95
Barkin Ladi,Lowland,Maize,5.24,148.7,80.09,67.78,34.49,758.12,2.15
Barkin Ladi,Lowland,Maize,7.09,185.31,49.28,113.09,28.77,649.28,2.4
Barkin Ladi,Lowland,Maize,6.24,174.11,75.89,68.01,26.13,636.27,0.99
Barkin Ladi,Lowland,Maize,8.45,133.74,89.82,105.28,24.35,388.23,0.3
Barkin Ladi,Lowland,Maize,6.02,208.32,69.19,117.0,24.11,673.74,0.71
Barkin Ladi,Lowland,Maize,5.83,174.67,58.53,53.83,26.15,568.63,2.1
Barkin Ladi,Lowland,Maize,8.02,213.36,82.78,97.61,21.28,576.23,1.63
Barkin Ladi,Lowland,Maize,8.63,197.8,91.88,65.76,25.48,625.14,2.03
Barkin Ladi,Lowland,Maize,6.77,175.39,82.2,63.56,34.48,396.15,0.3
Barkin Ladi,Lowland,Maize,6.95,227.31,80.43,107.38,27.19,523.33,0.3
Barkin Ladi,Lowland,Maize,4.33,183.51,93.14,97.88,29.9,827.15,1.44
Barkin Ladi,Lowland,Maize,6.8,153.93,100.0,102.14,22.61,375.0,2.09
Barkin Ladi,Lowland,Maize,5.74,231.84,37.5,123.06,29.27,570.75,1.09
Barkin Ladi,Lowland,Maize,9.13,198.41,54.36,49.72,27.83,549.81,0.3
Barkin Ladi,Lowland,Maize,6.88,161.06,70.33,106.79,33.95,709.06,0.71
Barkin Ladi,Lowland,Maize,7.37,179.63,46.86,99.15,35.0,555.67,0.3
Barkin Ladi,Lowland,Maize,6.98,142.41,85.28,102.1,26.2,492.05,1.07
Barkin Ladi,Lowland,Maize,6.95,155.28,45.89,116.43,25.21,579.23,1.41
Barkin Ladi,Lowland,Maize,7.31,143.57,40.84,76.11,28.84,422.61,0.97
Barkin Ladi,Lowland,Maize,9.38,123.99,56.96,125.0,26.79,426.45,2.03
Barkin Ladi,Lowland,Maize,7.01,167.64,73.54,74.48,22.26,530.12,0.51
Barkin Ladi,Lowland,Maize,6.95,188.12,85.1,116.18,25.11,637.4,1.56
Barkin Ladi,Lowland,Maize,7.32,163.81,52.18,101.57,19.05,503.13,0.3
Barkin Ladi,Lowland,Maize,5.4,152.22,89.36,105.91,24.42,677.64,1.84
Barkin Ladi,Lowland,Maize,6.76,137.43,66.53,87.56,21.26,614.23,1.41
Barkin Ladi,Lowland,Maize,7.46,185.92,82.94,85.66,27.94,480.4,0.8
Barkin Ladi,Lowland,Maize,8.49,118.21,85.51,75.36,23.51,595.78,0.3
Barkin Ladi,Lowland,Wheat,6.5,103.04,43.88,35.61,25.0,659.44,0.6
Barkin Ladi,Lowland,Wheat,8.07,152.83,48.34,37.74,19.79,362.79,1.35
Barkin Ladi,Lowland,Wheat,6.05,124.45,36.39,44.43,16.87,474.1,1.12
Barkin Ladi,Lowland,Wheat,7.78,159.33,54.46,18.75,18.08,414.68,2.12
Barkin Ladi,Lowland,Wheat,5.54,99.16,45.93,48.59,21.6,501.71,2.01
Barkin Ladi,Lowland,Wheat,7.67,129.42,49.06,18.75,24.99,337.5,0.77
Barkin Ladi,Lowland,Wheat,7.18,147.4,27.66,46.94,22.8,565.91,1.1
Barkin Ladi,Lowland,Wheat,7.1,109.83,42.88,32.29,17.92,500.63,1.83
Barkin Ladi,Lowland,Wheat,8.01,134.03,49.29,60.17,15.44,350.43,1.51
Barkin Ladi,Lowland,Wheat,7.42,108.26,50.5,62.5,21.04,459.83,2.46
Barkin Ladi,Lowland,Wheat,5.29,128.62,50.89,37.96,16.94,428.34,1.66
Barkin Ladi,Lowland,Wheat,6.39,187.5,42.37,30.51,20.23,555.81,1.73
Barkin Ladi,Lowland,Wheat,8.0,102.38,53.87,55.55,23.54,492.56,2.44
Barkin Ladi,Lowland,Wheat,6.43,113.47,53.04,62.5,17.17,479.11,1.34
Barkin Ladi,Lowland,Wheat,6.64,136.1,51.84,53.94,19.57,510.01,1.4
Barkin Ladi,Lowland,Wheat,7.92,168.51,33.03,58.98,16.03,593.16,1.16
Barkin Ladi,Lowland,Wheat,6.04,148.06,47.3,32.77,16.86,428.15,0.66
Barkin Ladi,Lowland,Wheat,6.22,131.16,39.53,53.57,24.83,432.69,1.83
Barkin Ladi,Lowland,Wheat,9.77,93.17,52.13,62.5,22.98,600.55,1.96
Barkin Ladi,Lowland,Wheat,6.77,159.7,51.79,62.5,20.63,366.53,1.88
Barkin Ladi,Lowland,Wheat,8.53,157.66,42.66,51.95,16.7,564.8,1.03
Barkin Ladi,Lowland,Wheat,8.35,94.28,51.2,52.05,18.23,530.58,1.2
Barkin Ladi,Lowland,Wheat,8.31,119.8,35.11,33.01,19.25,609.46,2.5
Barkin Ladi,Lowland,Wheat,9.32,176.0,42.05,44.6,19.31,371.74,0.6
Barkin Ladi,Lowland,Wheat,7.43,90.31,44.97,62.5,19.02,472.7,2.51
Barkin Ladi,Lowland,Wheat,7.77,136.32,43.05,43.96,17.71,548.61,0.6
Barkin Ladi,Lowland,Wheat,8.56,86.87,50.8,42.18,16.92,517.52,2.53
Barkin Ladi,Lowland,Wheat,6.94,148.8,31.81,28.07,24.25,423.93,0.6
Barkin Ladi,Lowland,Wheat,6.64,100.87,44.2,41.94,21.02,441.9,2.9
Barkin Ladi,Lowland,Wheat,7.93,141.14,51.98,41.67,16.83,590.67,1.83
Barkin Ladi,Lowland,Wheat,7.6,109.33,41.57,59.71,23.36,541.35,2.41
Barkin Ladi,Lowland,Wheat,8.1,131.63,44.15,62.5,19.41,493.12,1.01
Barkin Ladi,Lowland,Wheat,6.68,120.91,40.47,58.99,16.58,461.57,1.83
Barkin Ladi,Lowland,Wheat,5.35,114.93,46.67,53.61,19.91,528.89,1.62
Barkin Ladi,Lowland,Wheat,7.46,135.13,50.59,37.49,19.09,372.04,1.42
Barkin Ladi,Lowland,Wheat,9.09,144.49,38.56,38.58,21.58,344.35,1.08
Barkin Ladi,Lowland,Wheat,9.0,109.91,50.75,62.5,18.37,346.27,1.47
Barkin Ladi,Lowland,Wheat,6.19,131.32,43.97,52.61,24.56,545.28,2.14
Barkin Ladi,Lowland,Wheat,5.17,140.72,55.24,18.75,22.5,431.43,0.97
Barkin Ladi,Lowland,Wheat,8.37,177.64,49.7,41.93,17.76,466.86,2.48
Barkin Ladi,Lowland,Wheat,7.0,119.33,56.25,62.5,23.84,337.5,1.1
Barkin Ladi,Lowland,Wheat,7.53,98.6,54.53,62.5,18.95,657.92,1.71
Barkin Ladi,Lowland,Wheat,10.0,132.01,48.54,62.5,24.21,509.53,1.59
Barkin Ladi,Lowland,Wheat,8.04,104.0,46.06,31.16,15.33,455.88,2.82
Barkin Ladi,Lowland,Wheat,8.51,125.4,55.38,39.04,14.93,337.5,0.68
Barkin Ladi,Lowland,Wheat,8.39,109.28,47.87,62.5,17.3,505.77,2.19
Barkin Ladi,Lowland,Wheat,6.45,167.27,43.49,41.75,25.0,510.93,2.52
Barkin Ladi,Lowland,Wheat,9.01,108.83,52.48,40.02,18.92,418.3,1.17
Barkin Ladi,Lowland,Wheat,8.39,135.58,42.3,57.19,19.7,411.76,1.76
Barkin Ladi,Lowland,Wheat,7.98,139.16,43.05,59.71,19.85,373.66,0.6
Barkin Ladi,Lowland,Pineapple,7.08,268.3,62.63,241.83,25.88,525.0,0.74
Barkin Ladi,Lowland,Pineapple,6.3,257.03,77.35,82.5,29.63,888.45,0.87
Barkin Ladi,Lowland,Pineapple,3.38,320.37,48.21,142.33,26.6,821.3,0.94
Barkin Ladi,Lowland,Pineapple,6.97,301.2,63.12,201.49,24.44,618.57,1.03
Barkin Ladi,Lowland,Pineapple,6.91,297.43,54.18,233.17,24.28,938.54,0.62
Barkin Ladi,Lowland,Pineapple,7.89,205.49,80.72,151.7,26.11,784.1,0.47
Barkin Ladi,Lowland,Pineapple,5.86,237.59,52.0,206.03,24.89,615.57,0.23
Barkin Ladi,Lowland,Pineapple,5.36,321.5,50.31,127.99,27.45,685.11,1.25
Barkin Ladi,Lowland,Pineapple,5.75,281.52,71.17,234.07,27.55,721.8,1.25
Barkin Ladi,Lowland,Pineapple,5.83,249.7,52.64,82.5,28.93,525.0,0.71
Barkin Ladi,Lowland,Pineapple,5.71,359.52,38.82,117.13,26.68,715.43,0.52
Barkin Ladi,Lowland,Pineapple,5.85,216.21,64.33,82.5,26.94,644.94,1.07
Barkin Ladi,Lowland,Pineapple,7.97,254.24,76.38,154.6,24.73,1055.53,0.9
Barkin Ladi,Lowland,Pineapple,5.95,295.93,63.37,170.41,23.89,702.66,0.93
Barkin Ladi,Lowland,Pineapple,5.8,304.74,64.64,118.6,23.91,722.49,0.53
Barkin Ladi,Lowland,Pineapple,6.33,238.38,53.0,242.3,27.35,627.02,0.72
Barkin Ladi,Lowland,Pineapple,7.54,279.82,67.08,126.67,29.41,1155.67,0.44
Barkin Ladi,Lowland,Pineapple,4.58,274.98,70.37,168.99,24.53,731.0,0.92
Barkin Ladi,Lowland,Pineapple,5.47,292.66,73.75,190.24,26.93,895.14,0.41
Barkin Ladi,Lowland,Pineapple,4.84,256.88,54.44,123.39,31.29,1130.1,0.59
Barkin Ladi,Lowland,Pineapple,6.05,260.1,73.08,258.47,22.83,833.3,0.26
Barkin Ladi,Lowland,Pineapple,7.97,285.82,50.57,159.39,26.32,841.89,1.08
Barkin Ladi,Lowland,Pineapple,4.62,343.09,78.89,118.78,27.17,1049.39,1.15
Barkin Ladi,Lowland,Pineapple,5.55,301.14,81.25,181.58,25.52,780.17,0.8
Barkin Ladi,Lowland,Pineapple,5.34,285.88,45.55,132.22,28.78,525.0,1.03
Barkin Ladi,Lowland,Pineapple,3.62,196.89,54.36,193.22,30.11,760.08,0.63
Barkin Ladi,Lowland,Pineapple,6.61,232.13,61.8,98.02,27.19,727.28,0.43
Barkin Ladi,Lowland,Pineapple,6.13,274.28,73.87,82.5,26.82,616.95,1.02
Barkin Ladi,Lowland,Pineapple,6.81,288.59,51.97,231.56,23.41,525.0,0.27
Barkin Ladi,Lowland,Pineapple,5.9,295.44,33.75,259.57,27.31,525.0,0.75
Barkin Ladi,Lowland,Pineapple,7.2,292.34,72.98,87.34,26.03,588.18,1.25
Barkin Ladi,Lowland,Pineapple,6.68,375.0,54.72,128.43,26.67,991.21,0.59
Barkin Ladi,Lowland,Pineapple,6.09,271.75,60.63,133.06,26.68,718.48,0.71
Barkin Ladi,Lowland,Pineapple,7.03,339.89,50.38,149.74,25.07,782.74,0.53
Barkin Ladi,Lowland,Pineapple,6.22,312.99,33.75,206.35,25.92,830.57,0.4
Barkin Ladi,Lowland,Pineapple,7.32,305.19,66.79,225.65,25.25,641.57,0.98
Barkin Ladi,Lowland,Pineapple,5.06,326.99,56.4,206.99,31.92,626.41,0.74
Barkin Ladi,Lowland,Pineapple,7.16,306.75,56.35,141.75,26.45,1003.38,0.62
Barkin Ladi,Lowland,Pineapple,6.03,250.32,68.39,184.81,24.65,580.46,0.08
Barkin Ladi,Lowland,Pineapple,4.98,300.3,75.6,218.76,28.3,727.86,0.99
Barkin Ladi,Lowland,Pineapple,6.27,341.68,59.02,260.87,29.05,878.7,0.08
Barkin Ladi,Lowland,Pineapple,7.02,262.57,55.0,82.5,26.99,755.87,0.26
Barkin Ladi,Lowland,Pineapple,4.24,287.72,70.33,187.04,29.7,734.88,0.69
Barkin Ladi,Lowland,Pineapple,4.88,203.9,81.25,247.31,23.73,777.26,0.68
Barkin Ladi,Lowland,Pineapple,5.63,251.04,64.61,227.25,27.94,728.91,0.66
Barkin Ladi,Lowland,Pineapple,7.02,286.77,61.02,172.55,27.81,668.04,1.0
Barkin Ladi,Lowland,Pineapple,4.7,250.94,67.29,102.29,23.31,761.04,0.12
Barkin Ladi,Lowland,Pineapple,4.44,298.77,57.78,257.18,24.17,733.56,0.85
Barkin Ladi,Lowland,Pineapple,4.59,310.04,66.12,82.5,26.91,817.54,0.51
Barkin Ladi,Lowland,Pineapple,4.23,279.2,81.25,150.06,30.68,618.35,0.79
Barkin Ladi,Lowland,Onion,7.4,82.6,36.7,87.16,25.0,385.03,0.84
Barkin Ladi,Lowland,Onion,6.83,125.0,41.74,60.22,17.17,262.5,1.3
Barkin Ladi,Lowland,Onion,7.33,73.53,40.0,48.47,20.89,406.12,0.83
Barkin Ladi,Lowland,Onion,7.95,63.25,43.47,89.66,20.28,328.03,0.36
Barkin Ladi,Lowland,Onion,7.75,78.83,46.43,86.08,18.67,326.98,1.81
Barkin Ladi,Lowland,Onion,6.28,125.0,31.49,48.28,20.88,607.38,0.3
Barkin Ladi,Lowland,Onion,6.86,93.91,40.56,80.14,18.41,280.1,1.04
Barkin Ladi,Lowland,Onion,6.27,81.75,35.64,62.76,21.43,262.5,0.99
Barkin Ladi,Lowland,Onion,8.32,57.44,55.15,73.46,18.75,262.5,1.19
Barkin Ladi,Lowland,Onion,7.81,73.71,39.23,92.96,21.49,262.5,1.17
Barkin Ladi,Lowland,Onion,7.84,81.93,18.75,80.27,19.92,262.5,0.3
Barkin Ladi,Lowland,Onion,7.52,65.69,29.59,71.62,18.63,361.66,1.01
Barkin Ladi,Lowland,Onion,6.23,70.86,45.33,73.2,20.26,575.8,1.5
Barkin Ladi,Lowland,Onion,7.45,78.92,42.74,63.55,22.76,337.13,1.23
Barkin Ladi,Lowland,Onion,7.04,82.37,56.25,58.75,18.54,430.9,0.8
Barkin Ladi,Lowland,Onion,6.77,57.43,45.9,82.64,19.58,433.31,0.3
Barkin Ladi,Lowland,Onion,6.52,78.82,26.51,36.67,19.61,430.89,1.79
Barkin Ladi,Lowland,Onion,6.62,99.91,47.59,97.21,19.48,262.5,1.15
Barkin Ladi,Lowland,Onion,6.34,65.9,36.66,65.43,20.91,431.95,0.92
Barkin Ladi,Lowland,Onion,7.18,83.14,51.07,68.5,20.27,306.36,1.03
Barkin Ladi,Lowland,Onion,6.48,62.19,49.21,50.25,19.57,468.34,0.93
Barkin Ladi,Lowland,Onion,7.44,68.99,27.92,39.81,24.31,262.5,1.51
Barkin Ladi,Lowland,Onion,6.35,113.55,56.25,37.93,17.35,440.11,1.38
Barkin Ladi,Lowland,Onion,7.4,69.4,56.25,74.76,16.96,320.5,0.48
Barkin Ladi,Lowland,Onion,7.89,67.38,45.91,62.74,18.71,262.5,1.43
Barkin Ladi,Lowland,Onion,7.72,61.41,22.16,88.74,15.72,492.14,0.64
Barkin Ladi,Lowland,Onion,6.29,88.59,28.07,57.92,21.53,262.5,1.98
Barkin Ladi,Lowland,Onion,6.97,52.61,28.31,92.58,22.25,511.63,0.76
Barkin Ladi,Lowland,Onion,7.12,92.75,48.27,95.35,18.42,336.69,0.79
Barkin Ladi,Lowland,Onion,6.91,99.1,20.89,94.99,17.19,314.18,1.77
Barkin Ladi,Lowland,Onion,7.14,90.72,26.41,51.04,23.23,281.34,0.85
Barkin Ladi,Lowland,Onion,7.52,58.28,43.31,73.22,20.49,289.58,0.81
Barkin Ladi,Lowland,Onion,6.3,94.06,32.38,92.12,19.85,262.5,0.99
Barkin Ladi,Lowland,Onion,6.7,106.35,35.87,66.71,24.6,409.24,1.99
Barkin Ladi,Lowland,Onion,7.69,62.08,51.71,100.0,24.95,465.16,1.62
Barkin Ladi,Lowland,Onion,6.76,63.24,36.07,38.38,24.4,316.98,1.79
Barkin Ladi,Lowland,Onion,6.21,108.07,34.4,46.14,25.0,479.06,1.23
Barkin Ladi,Lowland,Onion,6.96,93.05,42.44,56.18,19.3,578.52,2.25
Barkin Ladi,Lowland,Onion,7.87,93.96,36.23,56.06,18.37,285.52,2.24
Barkin Ladi,Lowland,Onion,8.02,100.21,28.97,90.57,19.81,262.5,1.26
Barkin Ladi,Lowland,Onion,6.44,63.93,37.25,62.18,20.4,340.4,0.3
Barkin Ladi,Lowland,Onion,7.85,59.84,29.07,65.64,20.19,520.04,1.26
Barkin Ladi,Lowland,Onion,7.28,89.2,42.87,78.67,14.89,320.87,1.72
Barkin Ladi,Lowland,Onion,8.75,54.68,45.1,60.7,25.0,262.5,1.44
Barkin Ladi,Lowland,Onion,6.11,75.36,39.77,94.18,17.37,427.32,1.12
Barkin Ladi,Lowland,Onion,7.1,105.16,25.22,88.89,18.85,477.72,1.29
Barkin Ladi,Lowland,Onion,6.82,69.02,49.77,98.08,18.95,262.5,1.48
Barkin Ladi,Lowland,Onion,6.08,52.31,27.79,63.87,16.62,262.5,0.52
Barkin Ladi,Lowland,Onion,7.32,53.11,36.2,100.0,20.36,389.92,0.62
Barkin Ladi,Lowland,Onion,8.23,70.16,37.51,99.22,19.97,355.58,0.97
Bokkos,Highland,Irish-potato,4.21,95.06,49.46,117.21,9.32,493.4,0.22
Bokkos,Highland,Irish-potato,3.15,92.49,56.21,196.71,7.5,557.11,0.22
Bokkos,Highland,Irish-potato,4.55,67.47,50.14,149.97,7.5,430.76,0.79
Bokkos,Highland,Irish-potato,4.51,60.0,30.0,153.93,7.5,307.99,0.56
Bokkos,Highland,Irish-potato,4.04,60.0,30.0,151.7,9.48,612.37,0.59
Bokkos,Highland,Irish-potato,4.57,112.83,54.47,218.61,14.93,641.75,0.56
Bokkos,Highland,Irish-potato,4.12,60.0,39.86,187.59,9.46,593.49,0.43
Bokkos,Highland,Irish-potato,4.6,62.86,30.0,115.28,13.76,583.07,0.56
Bokkos,Highland,Irish-potato,4.64,67.58,59.49,99.85,11.35,354.17,0.61
Bokkos,Highland,Irish-potato,3.08,108.21,53.19,192.15,12.1,446.02,0.37
Bokkos,Highland,Irish-potato,5.67,132.34,41.93,123.91,16.79,478.46,0.91
Bokkos,Highland,Irish-potato,5.52,60.0,54.29,178.31,11.86,426.15,0.41
Bokkos,Highland,Irish-potato,4.67,60.0,42.07,179.38,15.45,355.29,1.48
Bokkos,Highland,Irish-potato,5.8,96.45,30.0,133.75,11.83,647.33,0.8
Bokkos,Highland,Irish-potato,4.66,78.92,44.42,126.8,10.82,499.2,1.8
Bokkos,Highland,Irish-potato,5.61,101.53,62.97,192.9,12.63,336.53,0.65
Bokkos,Highland,Irish-potato,4.16,60.0,30.0,176.85,13.14,395.71,0.4
Bokkos,Highland,Irish-potato,5.37,60.0,42.77,141.01,13.77,450.18,0.84
Bokkos,Highland,Irish-potato,4.57,90.15,41.16,169.07,19.67,750.0,0.45
Bokkos,Highland,Irish-potato,3.0,102.93,43.04,206.68,13.0,610.26,1.38
Bokkos,Highland,Irish-potato,5.46,60.0,30.0,145.43,12.34,560.45,1.02
Bokkos,Highland,Irish-potato,5.24,142.39,49.91,106.23,11.48,586.81,1.06
Bokkos,Highland,Irish-potato,4.75,150.0,31.7,171.18,20.24,497.59,0.87
Bokkos,Highland,Irish-potato,3.67,84.97,30.0,205.93,12.52,436.31,1.23
Bokkos,Highland,Irish-potato,4.58,115.44,30.0,170.34,14.71,525.91,0.22
Bokkos,Highland,Irish-potato,4.4,125.08,59.48,128.49,7.51,524.54,0.54
Bokkos,Highland,Irish-potato,4.79,78.42,30.0,208.95,12.49,676.2,0.22
Bokkos,Highland,Irish-potato,3.0,60.0,31.37,181.24,7.5,750.0,0.88
Bokkos,Highland,Irish-potato,5.53,60.0,48.6,155.45,14.86,559.09,1.04
Bokkos,Highland,Irish-potato,5.32,60.0,44.02,90.0,14.46,750.0,0.22
Bokkos,Highland,Irish-potato,4.36,112.91,40.33,159.65,10.63,525.07,0.74
Bokkos,Highland,Irish-potato,4.47,60.0,38.63,225.0,10.53,383.48,0.71
Bokkos,Highland,Irish-potato,3.86,60.0,42.22,113.69,9.81,626.85,0.22
Bokkos,Highland,Irish-potato,3.03,105.57,30.0,99.7,7.5,514.93,1.01
Bokkos,Highland,Irish-potato,4.52,150.0,58.8,102.09,7.81,750.0,1.35
Bokkos,Highland,Irish-potato,4.91,84.71,44.57,90.0,12.55,612.47,0.32
Bokkos,Highland,Irish-potato,4.0,135.12,37.59,225.0,7.5,508.63,0.22
Bokkos,Highland,Irish-potato,3.46,60.0,45.3,164.99,9.62,300.0,1.57
Bokkos,Highland,Irish-potato,4.2,60.0,44.59,161.71,10.87,625.99,0.22
Bokkos,Highland,Irish-potato,5.05,60.0,30.0,185.04,16.21,750.0,1.34
Bokkos,Highland,Irish-potato,4.17,60.0,64.37,222.94,9.65,750.0,0.62
Bokkos,Highland,Irish-potato,5.64,64.07,74.41,192.25,18.29,518.84,1.0
Bokkos,Highland,Irish-potato,3.65,111.63,55.51,225.0,13.69,726.72,0.54
Bokkos,Highland,Irish-potato,4.87,68.8,41.81,160.14,10.77,611.02,0.59
Bokkos,Highland,Irish-potato,4.13,119.78,42.85,169.2,7.5,674.11,1.07
Bokkos,Highland,Irish-potato,4.11,150.0,30.0,192.16,14.49,694.78,0.88
Bokkos,Highland,Irish-potato,4.88,112.48,30.0,166.69,11.36,408.59,1.17
Bokkos,Highland,Irish-potato,3.98,60.0,30.35,109.04,15.6,626.81,1.52
Bokkos,Highland,Irish-potato,3.9,112.69,75.0,169.67,15.02,721.37,0.22
Bokkos,Highland,Irish-potato,4.91,92.82,35.24,104.57,14.43,429.83,1.88
Bokkos,Highland,Tomato,5.89,75.0,63.79,188.03,28.38,496.9,0.91
Bokkos,Highland,Tomato,5.13,121.65,63.58,147.95,17.7,565.11,0.58
Bokkos,Highland,Tomato,5.13,141.63,68.89,148.18,16.61,606.33,0.38
Bokkos,Highland,Tomato,7.63,132.39,114.82,219.23,13.5,750.0,0.39
Bokkos,Highland,Tomato,4.85,111.65,113.46,250.01,22.21,563.66,0.76
Bokkos,Highland,Tomato,6.15,103.3,100.63,239.62,20.92,305.6,1.08
Bokkos,Highland,Tomato,5.63,111.99,57.48,139.31,20.4,558.47,1.39
Bokkos,Highland,Tomato,4.98,148.37,103.56,214.8,17.63,699.35,1.26
Bokkos,Highland,Tomato,6.03,137.5,114.73,142.68,14.2,509.06,0.38
Bokkos,Highland,Tomato,5.68,124.59,76.72,176.11,23.11,616.38,1.23
Bokkos,Highland,Tomato,7.09,103.5,131.36,180.13,26.68,486.39,1.35
Bokkos,Highland,Tomato,5.01,139.73,64.73,214.52,15.84,709.23,0.53
Bokkos,Highland,Tomato,7.7,78.05,48.75,245.27,16.08,599.16,0.76
Bokkos,Highland,Tomato,4.24,104.85,110.48,247.67,19.45,729.63,0.38
Bokkos,Highland,Tomato,5.38,118.63,73.86,189.49,13.58,357.42,1.56
Bokkos,Highland,Tomato,6.03,133.39,65.8,167.8,18.53,699.56,0.83
Bokkos,Highland,Tomato,6.68,77.75,73.04,197.71,23.52,624.2,2.21
Bokkos,Highland,Tomato,4.2,110.88,81.99,229.84,15.17,750.0,1.0
Bokkos,Highland,Tomato,4.5,106.63,69.06,300.0,22.8,605.79,0.91
Bokkos,Highland,Tomato,6.85,136.21,48.75,230.91,18.61,447.19,1.61
Bokkos,Highland,Tomato,8.35,123.33,106.17,284.96,15.1,383.5,1.45
Bokkos,Highland,Tomato,5.47,75.0,75.23,234.85,17.89,508.3,0.83
Bokkos,Highland,Tomato,5.73,75.0,73.53,138.4,21.2,418.06,1.7
Bokkos,Highland,Tomato,5.28,91.26,85.01,160.66,19.64,514.67,0.6
Bokkos,Highland,Tomato,6.22,75.0,48.75,212.53,18.39,619.66,1.22
Bokkos,Highland,Tomato,5.82,124.82,79.84,120.0,13.5,750.0,0.99
Bokkos,Highland,Tomato,6.85,97.01,75.76,179.87,28.6,629.52,0.62
Bokkos,Highland,Tomato,3.85,164.64,72.99,235.62,22.01,546.06,1.46
Bokkos,Highland,Tomato,5.06,78.22,107.85,193.61,20.62,647.89,1.44
Bokkos,Highland,Tomato,3.96,90.03,68.76,162.27,20.26,738.33,1.93
Bokkos,Highland,Tomato,5.36,115.6,88.98,229.9,14.9,750.0,1.64
Bokkos,Highland,Tomato,6.85,142.18,91.3,153.16,17.93,407.57,1.28
Bokkos,Highland,Tomato,5.56,105.91,108.89,179.7,17.47,602.56,0.38
Bokkos,Highland,Tomato,5.45,75.0,61.91,240.79,20.33,530.67,1.02
Bokkos,Highland,Tomato,4.51,107.02,137.5,286.9,18.72,618.66,0.38
Bokkos,Highland,Tomato,4.83,117.65,63.5,243.07,24.93,638.77,1.06
Bokkos,Highland,Tomato,3.81,128.89,48.75,181.52,22.43,720.02,0.66
Bokkos,Highland,Tomato,5.28,86.7,48.75,171.43,13.5,679.61,1.27
Bokkos,Highland,Tomato,6.4,79.27,48.75,203.47,18.76,582.84,0.79
Bokkos,Highland,Tomato,7.73,119.51,129.01,260.05,25.47,474.77,1.4
Bokkos,Highland,Tomato,5.26,75.0,116.55,187.31,14.18,551.68,0.43
Bokkos,Highland,Tomato,4.95,100.63,122.71,169.96,25.29,698.93,1.27
Bokkos,Highland,Tomato,6.62,107.49,111.04,227.37,13.5,634.53,1.54
Bokkos,Highland,Tomato,5.42,110.77,61.19,136.85,13.5,420.85,1.46
Bokkos,Highland,Tomato,3.75,87.66,57.18,187.84,13.5,647.07,0.38
Bokkos,Highland,Tomato,7.06,88.97,74.77,201.15,19.5,604.31,0.69
Bokkos,Highland,Tomato,6.15,120.68,57.2,220.83,23.38,682.27,1.64
Bokkos,Highland,Tomato,5.95,79.8,56.03,215.87,22.36,750.0,1.68
Bokkos,Highland,Tomato,4.4,84.72,137.09,191.0,18.69,488.06,2.09
Bokkos,Highland,Tomato,6.33,84.51,51.19,215.28,18.68,696.98,1.37
Bokkos,Highland,Groundnut,6.1,7.5,14.95,28.66,21.54,701.92,0.28
Bokkos,Highland,Groundnut,6.63,7.5,11.25,30.4,22.85,709.68,0.74
Bokkos,Highland,Groundnut,6.79,7.5,21.45,24.12,21.06,582.95,1.18
Bokkos,Highland,Groundnut,7.44,7.5,29.81,35.67,23.28,513.82,0.56
Bokkos,Highland,Groundnut,5.73,7.5,16.41,50.0,25.21,733.16,0.5
Bokkos,Highland,Groundnut,7.25,7.5,22.12,33.85,20.59,704.25,0.15
Bokkos,Highland,Groundnut,5.33,7.5,40.17,36.52,19.48,531.84,0.86
Bokkos,Highland,Groundnut,5.92,7.5,22.97,37.66,22.12,744.71,0.55
Bokkos,Highland,Groundnut,5.88,7.5,11.25,31.89,27.32,785.09,0.67
Bokkos,Highland,Groundnut,5.82,7.5,15.54,47.26,18.57,612.59,0.29
Bokkos,Highland,Groundnut,5.37,7.5,18.79,27.25,16.5,825.21,0.15
Bokkos,Highland,Groundnut,6.6,7.5,48.18,42.2,20.23,618.17,1.12
Bokkos,Highland,Groundnut,5.38,7.5,15.37,30.47,23.24,722.09,0.75
Bokkos,Highland,Groundnut,6.34,7.5,18.64,27.71,22.01,616.74,0.32
Bokkos,Highland,Groundnut,6.05,7.5,17.79,41.5,20.26,722.94,0.63
Bokkos,Highland,Groundnut,5.89,7.5,31.92,35.11,22.79,617.79,1.28
Bokkos,Highland,Groundnut,5.87,7.5,29.84,32.47,20.94,636.42,1.24
Bokkos,Highland,Groundnut,6.46,7.5,19.65,35.84,26.9,670.76,0.15
Bokkos,Highland,Groundnut,6.77,7.5,18.86,37.6,20.7,702.41,0.54
Bokkos,Highland,Groundnut,5.9,7.5,11.25,50.0,25.07,492.78,0.51
Bokkos,Highland,Groundnut,6.15,7.5,11.25,33.76,21.58,614.03,0.28
Bokkos,Highland,Groundnut,6.8,7.5,24.26,40.46,21.24,706.1,1.0
Bokkos,Highland,Groundnut,5.83,7.5,11.25,43.67,26.52,537.31,0.94
Bokkos,Highland,Groundnut,6.74,7.5,22.9,33.09,26.01,781.46,1.38
Bokkos,Highland,Groundnut,6.82,7.5,11.25,28.39,16.97,674.93,0.91
Bokkos,Highland,Groundnut,6.25,7.5,22.21,29.95,22.31,755.02,0.64
Bokkos,Highland,Groundnut,6.34,7.5,11.25,50.0,26.3,528.22,0.15
Bokkos,Highland,Groundnut,6.3,7.5,11.25,42.42,22.21,681.0,0.85
Bokkos,Highland,Groundnut,5.94,7.5,27.06,33.2,28.68,780.87,0.81
Bokkos,Highland,Groundnut,6.22,7.5,12.57,35.95,18.79,821.15,0.69
Bokkos,Highland,Groundnut,7.43,11.08,28.42,34.08,18.69,805.45,0.66
Bokkos,Highland,Groundnut,6.57,7.5,11.25,25.39,21.17,795.71,0.78
Bokkos,Highland,Groundnut,5.72,7.5,11.25,26.15,21.6,635.5,0.9
Bokkos,Highland,Groundnut,6.42,7.5,13.67,32.41,26.24,689.4,1.11
Bokkos,Highland,Groundnut,6.58,7.5,34.47,41.46,25.33,477.28,0.36
Bokkos,Highland,Groundnut,5.9,7.5,42.7,33.37,21.87,764.34,0.79
Bokkos,Highland,Groundnut,4.5,7.5,11.25,36.98,20.99,701.79,0.15
Bokkos,Highland,Groundnut,6.07,7.5,37.85,39.77,17.33,846.78,0.84
Bokkos,Highland,Groundnut,6.18,7.5,31.2,28.3,23.21,707.97,1.13
Bokkos,Highland,Groundnut,6.18,7.5,40.32,27.72,24.85,676.85,0.24
Bokkos,Highland,Groundnut,6.25,7.5,37.04,46.38,20.97,584.94,0.48
Bokkos,Highland,Groundnut,5.55,7.5,12.29,39.84,16.5,614.5,0.34
Bokkos,Highland,Groundnut,6.96,7.5,20.59,32.36,25.65,769.44,0.63
Bokkos,Highland,Groundnut,5.92,7.5,20.89,38.12,16.5,556.21,0.68
Bokkos,Highland,Groundnut,6.46,7.5,11.25,18.75,26.82,548.5,0.78
Bokkos,Highland,Groundnut,6.23,7.5,11.25,34.01,16.5,474.06,0.8
Bokkos,Highland,Groundnut,5.19,7.5,32.04,40.01,19.67,514.86,0.77
Bokkos,Highland,Groundnut,7.05,7.5,11.25,28.88,24.0,843.18,0.16
Bokkos,Highland,Groundnut,5.36,10.77,14.69,35.69,19.58,757.11,0.93
Bokkos,Highland,Groundnut,6.43,7.5,12.51,31.18,22.81,754.19,0.67
Bokkos,Highland,Pepper,4.88,129.89,21.82,63.23,19.67,660.53,0.45
Bokkos,Highland,Pepper,4.12,188.64,35.39,75.41,16.0,450.0,0.68
Bokkos,Highland,Pepper,6.63,155.67,36.65,82.64,26.35,900.47,1.95
Bokkos,Highland,Pepper,5.67,81.01,18.75,50.53,22.96,743.46,0.47
Bokkos,Highland,Pepper,6.63,130.52,41.33,91.93,15.55,1053.85,1.28
Bokkos,Highland,Pepper,5.2,75.0,18.75,125.0,17.33,1492.32,0.86
Bokkos,Highland,Pepper,6.78,154.05,41.18,88.66,26.73,1168.42,2.39
Bokkos,Highland,Pepper,4.59,131.35,31.42,53.89,22.54,460.18,0.73
Bokkos,Highland,Pepper,4.25,180.92,23.9,125.0,23.72,1194.85,0.78
Bokkos,Highland,Pepper,5.09,138.51,26.24,43.32,13.5,661.6,2.46
Bokkos,Highland,Pepper,7.94,125.49,29.45,69.65,14.59,1546.26,2.5
Bokkos,Highland,Pepper,5.22,113.7,20.71,67.45,25.73,527.7,1.52
Bokkos,Highland,Pepper,6.64,111.27,40.31,82.35,25.89,450.0,0.95
Bokkos,Highland,Pepper,5.94,75.0,18.75,57.12,24.48,757.07,0.62
Bokkos,Highland,Pepper,6.72,75.0,18.75,68.99,13.5,490.66,1.59
Bokkos,Highland,Pepper,6.77,149.4,43.46,111.06,13.5,1195.73,0.82
Bokkos,Highland,Pepper,5.35,140.04,18.75,41.25,22.83,1209.9,1.29
Bokkos,Highland,Pepper,5.23,147.55,37.21,80.72,13.5,863.81,1.78
Bokkos,Highland,Pepper,7.17,103.72,23.64,74.23,20.94,804.75,0.45
Bokkos,Highland,Pepper,7.05,190.59,18.75,50.48,18.78,953.93,1.89
Bokkos,Highland,Pepper,6.05,84.63,18.75,101.2,22.65,1427.01,0.51
Bokkos,Highland,Pepper,7.61,75.0,37.64,41.25,15.35,1562.5,1.77
Bokkos,Highland,Pepper,5.53,95.85,28.75,91.97,26.07,852.06,0.45
Bokkos,Highland,Pepper,6.14,98.36,18.75,86.29,18.38,1141.18,0.56
Bokkos,Highland,Pepper,6.43,75.0,18.75,72.1,28.64,1322.49,1.94
Bokkos,Highland,Pepper,7.24,212.5,27.89,115.76,24.82,1402.55,2.43
Bokkos,Highland,Pepper,5.64,96.67,31.95,73.68,21.17,1562.5,0.85
Bokkos,Highland,Pepper,5.74,124.23,23.95,41.25,16.45,1285.55,2.2
Bokkos,Highland,Pepper,4.99,75.0,27.72,41.25,17.16,450.0,2.15
Bokkos,Highland,Pepper,5.33,184.78,43.53,61.51,13.87,951.64,1.12
Bokkos,Highland,Pepper,6.31,85.29,38.17,85.44,17.71,755.1,1.06
Bokkos,Highland,Pepper,5.29,119.49,28.53,85.35,28.77,974.8,1.89
Bokkos,Highland,Pepper,6.2,107.34,25.54,76.93,20.97,661.37,0.45
Bokkos,Highland,Pepper,6.58,153.87,38.16,82.55,23.53,1295.43,1.74
Bokkos,Highland,Pepper,5.25,75.0,21.61,78.02,18.23,450.0,2.39
Bokkos,Highland,Pepper,5.76,124.16,45.44,41.25,16.81,878.26,0.95
Bokkos,Highland,Pepper,5.85,176.35,37.11,103.63,19.75,494.57,0.45
Bokkos,Highland,Pepper,4.67,131.82,27.74,72.96,17.56,1562.5,0.61
Bokkos,Highland,Pepper,6.82,117.17,26.39,109.36,27.18,934.2,1.75
Bokkos,Highland,Pepper,6.32,117.4,30.26,60.42,17.89,804.91,1.82
Bokkos,Highland,Pepper,5.92,75.0,18.75,41.25,16.9,1039.27,1.09
Bokkos,Highland,Pepper,7.74,140.63,35.02,41.25,17.59,840.53,0.64
Bokkos,Highland,Pepper,5.3,75.0,18.75,101.42,18.75,833.05,1.19
Bokkos,Highland,Pepper,7.03,117.26,35.17,56.25,16.25,1159.17,2.5
Bokkos,Highland,Pepper,7.25,140.96,29.49,115.26,23.67,450.0,0.45
Bokkos,Highland,Pepper,6.3,75.0,18.75,60.11,18.16,916.05,0.99
Bokkos,Highland,Pepper,6.73,106.23,21.67,43.06,24.88,770.47,0.45
Bokkos,Highland,Pepper,6.19,85.69,19.6,85.26,17.79,1562.5,1.14
Bokkos,Highland,Pepper,6.54,75.0,18.75,49.95,14.49,1182.51,1.91
Bokkos,Highland,Pepper,6.31,107.81,18.75,107.71,30.37,1076.19,1.85
Bokkos,Highland,Cabbage,6.46,129.12,37.5,107.44,17.23,624.87,0.35
Bokkos,Highland,Cabbage,5.04,92.57,56.12,88.26,7.5,550.91,0.64
Bokkos,Highland,Cabbage,6.61,75.0,44.44,136.89,7.5,625.0,0.24
Bokkos,Highland,Cabbage,6.76,96.22,37.5,107.28,18.44,539.52,1.16
Bokkos,Highland,Cabbage,7.11,75.0,37.5,93.14,7.5,617.3,0.93
Bokkos,Highland,Cabbage,5.93,106.77,59.57,149.37,16.12,353.85,0.81
Bokkos,Highland,Cabbage,6.81,113.64,53.64,122.23,7.5,477.96,0.55
Bokkos,Highland,Cabbage,6.89,84.76,51.27,121.29,26.94,537.08,0.15
Bokkos,Highland,Cabbage,6.64,169.43,53.51,102.19,7.5,473.29,1.53
Bokkos,Highland,Cabbage,6.06,87.77,45.89,110.43,26.78,468.99,1.19
Bokkos,Highland,Cabbage,6.33,142.28,61.13,117.46,11.43,544.63,0.65
Bokkos,Highland,Cabbage,5.27,152.36,49.43,95.62,7.5,377.07,1.01
Bokkos,Highland,Cabbage,5.89,93.83,51.55,106.95,18.46,546.67,0.65
Bokkos,Highland,Cabbage,5.32,83.19,52.55,104.04,23.83,625.0,0.97
Bokkos,Highland,Cabbage,7.14,128.11,42.61,119.48,30.0,503.35,0.25
Bokkos,Highland,Cabbage,5.58,100.75,38.5,145.27,15.76,608.02,0.56
Bokkos,Highland,Cabbage,5.58,75.0,39.34,122.06,18.24,582.22,0.15
Bokkos,Highland,Cabbage,6.25,77.18,50.79,124.36,7.5,607.76,1.62
Bokkos,Highland,Cabbage,6.75,102.35,44.51,112.32,7.8,557.67,0.21
Bokkos,Highland,Cabbage,5.13,113.5,47.47,105.98,7.5,560.28,0.27
Bokkos,Highland,Cabbage,6.17,158.55,52.98,92.02,7.5,550.63,0.15
Bokkos,Highland,Cabbage,5.06,122.61,50.09,123.86,16.15,535.43,0.41
Bokkos,Highland,Cabbage,6.56,151.7,42.89,98.11,7.5,479.33,0.77
Bokkos,Highland,Cabbage,4.98,119.9,52.91,84.51,7.5,545.58,0.63
Bokkos,Highland,Cabbage,6.56,102.98,58.35,110.36,7.5,465.56,1.0
Bokkos,Highland,Cabbage,6.27,125.57,52.65,80.63,7.5,468.56,0.35
Bokkos,Highland,Cabbage,6.0,136.22,57.77,110.85,11.95,490.62,0.73
Bokkos,Highland,Cabbage,6.37,130.61,54.27,75.69,12.76,625.0,0.51
Bokkos,Highland,Cabbage,6.93,98.16,48.81,96.08,7.5,590.78,1.06
Bokkos,Highland,Cabbage,6.27,75.0,47.66,137.98,28.21,517.83,0.15
Bokkos,Highland,Cabbage,6.75,99.05,55.53,120.9,7.5,544.08,1.24
Bokkos,Highland,Cabbage,6.17,76.92,37.5,102.46,10.66,597.4,0.22
Bokkos,Highland,Cabbage,7.18,75.0,67.68,146.17,15.15,424.66,0.67
Bokkos,Highland,Cabbage,6.02,75.0,49.83,101.56,8.17,525.74,0.45
Bokkos,Highland,Cabbage,7.49,91.47,51.14,118.52,16.88,570.04,1.06
Bokkos,Highland,Cabbage,6.41,113.65,47.79,113.56,7.5,535.74,0.79
Bokkos,Highland,Cabbage,6.49,112.35,45.24,114.98,9.49,561.93,0.6
Bokkos,Highland,Cabbage,6.36,136.27,41.07,126.42,14.27,625.0,0.6
Bokkos,Highland,Cabbage,6.67,107.54,37.5,106.87,21.18,509.71,0.15
Bokkos,Highland,Cabbage,6.24,75.25,48.43,143.12,20.27,625.0,0.45
Bokkos,Highland,Cabbage,6.17,76.64,41.3,99.76,7.5,625.0,0.15
Bokkos,Highland,Cabbage,7.07,143.42,51.65,96.47,7.5,501.61,0.95
Bokkos,Highland,Cabbage,6.26,76.67,57.33,145.45,12.15,547.65,0.15
Bokkos,Highland,Cabbage,6.01,121.97,50.39,107.09,11.76,508.7,0.57
Bokkos,Highland,Cabbage,6.51,75.0,46.63,122.1,9.35,506.45,0.5
Bokkos,Highland,Cabbage,5.97,107.26,48.41,79.22,19.32,519.7,1.5
Bokkos,Highland,Cabbage,5.54,81.81,45.51,123.21,7.5,481.96,0.94
Bokkos,Highland,Cabbage,5.69,147.04,43.31,100.24,18.98,625.0,0.86
Bokkos,Highland,Cabbage,7.0,155.97,39.21,132.4,7.5,569.74,0.66
Bokkos,Highland,Cabbage,6.99,141.27,52.27,121.2,18.15,544.32,0.66
Bokkos,Highland,Maize,7.92,202.66,52.3,86.53,21.38,467.95,0.75
Bokkos,Highland,Maize,8.1,135.23,91.79,108.34,22.87,848.15,0.35
Bokkos,Highland,Maize,5.95,199.12,44.03,105.75,15.0,540.32,2.32
Bokkos,Highland,Maize,6.24,141.39,78.63,110.06,25.29,650.27,0.79
Bokkos,Highland,Maize,6.61,177.34,45.88,84.96,22.24,975.18,1.52
Bokkos,Highland,Maize,4.51,150.86,38.53,94.24,25.3,767.77,0.8
Bokkos,Highland,Maize,6.33,163.18,43.58,52.53,15.0,971.76,1.34
Bokkos,Highland,Maize,6.67,193.98,37.5,45.0,22.79,801.32,0.3
Bokkos,Highland,Maize,6.67,145.42,40.66,73.19,15.0,646.51,0.5
Bokkos,Highland,Maize,6.9,152.48,65.96,45.0,17.09,847.3,0.77
Bokkos,Highland,Maize,7.23,112.5,67.58,66.06,17.57,923.43,1.8
Bokkos,Highland,Maize,7.45,216.53,76.95,62.41,21.66,686.97,2.41
Bokkos,Highland,Maize,7.53,151.59,70.14,52.21,22.16,585.86,0.3
Bokkos,Highland,Maize,7.16,183.58,62.78,76.71,15.11,546.76,0.31
Bokkos,Highland,Maize,5.98,188.47,73.34,45.0,17.77,623.97,0.3
Bokkos,Highland,Maize,6.91,149.92,52.8,112.4,21.41,674.62,1.39
Bokkos,Highland,Maize,7.48,165.74,66.84,77.58,20.62,769.78,0.46
Bokkos,Highland,Maize,5.6,197.26,89.92,118.15,15.0,501.52,0.3
Bokkos,Highland,Maize,6.41,112.5,44.48,113.83,25.57,660.91,0.69
Bokkos,Highland,Maize,6.91,184.36,45.45,75.51,18.37,517.01,0.84
Bokkos,Highland,Maize,5.91,120.34,66.09,92.26,24.24,615.59,0.3
Bokkos,Highland,Maize,6.79,137.73,39.19,51.63,19.72,1000.0,0.64
Bokkos,Highland,Maize,5.0,176.1,57.8,45.0,24.08,1000.0,0.3
Bokkos,Highland,Maize,4.83,112.5,53.46,104.1,21.49,993.6,1.57
Bokkos,Highland,Maize,8.22,190.92,47.73,82.54,16.96,709.64,1.03
Bokkos,Highland,Maize,6.16,196.23,49.0,59.22,16.95,864.64,0.3
Bokkos,Highland,Maize,6.02,195.8,59.9,79.24,20.83,569.83,0.39
Bokkos,Highland,Maize,6.03,165.0,71.37,83.14,27.3,1000.0,1.55
Bokkos,Highland,Maize,7.67,128.21,37.5,93.07,15.0,699.18,1.53
Bokkos,Highland,Maize,7.89,149.68,43.41,88.46,16.0,719.68,0.98
Bokkos,Highland,Maize,6.22,159.67,40.18,64.01,17.52,466.48,1.23
Bokkos,Highland,Maize,7.29,180.31,50.19,62.04,24.46,861.81,1.14
Bokkos,Highland,Maize,8.27,156.32,50.29,71.64,15.0,865.73,0.92
Bokkos,Highland,Maize,6.84,210.79,47.94,45.0,23.24,779.2,0.48
Bokkos,Highland,Maize,6.71,180.01,38.21,73.94,27.87,623.72,1.04
Bokkos,Highland,Maize,4.12,113.89,57.54,109.65,15.0,763.05,0.73
Bokkos,Highland,Maize,7.35,121.59,62.31,65.72,22.04,762.06,0.81
Bokkos,Highland,Maize,6.81,158.37,52.46,72.66,21.36,788.86,0.3
Bokkos,Highland,Maize,5.85,126.33,54.08,67.15,24.59,867.73,0.34
Bokkos,Highland,Maize,6.25,175.71,51.71,63.98,15.91,899.5,1.62
Bokkos,Highland,Maize,6.01,179.43,37.5,111.97,20.27,774.81,0.77
Bokkos,Highland,Maize,7.87,126.17,80.58,90.23,23.9,692.39,0.3
Bokkos,Highland,Maize,7.33,166.17,78.61,76.45,19.05,992.92,2.33
Bokkos,Highland,Maize,6.26,135.15,68.96,75.05,23.79,704.63,2.08
Bokkos,Highland,Maize,5.45,171.1,46.23,74.41,19.08,879.26,1.63
Bokkos,Highland,Maize,6.9,153.94,57.23,101.94,25.33,375.0,0.8
Bokkos,Highland,Maize,5.99,176.6,53.61,97.77,15.98,795.51,1.62
Bokkos,Highland,Maize,4.55,230.38,75.62,81.01,17.14,719.36,1.05
Bokkos,Highland,Maize,6.76,200.84,46.45,94.11,15.0,677.62,1.25
Bokkos,Highland,Maize,7.05,135.13,47.07,115.07,26.41,786.48,0.3
Bokkos,Highland,Wheat,9.65,106.51,27.95,30.85,15.59,695.06,2.32
Bokkos,Highland,Wheat,5.68,97.98,41.65,41.76,14.0,540.25,1.93
Bokkos,Highland,Wheat,7.94,132.59,28.27,43.75,19.36,774.81,0.8
Bokkos,Highland,Wheat,4.5,115.74,34.45,22.58,14.47,619.27,1.58
Bokkos,Highland,Wheat,6.12,144.72,30.65,25.65,17.17,502.66,2.61
Bokkos,Highland,Wheat,7.9,147.61,28.86,31.24,14.74,640.16,0.92
Bokkos,Highland,Wheat,6.11,96.41,26.25,48.37,14.35,614.06,0.6
Bokkos,Highland,Wheat,5.41,163.53,26.25,47.39,14.97,337.5,3.06
Bokkos,Highland,Wheat,7.54,84.71,29.61,21.71,19.81,544.21,1.03
Bokkos,Highland,Wheat,5.91,109.44,37.79,62.5,13.34,694.09,1.56
Bokkos,Highland,Wheat,5.62,177.72,37.75,41.24,19.1,791.27,1.56
Bokkos,Highland,Wheat,7.13,151.18,26.25,62.5,13.85,812.5,1.49
Bokkos,Highland,Wheat,7.14,106.09,26.67,34.54,18.51,380.28,0.6
Bokkos,Highland,Wheat,5.92,75.65,38.61,56.83,16.22,575.66,2.66
Bokkos,Highland,Wheat,4.92,169.54,26.25,34.65,13.25,524.93,3.12
Bokkos,Highland,Wheat,7.66,142.53,26.25,41.12,16.01,681.56,0.6
Bokkos,Highland,Wheat,8.0,110.64,26.25,18.75,16.26,812.5,0.6
Bokkos,Highland,Wheat,6.95,139.47,26.25,31.47,12.0,764.76,2.65
Bokkos,Highland,Wheat,6.94,82.55,27.19,29.28,11.66,638.11,1.99
Bokkos,Highland,Wheat,7.32,106.85,30.11,37.29,11.25,668.66,0.98
Bokkos,Highland,Wheat,5.2,117.9,26.25,41.8,16.96,539.25,1.57
Bokkos,Highland,Wheat,4.66,151.77,26.25,30.96,18.39,622.67,0.6
Bokkos,Highland,Wheat,7.58,127.23,26.25,30.82,13.24,625.87,0.6
Bokkos,Highland,Wheat,6.54,159.1,26.25,29.96,11.25,721.35,2.54
Bokkos,Highland,Wheat,8.12,75.0,32.7,59.4,15.98,705.76,1.08
Bokkos,Highland,Wheat,7.01,143.14,31.7,20.26,13.18,790.94,1.77
Bokkos,Highland,Wheat,6.89,90.94,36.73,62.5,18.17,812.5,1.18
Bokkos,Highland,Wheat,6.18,102.53,30.01,59.36,17.89,712.76,0.6
Bokkos,Highland,Wheat,4.8,114.1,34.93,37.32,20.06,523.84,0.6
Bokkos,Highland,Wheat,5.99,86.62,32.86,32.32,11.25,753.91,0.6
Bokkos,Highland,Wheat,5.52,75.0,30.99,41.19,20.07,756.51,2.75
Bokkos,Highland,Wheat,7.09,78.61,30.53,47.12,16.54,594.94,1.92
Bokkos,Highland,Wheat,5.68,76.68,26.25,38.84,11.25,600.5,2.28
Bokkos,Highland,Wheat,5.57,92.39,30.2,42.08,13.05,741.71,2.01
Bokkos,Highland,Wheat,8.07,104.71,26.78,28.51,15.39,606.04,0.99
Bokkos,Highland,Wheat,6.24,87.16,30.94,18.75,15.38,728.85,0.98
Bokkos,Highland,Wheat,8.97,107.61,26.25,34.37,14.68,702.33,1.26
Bokkos,Highland,Wheat,5.59,75.17,26.25,30.34,11.25,564.59,2.07
Bokkos,Highland,Wheat,8.66,129.12,37.41,52.69,16.92,610.63,1.61
Bokkos,Highland,Wheat,6.27,100.7,30.18,48.89,15.73,631.14,1.54
Bokkos,Highland,Wheat,7.25,126.55,26.25,22.75,17.72,642.91,1.12
Bokkos,Highland,Wheat,6.45,99.4,33.04,22.31,14.57,678.69,1.84
Bokkos,Highland,Wheat,7.01,122.13,26.43,24.73,21.64,614.89,1.33
Bokkos,Highland,Wheat,7.54,153.63,26.6,23.9,11.25,812.5,0.6
Bokkos,Highland,Wheat,6.72,78.6,26.25,34.21,11.78,569.39,3.12
Bokkos,Highland,Wheat,7.24,134.25,34.6,37.01,13.22,679.01,1.64
Bokkos,Highland,Wheat,6.1,110.88,26.25,35.98,13.53,502.11,0.6
Bokkos,Highland,Wheat,5.67,159.69,27.97,49.8,11.25,532.48,0.6
Bokkos,Highland,Wheat,6.52,177.7,32.47,62.5,13.76,809.08,3.12
Bokkos,Highland,Wheat,6.63,91.37,26.25,33.97,14.74,812.5,0.6
Bokkos,Highland,Pineapple,5.32,172.8,39.81,185.92,22.2,1053.08,0.63
Bokkos,Highland,Pineapple,5.92,248.97,33.75,82.5,19.72,926.44,0.93
Bokkos,Highland,Pineapple,5.14,239.04,49.27,148.68,22.9,1250.0,1.25
Bokkos,Highland,Pineapple,5.37,260.89,63.18,156.37,22.59,751.35,0.38
Bokkos,Highland,Pineapple,6.59,217.68,43.29,82.5,25.7,1171.03,0.56
Bokkos,Highland,Pineapple,5.84,263.3,60.91,132.75,22.72,1138.55,0.92
Bokkos,Highland,Pineapple,3.38,222.55,33.75,175.56,16.5,592.02,1.25
Bokkos,Highland,Pineapple,5.97,252.05,49.02,175.35,23.34,839.32,0.56
Bokkos,Highland,Pineapple,5.52,204.22,59.66,137.43,23.39,970.11,1.06
Bokkos,Highland,Pineapple,4.05,202.67,34.22,174.52,24.61,1228.79,0.08
Bokkos,Highland,Pineapple,5.54,172.5,54.05,237.6,20.91,964.7,0.52
Bokkos,Highland,Pineapple,4.35,264.77,42.08,225.56,20.73,799.32,0.08
Bokkos,Highland,Pineapple,3.38,300.84,39.45,187.66,25.18,851.51,0.27
Bokkos,Highland,Pineapple,5.1,248.3,66.78,266.27,22.46,1203.65,0.43
Bokkos,Highland,Pineapple,5.6,234.75,33.75,243.09,22.25,953.16,0.49
Bokkos,Highland,Pineapple,3.51,207.06,48.7,132.09,20.49,931.69,0.25
Bokkos,Highland,Pineapple,4.14,181.07,43.07,205.6,17.15,945.79,0.59
Bokkos,Highland,Pineapple,4.11,305.33,40.29,159.49,20.62,640.11,0.84
Bokkos,Highland,Pineapple,4.15,237.41,51.75,259.55,18.47,871.87,0.97
Bokkos,Highland,Pineapple,5.79,274.58,33.75,141.69,20.61,799.87,0.08
Bokkos,Highland,Pineapple,4.66,302.55,45.47,254.0,21.42,816.18,0.94
Bokkos,Highland,Pineapple,5.5,286.48,33.75,232.51,23.51,1000.71,0.21
Bokkos,Highland,Pineapple,5.2,272.12,47.51,204.48,23.37,836.52,0.09
Bokkos,Highland,Pineapple,5.21,233.59,53.94,97.16,23.39,1186.88,0.49
Bokkos,Highland,Pineapple,5.32,215.66,38.46,139.82,24.38,937.42,0.08
Bokkos,Highland,Pineapple,5.55,280.93,44.48,260.08,22.82,766.4,0.3
Bokkos,Highland,Pineapple,5.52,178.86,48.7,82.5,23.4,1108.77,0.67
Bokkos,Highland,Pineapple,4.47,254.06,38.8,99.95,20.21,1072.2,0.51
Bokkos,Highland,Pineapple,6.93,278.45,52.46,82.5,20.33,763.73,0.43
Bokkos,Highland,Pineapple,4.45,231.63,57.15,196.42,23.36,669.88,0.51
Bokkos,Highland,Pineapple,6.37,308.78,33.75,143.47,23.43,916.35,0.17
Bokkos,Highland,Pineapple,3.46,208.24,33.75,169.72,23.1,729.33,0.58
Bokkos,Highland,Pineapple,6.23,246.98,33.75,190.71,20.87,922.61,0.3
Bokkos,Highland,Pineapple,5.35,267.97,72.64,173.17,24.54,1012.61,0.45
Bokkos,Highland,Pineapple,5.43,197.06,48.35,82.5,18.98,969.22,0.91
Bokkos,Highland,Pineapple,6.91,237.41,46.6,229.03,17.88,1020.83,0.2
Bokkos,Highland,Pineapple,5.06,228.3,49.85,201.22,23.09,1010.93,0.55
Bokkos,Highland,Pineapple,7.4,184.67,64.54,147.41,22.34,893.01,0.24
Bokkos,Highland,Pineapple,5.81,289.77,50.29,131.26,29.47,1159.75,0.82
Bokkos,Highland,Pineapple,4.85,221.49,41.52,235.24,18.68,763.06,0.68
Bokkos,Highland,Pineapple,5.62,215.55,33.75,258.08,21.84,711.38,0.08
Bokkos,Highland,Pineapple,4.84,277.1,51.72,238.46,17.51,989.17,0.99
Bokkos,Highland,Pineapple,6.79,261.79,72.15,205.0,23.45,957.78,0.22
Bokkos,Highland,Pineapple,4.24,254.53,42.32,82.5,18.59,894.28,0.74
Bokkos,Highland,Pineapple,5.24,244.14,33.75,167.46,24.09,977.23,0.08
Bokkos,Highland,Pineapple,3.81,271.2,42.17,161.2,19.56,1038.1,0.38
Bokkos,Highland,Pineapple,5.04,212.23,55.52,151.81,22.43,741.12,1.1
Bokkos,Highland,Pineapple,6.73,172.5,35.43,196.57,17.91,926.97,0.64
Bokkos,Highland,Pineapple,5.04,269.16,36.7,82.5,23.3,1120.77,1.25
Bokkos,Highland,Pineapple,3.38,277.84,33.75,275.0,22.14,783.41,0.76
Bokkos,Highland,Onion,5.92,69.11,27.18,99.07,19.77,480.39,1.45
Bokkos,Highland,Onion,6.46,45.0,18.75,100.0,15.54,666.52,0.78
Bokkos,Highland,Onion,5.93,62.73,21.68,33.75,11.59,632.5,0.69
Bokkos,Highland,Onion,6.27,67.58,28.43,86.87,11.31,616.46,1.29
Bokkos,Highland,Onion,6.84,45.0,27.75,98.49,14.21,606.35,1.3
Bokkos,Highland,Onion,5.64,104.9,30.6,74.08,11.25,642.6,1.16
Bokkos,Highland,Onion,7.22,54.83,18.75,49.56,13.03,419.6,1.57
Bokkos,Highland,Onion,7.04,57.52,20.2,33.75,16.52,687.5,0.56
Bokkos,Highland,Onion,6.18,72.23,44.88,67.55,15.07,570.9,0.3
Bokkos,Highland,Onion,5.39,45.0,36.59,56.63,12.96,486.23,0.82
Bokkos,Highland,Onion,7.27,58.56,18.75,63.99,19.6,491.4,0.3
Bokkos,Highland,Onion,5.96,65.1,32.8,84.02,11.46,439.18,0.72
Bokkos,Highland,Onion,6.66,45.0,18.75,51.38,17.24,611.57,1.36
Bokkos,Highland,Onion,7.05,54.96,18.75,39.38,11.25,496.53,0.69
Bokkos,Highland,Onion,6.72,62.49,19.07,61.11,11.48,669.51,0.48
Bokkos,Highland,Onion,5.58,81.19,31.47,33.75,16.98,463.57,0.69
Bokkos,Highland,Onion,6.37,75.79,29.97,62.46,13.27,598.04,0.83
Bokkos,Highland,Onion,7.33,75.78,18.75,53.73,14.64,687.5,1.63
Bokkos,Highland,Onion,6.02,45.0,18.75,68.63,21.19,612.83,0.3
Bokkos,Highland,Onion,5.82,47.53,18.75,55.56,15.57,629.48,1.46
Bokkos,Highland,Onion,6.57,45.0,18.75,60.25,14.93,650.4,0.91
Bokkos,Highland,Onion,6.28,67.64,21.81,65.25,17.77,540.22,0.87
Bokkos,Highland,Onion,6.23,92.39,18.75,99.71,11.25,473.75,1.28
Bokkos,Highland,Onion,6.87,45.0,18.75,69.15,21.31,687.5,0.76
Bokkos,Highland,Onion,4.81,64.0,29.0,55.67,12.03,568.55,0.4
Bokkos,Highland,Onion,7.37,97.5,32.45,65.31,12.58,547.58,1.75
Bokkos,Highland,Onion,6.77,66.85,35.55,74.61,15.65,664.28,1.16
Bokkos,Highland,Onion,6.76,65.86,21.82,52.29,12.56,362.92,0.41
Bokkos,Highland,Onion,5.69,50.25,42.99,60.26,15.2,581.86,1.72
Bokkos,Highland,Onion,5.91,56.9,23.54,86.67,18.4,605.31,1.54
Bokkos,Highland,Onion,6.36,58.06,38.52,73.43,12.36,666.25,0.78
Bokkos,Highland,Onion,6.06,82.94,23.75,71.41,16.42,458.75,1.09
Bokkos,Highland,Onion,7.06,45.0,30.02,46.55,17.47,667.94,0.7
Bokkos,Highland,Onion,7.57,87.93,33.02,76.75,17.36,433.96,0.99
Bokkos,Highland,Onion,6.48,52.75,30.2,88.61,13.27,543.66,0.46
Bokkos,Highland,Onion,5.19,80.28,24.48,64.45,11.63,528.38,1.47
Bokkos,Highland,Onion,6.25,62.77,27.2,38.25,16.32,403.71,0.4
Bokkos,Highland,Onion,5.63,58.0,20.67,63.45,11.87,667.19,1.33
Bokkos,Highland,Onion,6.15,50.93,18.75,57.15,11.25,438.16,1.34
Bokkos,Highland,Onion,6.43,100.24,21.29,56.1,13.32,512.8,0.54
Bokkos,Highland,Onion,6.42,62.77,18.84,89.01,20.01,685.96,1.18
Bokkos,Highland,Onion,6.71,105.43,33.64,51.54,15.64,622.99,0.37
Bokkos,Highland,Onion,6.08,87.78,18.75,37.96,13.99,591.22,0.3
Bokkos,Highland,Onion,6.18,89.03,25.58,82.64,12.78,455.6,1.34
Bokkos,Highland,Onion,6.47,45.0,18.75,95.4,11.81,658.9,0.64
Bokkos,Highland,Onion,6.25,68.97,18.75,33.75,14.75,465.58,1.41
Bokkos,Highland,Onion,5.3,75.29,18.75,56.29,11.41,687.5,0.3
Bokkos,Highland,Onion,6.18,45.0,43.42,71.67,14.9,687.5,0.97
Bokkos,Highland,Onion,6.38,65.17,31.35,53.43,13.88,644.44,1.04
Bokkos,Highland,Onion,6.19,45.0,42.24,49.98,17.37,570.48,0.3
Riyom,Highland,Irish-potato,5.54,94.22,63.54,136.11,14.46,300.0,0.37
Riyom,Highland,Irish-potato,3.51,72.19,48.43,113.94,15.02,450.09,1.1
Riyom,Highland,Irish-potato,5.59,120.78,34.15,90.0,14.04,578.08,0.22
Riyom,Highland,Irish-potato,4.09,135.52,30.0,170.27,12.76,537.46,0.97
Riyom,Highland,Irish-potato,5.85,74.95,35.92,178.34,15.21,577.65,0.47
Riyom,Highland,Irish-potato,3.0,60.0,30.0,181.63,11.15,550.47,0.63
Riyom,Highland,Irish-potato,3.83,139.67,62.89,225.0,14.39,594.84,1.48
Riyom,Highland,Irish-potato,3.99,60.0,30.0,173.14,9.33,572.81,0.22
Riyom,Highland,Irish-potato,4.92,60.0,30.0,209.59,16.13,665.5,0.78
Riyom,Highland,Irish-potato,4.11,60.0,33.83,90.0,12.88,608.55,0.22
Riyom,Highland,Irish-potato,5.8,106.55,52.28,120.1,12.0,709.79,0.71
Riyom,Highland,Irish-potato,5.82,78.18,31.34,178.98,7.57,750.0,0.22
Riyom,Highland,Irish-potato,5.05,62.62,48.51,193.32,12.54,390.07,0.22
Riyom,Highland,Irish-potato,3.95,60.0,59.9,151.47,8.03,750.0,0.26
Riyom,Highland,Irish-potato,4.74,60.0,30.0,90.0,10.43,750.0,0.81
Riyom,Highland,Irish-potato,4.65,60.0,62.4,157.43,11.58,750.0,1.29
Riyom,Highland,Irish-potato,5.46,76.66,30.0,197.6,7.5,750.0,0.65
Riyom,Highland,Irish-potato,3.68,60.0,30.0,153.05,11.98,383.71,0.44
Riyom,Highland,Irish-potato,3.43,105.94,39.22,125.82,7.5,547.47,0.41
Riyom,Highland,Irish-potato,4.79,91.16,54.03,120.24,7.5,750.0,0.22
Riyom,Highland,Irish-potato,3.64,83.8,45.46,117.82,10.11,531.57,1.38
Riyom,Highland,Irish-potato,4.53,60.0,30.0,132.51,12.83,684.7,0.7
Riyom,Highland,Irish-potato,3.86,70.47,53.02,90.0,10.37,704.56,1.09
Riyom,Highland,Irish-potato,4.38,70.92,30.0,173.28,16.62,750.0,0.83
Riyom,Highland,Irish-potato,4.49,60.0,30.0,154.98,20.23,750.0,1.22
Riyom,Highland,Irish-potato,4.73,97.89,30.0,185.72,9.97,477.2,0.46
Riyom,Highland,Irish-potato,4.25,60.19,40.41,116.38,12.35,339.74,0.52
Riyom,Highland,Irish-potato,3.65,62.86,42.68,90.0,9.12,699.57,0.22
Riyom,Highland,Irish-potato,5.97,127.47,31.52,104.36,12.71,346.69,0.22
Riyom,Highland,Irish-potato,4.16,80.62,41.82,113.41,16.46,338.35,0.22
Riyom,Highland,Irish-potato,4.93,60.0,30.0,152.16,8.31,576.71,0.26
Riyom,Highland,Irish-potato,3.84,60.0,42.61,90.0,11.41,510.38,0.52
Riyom,Highland,Irish-potato,4.41,92.09,30.0,210.93,7.5,560.35,1.07
Riyom,Highland,Irish-potato,4.92,60.0,30.0,92.83,14.1,470.51,0.77
Riyom,Highland,Irish-potato,4.75,150.0,45.65,103.1,7.5,551.73,0.57
Riyom,Highland,Irish-potato,3.0,60.33,45.38,117.74,15.39,327.29,0.99
Riyom,Highland,Irish-potato,5.27,118.79,30.0,162.2,9.66,353.93,0.41
Riyom,Highland,Irish-potato,3.81,117.54,49.15,90.0,9.47,533.38,0.59
Riyom,Highland,Irish-potato,5.34,109.49,41.07,132.0,7.5,750.0,0.4
Riyom,Highland,Irish-potato,5.79,92.17,75.0,177.52,7.5,492.48,0.54
Riyom,Highland,Irish-potato,3.83,72.11,30.0,145.99,12.83,424.28,1.65
Riyom,Highland,Irish-potato,4.59,60.0,30.0,148.83,11.09,737.03,0.56
Riyom,Highland,Irish-potato,3.57,143.79,47.8,132.34,12.58,682.96,0.22
Riyom,Highland,Irish-potato,4.66,69.56,49.05,106.83,9.88,750.0,1.28
Riyom,Highland,Irish-potato,3.0,125.8,38.88,108.51,8.47,433.9,0.28
Riyom,Highland,Irish-potato,3.63,60.0,30.0,162.66,12.18,697.27,0.6
Riyom,Highland,Irish-potato,3.48,102.62,30.0,179.63,7.92,479.69,0.44
Riyom,Highland,Irish-potato,5.08,91.47,40.52,225.0,7.5,418.28,0.22
Riyom,Highland,Irish-potato,3.11,60.13,52.21,114.62,10.83,300.0,0.22
Riyom,Highland,Irish-potato,4.16,107.79,30.0,121.8,15.8,522.11,0.22
Riyom,Highland,Tomato,7.33,131.74,100.49,120.0,24.69,509.87,0.48
Riyom,Highland,Tomato,5.04,137.92,72.95,218.11,18.81,588.92,0.38
Riyom,Highland,Tomato,7.95,75.0,88.49,213.22,23.23,750.0,0.74
Riyom,Highland,Tomato,6.47,161.77,75.96,146.04,16.93,447.94,1.09
Riyom,Highland,Tomato,7.08,106.78,48.75,243.24,13.5,419.82,0.71
Riyom,Highland,Tomato,6.15,122.62,75.94,277.61,18.77,720.59,1.38
Riyom,Highland,Tomato,4.36,105.36,133.41,172.21,15.74,619.88,0.5
Riyom,Highland,Tomato,4.94,96.22,115.26,189.33,13.5,423.81,2.38
Riyom,Highland,Tomato,5.6,122.98,57.42,210.63,24.48,523.98,1.15
Riyom,Highland,Tomato,4.23,169.29,84.72,176.47,17.28,540.56,0.51
Riyom,Highland,Tomato,3.75,107.45,74.0,218.43,16.36,510.14,0.83
Riyom,Highland,Tomato,3.99,114.49,48.75,247.86,21.3,492.05,1.29
Riyom,Highland,Tomato,5.98,80.89,48.75,210.41,15.25,727.62,0.84
Riyom,Highland,Tomato,5.05,162.73,92.8,120.0,16.51,438.68,0.38
Riyom,Highland,Tomato,5.69,120.63,84.53,245.86,21.11,666.99,0.97
Riyom,Highland,Tomato,7.34,101.09,70.05,120.0,22.82,591.03,2.5
Riyom,Highland,Tomato,5.39,112.89,92.02,144.39,19.97,604.04,0.62
Riyom,Highland,Tomato,7.21,83.96,84.89,263.4,15.61,565.4,2.47
Riyom,Highland,Tomato,6.4,95.55,98.74,169.24,13.5,750.0,0.38
Riyom,Highland,Tomato,8.69,96.04,133.67,131.97,22.7,658.24,1.42
Riyom,Highland,Tomato,6.97,95.8,48.75,193.31,19.41,545.01,1.03
Riyom,Highland,Tomato,6.23,83.78,88.04,183.25,15.63,691.77,0.38
Riyom,Highland,Tomato,5.33,112.41,113.75,204.66,20.66,565.31,0.78
Riyom,Highland,Tomato,5.8,118.86,69.9,258.06,16.97,401.02,2.5
Riyom,Highland,Tomato,5.48,148.6,114.55,239.68,17.69,633.41,0.38
Riyom,Highland,Tomato,8.15,85.48,71.01,200.29,18.06,523.44,1.81
Riyom,Highland,Tomato,6.95,119.7,67.18,245.23,16.6,750.0,0.91
Riyom,Highland,Tomato,7.27,106.99,79.55,252.73,27.48,750.0,1.45
Riyom,Highland,Tomato,6.53,95.53,85.42,153.18,20.04,651.29,0.38
Riyom,Highland,Tomato,5.9,122.41,75.47,212.35,13.5,509.57,1.56
Riyom,Highland,Tomato,5.85,120.22,63.33,196.59,13.5,698.6,2.1
Riyom,Highland,Tomato,4.62,82.9,89.25,264.29,18.49,456.72,0.69
Riyom,Highland,Tomato,4.66,90.81,69.69,152.42,15.31,608.69,0.98
Riyom,Highland,Tomato,4.21,121.87,67.65,229.21,21.7,536.53,1.26
Riyom,Highland,Tomato,4.89,148.91,56.69,212.11,17.73,481.48,1.46
Riyom,Highland,Tomato,5.14,75.0,48.75,154.95,24.13,746.59,0.38
Riyom,Highland,Tomato,5.42,96.76,48.75,151.52,22.52,658.73,1.02
Riyom,Highland,Tomato,4.31,113.25,48.75,234.92,19.56,443.21,1.96
Riyom,Highland,Tomato,3.78,125.77,92.25,137.98,18.35,409.23,0.38
Riyom,Highland,Tomato,4.62,92.33,94.58,198.82,18.88,481.77,0.46
Riyom,Highland,Tomato,4.78,75.0,62.09,199.15,16.16,562.3,1.32
Riyom,Highland,Tomato,5.28,75.0,92.46,208.06,19.85,672.94,1.15
Riyom,Highland,Tomato,5.89,180.03,48.75,168.39,22.46,616.62,1.36
Riyom,Highland,Tomato,6.05,150.37,51.22,258.18,23.3,458.94,1.27
Riyom,Highland,Tomato,5.8,92.63,48.75,148.63,21.4,694.85,0.68
Riyom,Highland,Tomato,6.8,137.87,81.73,162.06,20.31,656.76,1.3
Riyom,Highland,Tomato,6.85,75.0,64.29,120.0,21.56,575.26,1.13
Riyom,Highland,Tomato,4.15,151.16,48.75,231.74,18.98,577.92,0.64
Riyom,Highland,Tomato,5.12,148.07,78.0,136.6,16.93,614.96,1.46
Riyom,Highland,Tomato,5.16,94.63,78.29,236.34,13.5,658.9,0.51
Riyom,Highland,Groundnut,6.16,12.01,14.8,34.79,24.52,562.47,0.15
Riyom,Highland,Groundnut,6.84,7.5,11.25,37.16,18.43,609.96,1.12
Riyom,Highland,Groundnut,5.37,7.5,11.25,26.08,18.87,564.96,0.96
Riyom,Highland,Groundnut,6.51,7.5,15.67,30.72,25.27,583.88,0.52
Riyom,Highland,Groundnut,6.77,9.34,46.1,28.8,25.99,388.79,0.98
Riyom,Highland,Groundnut,5.92,7.5,24.11,26.84,22.69,875.0,0.3
Riyom,Highland,Groundnut,5.71,10.91,25.36,45.0,25.02,545.74,0.66
Riyom,Highland,Groundnut,5.77,7.5,16.57,18.75,19.16,875.0,0.52
Riyom,Highland,Groundnut,6.25,10.91,11.89,27.38,25.47,653.29,0.17
Riyom,Highland,Groundnut,5.01,7.5,11.25,29.57,19.86,875.0,0.15
Riyom,Highland,Groundnut,7.19,7.5,29.45,34.71,16.5,698.65,0.34
Riyom,Highland,Groundnut,5.68,7.5,42.72,18.75,20.13,554.81,0.46
Riyom,Highland,Groundnut,6.16,7.5,27.74,42.5,31.31,613.8,0.15
Riyom,Highland,Groundnut,6.69,9.72,29.55,42.24,21.21,628.95,0.47
Riyom,Highland,Groundnut,6.16,7.5,31.83,37.36,23.79,728.65,0.71
Riyom,Highland,Groundnut,5.19,7.5,18.44,30.05,21.69,750.33,0.23
Riyom,Highland,Groundnut,7.03,7.5,19.87,22.08,24.85,724.09,0.17
Riyom,Highland,Groundnut,6.32,7.5,25.72,32.45,22.32,819.56,0.87
Riyom,Highland,Groundnut,6.79,7.5,11.25,23.43,28.84,732.83,1.18
Riyom,Highland,Groundnut,6.28,7.5,16.59,27.38,19.29,566.1,0.61
Riyom,Highland,Groundnut,6.98,14.6,11.34,25.1,19.3,831.2,0.72
Riyom,Highland,Groundnut,5.83,7.5,31.57,31.54,24.65,597.11,0.15
Riyom,Highland,Groundnut,5.83,7.5,48.48,24.43,29.97,796.72,0.15
Riyom,Highland,Groundnut,6.48,7.5,11.25,33.82,26.1,746.49,0.41
Riyom,Highland,Groundnut,6.25,7.5,11.25,22.17,20.54,713.23,0.24
Riyom,Highland,Groundnut,5.84,7.5,23.08,23.47,23.77,647.18,0.45
Riyom,Highland,Groundnut,6.93,7.5,11.25,26.91,17.23,667.66,0.33
Riyom,Highland,Groundnut,4.89,7.5,15.01,38.53,22.75,785.74,0.85
Riyom,Highland,Groundnut,6.28,7.5,11.25,39.03,21.49,582.78,0.69
Riyom,Highland,Groundnut,5.06,7.5,30.93,24.35,19.49,651.5,0.15
Riyom,Highland,Groundnut,6.78,7.5,13.7,25.83,22.05,776.16,0.41
Riyom,Highland,Groundnut,5.54,7.5,24.95,29.98,25.76,703.54,0.82
Riyom,Highland,Groundnut,7.19,7.5,11.25,27.04,26.34,525.45,0.29
Riyom,Highland,Groundnut,6.15,7.5,30.41,31.48,19.51,770.57,0.38
Riyom,Highland,Groundnut,5.82,7.5,24.04,36.4,20.3,763.45,0.99
Riyom,Highland,Groundnut,5.61,7.5,29.8,27.35,26.33,875.0,0.55
Riyom,Highland,Groundnut,6.22,7.5,29.96,18.75,21.99,654.01,0.57
Riyom,Highland,Groundnut,6.24,7.5,11.25,34.61,27.79,601.2,0.15
Riyom,Highland,Groundnut,6.37,7.5,34.76,18.75,20.12,449.69,0.91
Riyom,Highland,Groundnut,6.5,7.5,11.25,18.75,23.45,570.93,0.47
Riyom,Highland,Groundnut,7.57,7.5,11.25,31.53,17.71,875.0,0.92
Riyom,Highland,Groundnut,6.26,7.5,11.46,25.6,23.34,821.17,0.15
Riyom,Highland,Groundnut,6.96,7.5,11.25,18.75,22.41,576.5,0.79
Riyom,Highland,Groundnut,5.69,7.5,16.5,23.28,21.64,825.87,0.15
Riyom,Highland,Groundnut,6.11,7.5,17.11,22.19,16.5,577.02,1.01
Riyom,Highland,Groundnut,6.5,7.5,13.55,27.73,20.5,761.41,0.47
Riyom,Highland,Groundnut,5.66,7.5,11.25,31.81,17.07,688.8,0.15
Riyom,Highland,Groundnut,6.36,7.5,39.61,18.75,25.41,715.29,0.27
Riyom,Highland,Groundnut,6.81,7.5,28.14,19.5,19.78,809.98,0.95
Riyom,Highland,Groundnut,6.33,7.5,14.77,28.47,21.19,739.2,0.27
Riyom,Highland,Pepper,6.84,75.0,45.72,113.87,14.71,678.7,1.32
Riyom,Highland,Pepper,5.07,100.14,43.76,92.55,29.9,1089.74,0.6
Riyom,Highland,Pepper,6.15,114.14,25.68,72.56,14.61,1131.97,0.45
Riyom,Highland,Pepper,5.48,115.44,18.75,93.37,13.5,1278.81,0.45
Riyom,Highland,Pepper,5.75,141.57,59.75,76.24,13.5,1386.5,0.87
Riyom,Highland,Pepper,6.17,143.16,18.75,73.36,17.35,1488.14,1.54
Riyom,Highland,Pepper,4.68,172.02,34.23,41.25,19.79,1417.25,0.45
Riyom,Highland,Pepper,7.31,75.0,18.75,48.43,26.73,838.88,0.45
Riyom,Highland,Pepper,6.49,147.39,37.41,66.06,20.84,778.53,2.2
Riyom,Highland,Pepper,7.11,164.66,39.26,86.83,13.5,1265.05,1.11
Riyom,Highland,Pepper,7.21,153.37,35.7,41.25,19.03,813.53,1.21
Riyom,Highland,Pepper,5.74,109.01,34.37,61.84,20.14,450.0,0.45
Riyom,Highland,Pepper,6.68,75.0,45.85,98.76,18.09,1562.5,1.9
Riyom,Highland,Pepper,5.27,150.87,28.63,52.8,13.88,1402.11,0.61
Riyom,Highland,Pepper,6.02,82.59,18.75,69.85,21.54,450.0,1.04
Riyom,Highland,Pepper,5.45,177.74,62.5,63.75,13.5,1069.3,0.89
Riyom,Highland,Pepper,7.83,188.56,40.3,57.78,23.06,1125.45,1.2
Riyom,Highland,Pepper,4.74,163.79,29.25,70.54,16.35,724.18,1.25
Riyom,Highland,Pepper,4.57,152.64,18.75,41.25,29.06,699.74,0.53
Riyom,Highland,Pepper,7.1,196.25,18.75,48.09,14.87,1379.34,2.18
Riyom,Highland,Pepper,5.16,178.24,18.75,82.01,13.5,978.78,0.95
Riyom,Highland,Pepper,5.83,136.08,18.75,49.99,21.8,1533.7,1.02
Riyom,Highland,Pepper,6.54,151.35,39.79,48.15,15.42,763.43,2.38
Riyom,Highland,Pepper,6.55,139.28,33.02,41.25,29.68,1206.64,1.54
Riyom,Highland,Pepper,4.56,152.24,22.47,41.25,14.49,545.54,0.45
Riyom,Highland,Pepper,6.16,104.47,32.55,117.18,18.82,450.0,0.86
Riyom,Highland,Pepper,7.15,116.79,49.99,85.07,13.5,1066.54,1.24
Riyom,Highland,Pepper,7.05,194.82,40.92,84.75,23.05,961.32,0.45
Riyom,Highland,Pepper,6.14,135.27,18.75,108.01,24.78,505.03,1.99
Riyom,Highland,Pepper,5.83,88.43,43.42,71.84,29.47,701.71,0.45
Riyom,Highland,Pepper,5.86,152.63,18.75,41.25,20.7,470.19,1.25
Riyom,Highland,Pepper,5.81,140.56,18.75,107.26,18.54,1314.41,1.7
Riyom,Highland,Pepper,5.09,156.44,18.75,41.25,29.81,1446.45,2.48
Riyom,Highland,Pepper,5.78,124.51,35.37,72.86,15.58,685.34,1.18
Riyom,Highland,Pepper,5.17,75.48,33.42,70.69,24.42,863.94,0.63
Riyom,Highland,Pepper,6.47,87.06,18.75,56.95,18.4,1562.5,0.45
Riyom,Highland,Pepper,7.24,150.52,50.54,125.0,27.02,1375.87,0.45
Riyom,Highland,Pepper,5.07,135.06,18.75,89.34,13.5,1461.75,0.81
Riyom,Highland,Pepper,6.21,89.66,18.75,105.6,26.51,891.77,1.5
Riyom,Highland,Pepper,5.76,132.12,38.75,87.76,26.54,1221.68,1.05
Riyom,Highland,Pepper,5.44,100.72,39.49,41.25,25.31,918.43,0.46
Riyom,Highland,Pepper,5.14,147.93,27.46,114.89,13.5,805.85,0.97
Riyom,Highland,Pepper,5.45,120.56,32.34,85.9,27.41,530.92,1.27
Riyom,Highland,Pepper,5.54,137.92,33.97,47.28,14.77,1218.94,1.05
Riyom,Highland,Pepper,5.91,147.26,38.35,59.28,15.03,546.67,1.06
Riyom,Highland,Pepper,4.86,124.38,45.43,63.91,16.68,1562.5,2.09
Riyom,Highland,Pepper,5.44,126.0,32.47,78.53,29.03,1058.06,1.2
Riyom,Highland,Pepper,6.71,169.04,41.35,87.31,13.5,839.97,1.61
Riyom,Highland,Pepper,6.32,154.14,55.22,42.29,25.47,899.78,1.69
Riyom,Highland,Pepper,6.07,207.41,29.57,56.37,21.7,1147.79,1.83
Riyom,Highland,Cabbage,6.62,182.47,46.7,108.94,9.08,546.0,0.63
Riyom,Highland,Cabbage,6.52,112.27,42.34,95.26,10.94,619.91,1.1
Riyom,Highland,Cabbage,6.31,82.86,46.96,147.29,22.15,578.55,0.94
Riyom,Highland,Cabbage,7.27,76.7,44.24,101.43,18.79,551.21,0.85
Riyom,Highland,Cabbage,6.05,150.31,47.07,122.84,23.75,618.06,0.68
Riyom,Highland,Cabbage,6.84,161.09,52.17,97.92,18.75,537.39,0.15
Riyom,Highland,Cabbage,6.63,113.71,57.79,97.56,7.5,551.81,0.69
Riyom,Highland,Cabbage,6.41,110.91,38.32,108.25,11.16,615.09,0.69
Riyom,Highland,Cabbage,6.19,160.57,45.32,120.45,12.64,625.0,0.57
Riyom,Highland,Cabbage,6.42,106.23,49.39,131.68,20.9,541.97,1.25
Riyom,Highland,Cabbage,6.87,97.54,37.5,103.42,17.37,581.8,1.1
Riyom,Highland,Cabbage,5.7,97.51,37.5,87.26,8.88,565.66,0.86
Riyom,Highland,Cabbage,5.79,86.72,37.5,114.44,8.03,625.0,0.7
Riyom,Highland,Cabbage,6.25,91.62,37.5,86.75,8.93,491.08,0.15
Riyom,Highland,Cabbage,6.58,125.3,43.66,144.55,7.5,544.07,0.44
Riyom,Highland,Cabbage,6.03,89.97,47.61,106.74,10.8,449.09,0.15
Riyom,Highland,Cabbage,6.18,98.59,45.95,108.78,9.74,525.13,0.17
Riyom,Highland,Cabbage,7.26,86.99,44.43,98.02,7.96,541.72,0.49
Riyom,Highland,Cabbage,6.08,102.05,41.37,117.71,30.0,478.76,0.7
Riyom,Highland,Cabbage,6.38,129.8,53.77,114.28,13.68,509.59,0.21
Riyom,Highland,Cabbage,6.3,75.0,42.48,130.05,14.8,602.49,1.15
Riyom,Highland,Cabbage,6.25,116.36,45.03,96.46,7.5,599.02,0.62
Riyom,Highland,Cabbage,7.45,138.65,41.27,125.39,11.51,625.0,0.33
Riyom,Highland,Cabbage,5.73,87.11,41.16,95.98,9.33,599.97,1.29
Riyom,Highland,Cabbage,5.56,147.15,43.49,116.77,7.5,576.68,0.15
Riyom,Highland,Cabbage,6.54,117.81,49.34,97.82,18.48,567.38,0.44
Riyom,Highland,Cabbage,6.75,107.52,52.3,108.48,15.77,580.23,0.36
Riyom,Highland,Cabbage,5.62,118.36,58.08,115.92,16.59,537.05,0.84
Riyom,Highland,Cabbage,6.24,97.08,57.34,101.4,21.25,617.42,0.77
Riyom,Highland,Cabbage,5.61,111.1,45.9,102.0,15.16,593.84,0.34
Riyom,Highland,Cabbage,6.25,103.28,57.86,106.19,7.5,429.86,0.68
Riyom,Highland,Cabbage,5.9,129.81,37.5,101.25,7.5,570.42,0.8
Riyom,Highland,Cabbage,6.56,78.65,41.15,114.79,7.5,523.12,1.17
Riyom,Highland,Cabbage,6.25,75.0,42.36,99.65,30.0,625.0,0.84
Riyom,Highland,Cabbage,6.15,145.32,37.75,129.52,21.57,529.41,1.01
Riyom,Highland,Cabbage,6.09,75.0,56.23,109.19,18.91,625.0,0.23
Riyom,Highland,Cabbage,6.27,156.07,53.52,98.44,7.5,503.03,0.22
Riyom,Highland,Cabbage,6.5,112.6,50.12,95.97,13.42,396.1,0.59
Riyom,Highland,Cabbage,7.05,75.0,51.9,99.99,20.54,551.11,0.7
Riyom,Highland,Cabbage,6.39,149.04,50.71,98.34,14.81,514.18,0.6
Riyom,Highland,Cabbage,6.1,90.58,49.42,111.66,22.68,510.95,0.15
Riyom,Highland,Cabbage,6.14,75.0,51.31,81.39,7.5,514.64,1.18
Riyom,Highland,Cabbage,5.72,110.67,52.75,136.66,20.34,616.57,0.9
Riyom,Highland,Cabbage,5.63,120.8,55.1,93.95,9.27,483.78,0.86
Riyom,Highland,Cabbage,6.31,100.96,37.5,109.51,9.37,557.03,0.15
Riyom,Highland,Cabbage,6.46,97.51,37.5,87.46,7.5,525.55,0.58
Riyom,Highland,Cabbage,6.51,119.28,41.03,129.21,10.39,571.51,0.46
Riyom,Highland,Cabbage,6.58,104.06,51.12,110.56,20.64,482.69,0.15
Riyom,Highland,Cabbage,5.78,141.48,46.32,112.3,7.5,544.59,0.15
Riyom,Highland,Cabbage,5.83,98.58,51.57,120.34,18.72,428.83,0.53
Riyom,Highland,Maize,6.13,115.64,55.45,69.84,23.38,764.22,0.45
Riyom,Highland,Maize,7.42,112.5,54.05,45.0,16.75,841.84,0.3
Riyom,Highland,Maize,4.71,229.76,37.5,114.22,20.2,658.15,1.23
Riyom,Highland,Maize,7.9,126.9,46.24,95.45,22.34,942.84,1.19
Riyom,Highland,Maize,8.44,165.52,59.05,83.2,20.34,898.42,1.0
Riyom,Highland,Maize,7.26,187.85,62.67,87.4,16.3,653.69,1.42
Riyom,Highland,Maize,8.0,112.5,45.23,76.24,16.91,606.06,1.16
Riyom,Highland,Maize,8.18,112.5,52.19,86.5,24.63,805.85,2.07
Riyom,Highland,Maize,6.39,198.56,43.86,77.04,15.35,907.65,0.75
Riyom,Highland,Maize,6.77,151.17,65.43,84.96,16.37,586.07,0.81
Riyom,Highland,Maize,7.12,214.62,60.47,99.21,15.0,1000.0,1.26
Riyom,Highland,Maize,6.3,155.51,37.5,56.51,29.89,576.92,0.3
Riyom,Highland,Maize,5.54,125.38,55.44,101.11,18.16,509.67,1.04
Riyom,Highland,Maize,6.29,189.55,47.22,69.61,20.3,765.58,0.56
Riyom,Highland,Maize,5.71,112.5,45.28,92.38,24.96,667.56,1.74
Riyom,Highland,Maize,6.32,121.31,37.5,104.12,19.26,537.54,0.3
Riyom,Highland,Maize,5.9,172.11,42.96,51.1,18.44,967.56,0.3
Riyom,Highland,Maize,5.61,195.61,63.82,79.87,17.98,755.34,0.46
Riyom,Highland,Maize,5.36,128.82,68.89,74.27,22.46,776.54,1.14
Riyom,Highland,Maize,6.06,146.27,40.9,45.0,15.78,686.05,0.3
Riyom,Highland,Maize,4.76,190.69,59.1,65.14,31.57,461.56,1.51
Riyom,Highland,Maize,6.23,183.2,57.08,45.0,21.44,808.72,0.3
Riyom,Highland,Maize,8.6,169.38,66.93,48.48,24.21,940.66,1.01
Riyom,Highland,Maize,6.34,134.26,51.39,63.73,23.66,601.27,1.23
Riyom,Highland,Maize,5.39,152.66,65.95,59.25,24.03,846.77,0.64
Riyom,Highland,Maize,7.7,162.58,74.46,117.55,19.88,862.87,0.39
Riyom,Highland,Maize,5.16,154.61,37.5,53.8,23.75,660.11,1.33
Riyom,Highland,Maize,6.7,214.28,64.35,101.7,22.87,804.49,1.65
Riyom,Highland,Maize,7.13,166.44,58.77,88.25,17.87,625.09,1.83
Riyom,Highland,Maize,8.51,133.23,43.46,102.36,23.48,868.37,1.46
Riyom,Highland,Maize,6.08,169.93,59.59,55.64,22.47,966.6,0.6
Riyom,Highland,Maize,6.53,166.34,50.19,91.49,17.83,983.21,1.27
Riyom,Highland,Maize,5.27,209.82,58.11,58.81,26.14,836.57,0.3
Riyom,Highland,Maize,5.75,168.45,37.5,77.67,21.74,542.89,1.02
Riyom,Highland,Maize,6.36,125.58,71.26,95.24,19.65,715.25,1.34
Riyom,Highland,Maize,6.12,112.5,63.69,56.7,19.19,1000.0,0.74
Riyom,Highland,Maize,6.36,175.17,64.02,54.23,20.72,756.33,1.02
Riyom,Highland,Maize,6.69,235.75,37.5,98.56,26.51,836.24,0.38
Riyom,Highland,Maize,8.28,112.5,43.21,103.04,19.28,1000.0,0.3
Riyom,Highland,Maize,5.07,144.81,62.48,70.5,18.72,998.57,1.89
Riyom,Highland,Maize,5.88,112.5,37.5,81.27,24.05,761.02,0.78
Riyom,Highland,Maize,5.42,179.41,84.54,45.0,20.64,580.19,0.3
Riyom,Highland,Maize,5.05,171.38,62.26,109.78,21.04,442.31,0.67
Riyom,Highland,Maize,4.75,125.13,65.33,80.22,23.74,687.44,1.39
Riyom,Highland,Maize,5.88,192.87,61.2,70.85,21.99,746.87,1.95
Riyom,Highland,Maize,6.64,160.26,51.0,95.37,24.3,702.08,0.3
Riyom,Highland,Maize,5.31,154.94,78.78,69.84,18.23,441.87,1.89
Riyom,Highland,Maize,7.01,183.52,72.0,71.84,21.39,1000.0,0.96
Riyom,Highland,Maize,7.03,185.69,66.42,72.69,20.84,886.09,1.38
Riyom,Highland,Maize,7.7,176.38,65.61,65.27,18.29,886.61,0.43
Riyom,Highland,Wheat,6.83,150.52,37.31,37.59,13.64,635.62,2.09
Riyom,Highland,Wheat,6.81,94.03,37.28,35.84,12.82,705.82,2.18
Riyom,Highland,Wheat,5.69,104.47,28.73,39.79,16.34,585.73,0.6
Riyom,Highland,Wheat,8.05,77.66,31.76,31.26,14.97,812.5,3.12
Riyom,Highland,Wheat,4.97,139.0,29.26,48.48,17.28,812.5,1.58
Riyom,Highland,Wheat,5.83,137.36,30.86,29.77,13.12,767.29,2.73
Riyom,Highland,Wheat,5.47,128.44,28.0,18.75,14.93,552.9,0.6
Riyom,Highland,Wheat,5.95,80.35,26.39,18.75,13.35,566.87,1.66
Riyom,Highland,Wheat,7.54,117.9,28.8,29.35,12.07,555.25,1.95
Riyom,Highland,Wheat,4.82,107.96,28.28,41.93,11.25,651.45,1.63
Riyom,Highland,Wheat,4.65,78.99,29.64,40.69,15.03,715.32,0.6
Riyom,Highland,Wheat,5.02,112.77,26.25,20.56,17.21,672.04,0.83
Riyom,Highland,Wheat,6.05,128.41,31.41,18.75,11.25,812.5,0.6
Riyom,Highland,Wheat,7.46,154.35,31.03,24.42,11.25,482.17,1.66
Riyom,Highland,Wheat,8.53,98.78,26.92,43.36,12.51,681.99,1.37
Riyom,Highland,Wheat,6.38,109.86,40.48,42.01,17.67,542.93,2.29
Riyom,Highland,Wheat,7.59,75.0,33.33,25.69,11.25,665.13,1.8
Riyom,Highland,Wheat,7.03,107.13,28.24,62.5,11.25,751.74,1.35
Riyom,Highland,Wheat,5.87,108.9,26.25,24.49,14.36,469.22,1.78
Riyom,Highland,Wheat,5.74,75.0,26.25,62.5,11.25,700.83,0.67
Riyom,Highland,Wheat,6.45,127.92,33.41,23.25,11.25,722.51,1.82
Riyom,Highland,Wheat,6.53,123.2,27.57,21.11,14.51,710.49,1.6
Riyom,Highland,Wheat,7.44,88.14,39.42,28.19,14.15,496.31,1.16
Riyom,Highland,Wheat,7.47,132.54,39.3,40.78,15.3,597.98,0.75
Riyom,Highland,Wheat,7.97,138.04,26.25,43.74,16.39,520.19,1.8
Riyom,Highland,Wheat,5.64,75.0,29.24,36.95,14.17,812.5,1.66
Riyom,Highland,Wheat,7.02,122.84,27.59,46.75,15.55,686.73,0.79
Riyom,Highland,Wheat,5.05,95.69,31.82,26.69,15.35,622.92,1.71
Riyom,Highland,Wheat,5.73,115.93,26.43,18.75,14.02,812.5,0.6
Riyom,Highland,Wheat,6.99,133.56,43.62,25.99,12.66,514.02,2.33
Riyom,Highland,Wheat,5.85,99.51,26.25,46.09,17.86,748.58,0.6
Riyom,Highland,Wheat,7.56,75.0,30.51,36.18,15.4,712.31,1.33
Riyom,Highland,Wheat,4.59,125.91,30.74,20.01,11.25,812.5,2.41
Riyom,Highland,Wheat,7.67,90.59,26.25,44.35,15.57,606.33,2.32
Riyom,Highland,Wheat,7.83,115.44,30.38,33.93,16.48,550.06,1.7
Riyom,Highland,Wheat,5.79,149.28,33.28,23.14,14.73,550.49,2.65
Riyom,Highland,Wheat,8.73,130.61,39.27,35.4,16.72,792.74,1.33
Riyom,Highland,Wheat,6.94,137.53,33.95,22.16,11.25,629.54,0.6
Riyom,Highland,Wheat,5.71,84.82,26.85,45.16,17.51,709.29,1.89
Riyom,Highland,Wheat,7.61,75.0,30.23,18.75,15.98,406.05,1.17
Riyom,Highland,Wheat,7.49,77.72,35.79,40.58,15.61,731.35,1.02
Riyom,Highland,Wheat,7.03,110.6,30.1,23.38,11.25,610.74,0.99
Riyom,Highland,Wheat,6.0,135.15,26.25,30.68,17.89,755.96,2.4
Riyom,Highland,Wheat,6.17,133.18,26.25,29.16,13.97,582.89,1.02
Riyom,Highland,Wheat,6.28,81.67,35.18,30.52,15.09,669.09,1.38
Riyom,Highland,Wheat,6.96,101.41,38.46,44.29,14.55,597.9,1.23
Riyom,Highland,Wheat,7.34,154.04,26.25,42.81,17.77,476.72,1.17
Riyom,Highland,Wheat,5.62,122.86,28.08,31.29,13.31,733.94,1.53
Riyom,Highland,Wheat,7.12,114.99,33.52,29.36,19.44,506.08,0.6
Riyom,Highland,Wheat,4.77,75.0,34.11,41.23,18.01,526.85,1.98
Riyom,Highland,Pineapple,5.42,257.13,52.46,112.24,27.07,1183.08,0.15
Riyom,Highland,Pineapple,4.09,246.71,47.3,228.94,18.26,999.96,0.08
Riyom,Highland,Pineapple,5.86,245.91,67.74,82.5,24.21,651.83,0.08
Riyom,Highland,Pineapple,3.42,260.56,33.75,82.5,21.48,1029.06,0.35
Riyom,Highland,Pineapple,5.17,325.2,46.87,212.29,21.34,757.87,0.52
Riyom,Highland,Pineapple,4.6,246.58,48.73,82.5,17.23,1109.16,0.1
Riyom,Highland,Pineapple,4.64,257.13,40.68,187.43,20.88,984.76,0.09
Riyom,Highland,Pineapple,5.58,295.56,38.55,219.31,20.88,1078.53,0.38
Riyom,Highland,Pineapple,5.32,264.63,59.32,175.81,22.12,885.52,0.88
Riyom,Highland,Pineapple,6.09,253.49,43.74,223.32,19.58,638.0,0.36
Riyom,Highland,Pineapple,6.73,315.47,43.92,163.48,22.22,903.74,0.51
Riyom,Highland,Pineapple,5.26,291.73,53.6,212.58,20.52,1250.0,0.5
Riyom,Highland,Pineapple,5.64,219.15,44.04,168.01,19.15,898.84,0.27
Riyom,Highland,Pineapple,5.42,178.13,43.6,136.52,20.95,1131.17,1.05
Riyom,Highland,Pineapple,6.14,199.76,41.15,198.86,22.13,1122.78,0.3
Riyom,Highland,Pineapple,4.93,322.07,45.86,95.57,24.46,688.18,0.08
Riyom,Highland,Pineapple,6.24,287.6,50.0,82.5,20.86,901.32,0.14
Riyom,Highland,Pineapple,6.99,207.45,48.86,237.16,21.89,1167.2,0.53
Riyom,Highland,Pineapple,5.85,265.33,52.32,135.99,17.95,1116.96,0.74
Riyom,Highland,Pineapple,5.65,227.85,33.75,166.18,17.84,689.43,0.32
Riyom,Highland,Pineapple,4.47,264.45,43.32,121.83,17.0,800.74,0.08
Riyom,Highland,Pineapple,3.94,236.84,33.75,150.2,21.56,805.42,0.48
Riyom,Highland,Pineapple,3.78,204.77,43.85,204.69,23.03,1232.17,0.2
Riyom,Highland,Pineapple,5.21,208.02,33.75,175.32,19.18,1165.67,0.08
Riyom,Highland,Pineapple,5.92,209.13,35.61,195.21,19.42,859.74,0.08
Riyom,Highland,Pineapple,7.42,225.02,45.77,147.75,21.52,842.42,0.26
Riyom,Highland,Pineapple,5.81,214.97,57.87,236.61,22.42,962.23,0.08
Riyom,Highland,Pineapple,5.84,234.29,42.3,82.5,22.16,696.5,0.37
Riyom,Highland,Pineapple,6.4,231.09,59.35,112.84,22.41,721.66,0.69
Riyom,Highland,Pineapple,6.37,269.49,40.59,82.5,20.08,1144.3,0.38
Riyom,Highland,Pineapple,3.56,204.25,59.78,191.94,18.11,640.98,0.11
Riyom,Highland,Pineapple,3.38,243.93,73.75,82.5,20.56,1179.59,0.59
Riyom,Highland,Pineapple,5.18,244.32,33.75,143.54,21.57,1143.39,0.11
Riyom,Highland,Pineapple,5.13,211.44,47.8,210.89,22.48,745.22,0.38
Riyom,Highland,Pineapple,4.57,291.71,43.29,82.5,20.48,1030.23,0.42
Riyom,Highland,Pineapple,4.76,226.34,33.75,135.4,18.99,1119.77,0.08
Riyom,Highland,Pineapple,5.5,252.53,56.19,230.46,22.63,1011.76,0.08
Riyom,Highland,Pineapple,4.12,215.68,53.94,165.38,23.04,1125.49,0.08
Riyom,Highland,Pineapple,5.39,249.78,41.35,126.43,23.78,959.1,0.34
Riyom,Highland,Pineapple,4.43,277.96,33.75,189.82,22.13,877.81,0.44
Riyom,Highland,Pineapple,5.57,248.7,45.32,164.64,21.3,960.54,0.08
Riyom,Highland,Pineapple,5.18,261.16,46.31,221.77,22.45,797.68,0.27
Riyom,Highland,Pineapple,4.99,250.13,45.14,199.85,21.42,1165.35,0.42
Riyom,Highland,Pineapple,4.39,231.18,52.21,82.5,17.84,951.87,0.66
Riyom,Highland,Pineapple,6.86,241.42,57.54,165.31,17.41,948.59,0.12
Riyom,Highland,Pineapple,6.41,249.26,33.75,82.5,20.95,526.46,0.15
Riyom,Highland,Pineapple,5.62,207.03,56.76,236.97,18.62,897.84,0.68
Riyom,Highland,Pineapple,5.35,193.21,43.5,106.05,23.6,1056.04,0.22
Riyom,Highland,Pineapple,5.52,196.74,36.39,260.17,21.13,1112.77,0.41
Riyom,Highland,Pineapple,6.87,172.5,42.98,266.03,23.24,1181.94,0.33
Riyom,Highland,Onion,6.03,45.0,18.75,74.65,15.99,542.24,1.0
Riyom,Highland,Onion,6.44,87.77,36.28,36.44,15.29,355.49,0.8
Riyom,Highland,Onion,6.71,45.0,20.32,58.38,15.18,517.53,0.3
Riyom,Highland,Onion,6.32,45.0,22.46,49.18,14.11,484.81,0.3
Riyom,Highland,Onion,6.14,87.04,39.87,100.0,19.41,410.5,0.52
Riyom,Highland,Onion,6.34,63.31,25.98,100.0,11.36,466.84,1.6
Riyom,Highland,Onion,5.99,74.5,37.23,68.11,15.06,659.4,0.3
Riyom,Highland,Onion,6.06,77.82,18.75,87.09,15.38,567.84,0.3
Riyom,Highland,Onion,5.59,56.01,34.58,33.75,16.79,508.04,0.61
Riyom,Highland,Onion,6.51,71.6,18.75,70.94,11.25,497.5,0.81
Riyom,Highland,Onion,6.15,45.0,34.01,33.75,14.3,567.84,0.74
Riyom,Highland,Onion,7.05,64.07,30.15,57.04,16.28,687.5,0.8
Riyom,Highland,Onion,6.82,99.29,40.99,50.32,17.51,578.99,1.32
Riyom,Highland,Onion,6.69,71.75,30.23,63.39,15.36,531.49,0.6
Riyom,Highland,Onion,7.4,76.46,18.75,52.52,17.57,464.2,0.3
Riyom,Highland,Onion,5.52,45.0,18.75,34.09,18.52,544.62,0.54
Riyom,Highland,Onion,5.5,61.97,18.75,50.65,20.5,627.37,0.62
Riyom,Highland,Onion,6.77,53.14,18.75,92.96,11.25,508.73,0.89
Riyom,Highland,Onion,5.8,80.5,21.6,71.73,16.2,521.68,1.63
Riyom,Highland,Onion,5.96,96.8,38.87,94.32,15.01,458.09,1.82
Riyom,Highland,Onion,6.16,46.32,22.96,38.15,16.03,479.41,0.58
Riyom,Highland,Onion,6.93,79.87,25.35,61.67,14.54,499.75,0.73
Riyom,Highland,Onion,6.65,62.37,30.06,41.11,12.75,464.41,0.44
Riyom,Highland,Onion,7.12,82.26,18.75,67.11,13.37,470.47,0.3
Riyom,Highland,Onion,6.93,45.0,24.57,38.88,16.75,511.03,0.66
Riyom,Highland,Onion,6.29,72.37,25.32,57.3,12.99,366.47,0.3
Riyom,Highland,Onion,6.78,58.17,18.75,33.75,11.25,468.04,1.2
Riyom,Highland,Onion,6.02,74.66,18.75,71.22,13.48,406.42,0.59
Riyom,Highland,Onion,7.45,107.1,30.84,55.39,15.38,586.93,0.71
Riyom,Highland,Onion,6.62,70.17,21.49,33.8,13.16,643.18,0.72
Riyom,Highland,Onion,6.53,58.7,18.75,53.32,11.53,423.39,1.37
Riyom,Highland,Onion,6.1,48.0,44.03,74.81,13.42,599.84,0.61
Riyom,Highland,Onion,5.94,76.39,21.39,59.73,17.47,656.2,0.44
Riyom,Highland,Onion,6.64,45.0,30.42,61.21,15.6,515.33,1.83
Riyom,Highland,Onion,5.82,87.99,18.75,68.48,16.17,556.41,0.47
Riyom,Highland,Onion,6.44,71.54,46.03,40.38,12.89,583.19,0.6
Riyom,Highland,Onion,6.29,90.3,18.75,45.98,11.25,410.63,1.99
Riyom,Highland,Onion,6.71,87.53,24.23,73.67,11.25,671.01,0.3
Riyom,Highland,Onion,6.04,77.1,28.86,59.91,11.25,561.63,1.24
Riyom,Highland,Onion,6.04,96.01,18.75,58.32,18.96,470.58,1.29
Riyom,Highland,Onion,7.53,69.3,19.03,42.42,18.29,687.5,1.49
Riyom,Highland,Onion,6.33,89.54,24.6,40.17,17.77,687.5,0.3
Riyom,Highland,Onion,5.74,66.24,36.32,35.05,15.16,481.19,1.1
Riyom,Highland,Onion,5.88,83.33,23.33,39.06,14.69,324.13,0.44
Riyom,Highland,Onion,6.55,45.0,18.75,33.75,18.36,541.05,0.45
Riyom,Highland,Onion,6.92,55.87,28.3,58.71,13.13,584.28,1.14
Riyom,Highland,Onion,6.24,54.56,21.18,33.75,15.32,409.08,1.06
Riyom,Highland,Onion,6.3,67.76,33.33,39.28,15.57,581.19,0.64
Riyom,Highland,Onion,5.8,79.21,33.37,60.5,11.39,488.53,0.7
Riyom,Highland,Onion,6.76,45.0,18.75,49.97,14.26,398.33,0.62
Kanam,Lowland,Irish-potato,4.54,73.57,47.35,137.78,19.73,300.0,1.12
Kanam,Lowland,Irish-potato,4.14,88.89,54.62,178.51,16.54,352.85,0.31
Kanam,Lowland,Irish-potato,5.92,133.95,60.81,90.0,15.92,341.45,0.22
Kanam,Lowland,Irish-potato,5.51,150.0,75.0,111.28,18.41,631.49,0.94
Kanam,Lowland,Irish-potato,4.33,60.0,69.23,165.18,15.45,449.68,1.16
Kanam,Lowland,Irish-potato,4.93,102.29,75.0,159.17,23.67,498.72,1.26
Kanam,Lowland,Irish-potato,4.7,143.97,51.39,117.25,14.62,473.93,0.6
Kanam,Lowland,Irish-potato,4.74,146.89,54.73,128.27,22.93,495.88,1.61
Kanam,Lowland,Irish-potato,3.0,121.46,64.15,225.0,12.88,611.07,1.88
Kanam,Lowland,Irish-potato,3.17,126.63,60.22,149.02,16.28,516.87,0.75
Kanam,Lowland,Irish-potato,4.62,138.32,75.0,194.43,18.47,309.63,0.55
Kanam,Lowland,Irish-potato,5.68,104.51,69.55,148.88,15.73,473.64,1.04
Kanam,Lowland,Irish-potato,3.82,150.0,38.44,214.88,20.95,300.0,0.55
Kanam,Lowland,Irish-potato,4.55,79.59,75.0,155.68,21.11,489.89,1.22
Kanam,Lowland,Irish-potato,4.82,150.0,34.97,225.0,13.49,536.76,0.34
Kanam,Lowland,Irish-potato,4.54,113.15,40.9,156.65,13.15,300.0,1.34
Kanam,Lowland,Irish-potato,4.81,85.72,72.59,102.14,16.73,311.51,1.4
Kanam,Lowland,Irish-potato,4.83,106.1,30.0,211.6,17.24,420.24,0.68
Kanam,Lowland,Irish-potato,4.06,150.0,30.0,110.84,23.18,512.13,0.91
Kanam,Lowland,Irish-potato,5.79,125.52,53.48,178.03,19.63,488.5,1.88
Kanam,Lowland,Irish-potato,4.63,104.14,30.0,163.46,24.52,572.28,0.79
Kanam,Lowland,Irish-potato,4.82,64.51,32.45,174.03,16.27,300.0,1.33
Kanam,Lowland,Irish-potato,4.72,60.0,30.0,136.26,12.44,300.0,1.67
Kanam,Lowland,Irish-potato,4.71,100.59,46.12,106.45,19.44,377.13,0.68
Kanam,Lowland,Irish-potato,4.3,66.92,42.3,153.61,16.49,409.65,1.04
Kanam,Lowland,Irish-potato,4.98,142.89,59.79,216.3,15.03,310.99,1.42
Kanam,Lowland,Irish-potato,5.33,86.13,60.12,116.65,19.68,395.4,0.35
Kanam,Lowland,Irish-potato,4.44,150.0,52.96,225.0,12.95,531.38,0.22
Kanam,Lowland,Irish-potato,4.79,131.98,64.08,124.22,21.64,306.6,0.99
Kanam,Lowland,Irish-potato,4.44,70.11,75.0,168.71,21.81,582.82,0.57
Kanam,Lowland,Irish-potato,5.77,127.5,31.2,189.75,14.42,681.13,1.5
Kanam,Lowland,Irish-potato,4.73,150.0,30.0,126.85,17.12,750.0,0.52
Kanam,Lowland,Irish-potato,3.42,60.0,65.27,134.99,17.44,533.5,0.99
Kanam,Lowland,Irish-potato,4.96,128.62,41.88,157.45,18.85,551.93,0.66
Kanam,Lowland,Irish-potato,3.0,133.67,65.65,176.69,18.94,301.25,1.34
Kanam,Lowland,Irish-potato,5.48,111.86,75.0,90.0,18.57,300.0,1.54
Kanam,Lowland,Irish-potato,3.52,63.2,38.33,180.14,15.92,300.0,0.98
Kanam,Lowland,Irish-potato,4.6,150.0,61.42,149.15,25.0,486.04,0.57
Kanam,Lowland,Irish-potato,5.0,128.63,37.38,110.93,18.3,336.96,1.85
Kanam,Lowland,Irish-potato,5.39,87.46,56.87,225.0,13.12,300.0,1.07
Kanam,Lowland,Irish-potato,4.82,108.06,43.97,149.07,19.34,598.44,0.83
Kanam,Lowland,Irish-potato,6.7,150.0,72.67,198.87,25.0,349.23,0.64
Kanam,Lowland,Irish-potato,4.37,74.78,51.54,181.93,18.7,397.82,1.15
Kanam,Lowland,Irish-potato,6.19,131.59,65.56,176.2,12.35,300.0,1.88
Kanam,Lowland,Irish-potato,4.36,88.3,53.71,195.08,20.37,710.52,1.87
Kanam,Lowland,Irish-potato,4.14,143.79,42.69,158.97,14.17,300.0,1.06
Kanam,Lowland,Irish-potato,4.02,142.36,44.49,182.39,22.79,300.0,0.7
Kanam,Lowland,Irish-potato,4.94,120.82,68.72,211.71,18.34,453.1,1.25
Kanam,Lowland,Irish-potato,3.61,104.41,53.76,190.26,14.76,300.0,0.95
Kanam,Lowland,Irish-potato,6.37,81.21,69.96,225.0,18.16,300.0,1.35
Kanam,Lowland,Tomato,6.34,109.84,69.62,237.3,28.32,362.38,1.23
Kanam,Lowland,Tomato,6.88,129.86,79.06,181.03,21.34,711.06,1.14
Kanam,Lowland,Tomato,7.69,183.98,82.09,233.34,24.92,300.0,0.38
Kanam,Lowland,Tomato,6.17,122.5,136.57,205.17,31.25,344.48,2.5
Kanam,Lowland,Tomato,6.7,151.31,73.48,243.04,31.25,383.12,1.04
Kanam,Lowland,Tomato,5.83,182.12,109.37,283.58,25.78,404.58,1.57
Kanam,Lowland,Tomato,7.35,127.68,122.84,233.22,14.65,502.97,0.39
Kanam,Lowland,Tomato,7.1,161.17,95.57,241.49,29.0,342.23,1.83
Kanam,Lowland,Tomato,7.45,186.2,57.89,235.2,20.56,300.0,1.53
Kanam,Lowland,Tomato,6.2,168.27,77.83,209.95,25.37,300.0,0.77
Kanam,Lowland,Tomato,7.4,118.88,117.95,244.46,18.16,461.82,1.64
Kanam,Lowland,Tomato,6.6,130.75,62.24,278.85,24.08,300.0,1.6
Kanam,Lowland,Tomato,5.25,107.21,77.06,185.21,20.76,493.99,1.2
Kanam,Lowland,Tomato,7.56,109.97,48.75,223.11,31.25,461.89,2.5
Kanam,Lowland,Tomato,6.49,141.75,48.75,236.11,25.19,352.52,1.18
Kanam,Lowland,Tomato,6.03,129.64,137.5,198.92,25.19,352.93,1.83
Kanam,Lowland,Tomato,6.32,126.72,48.75,227.51,23.23,392.92,0.45
Kanam,Lowland,Tomato,7.77,159.86,124.47,269.58,26.93,300.0,2.5
Kanam,Lowland,Tomato,5.04,127.06,105.47,251.4,26.84,353.35,0.85
Kanam,Lowland,Tomato,8.75,133.74,82.67,182.97,25.5,423.08,1.27
Kanam,Lowland,Tomato,6.55,186.3,71.29,218.19,21.85,434.35,0.88
Kanam,Lowland,Tomato,5.5,92.33,89.48,236.19,31.25,454.72,0.96
Kanam,Lowland,Tomato,4.54,99.28,52.9,300.0,25.68,332.06,0.61
Kanam,Lowland,Tomato,5.12,117.12,121.46,214.79,18.57,669.28,0.48
Kanam,Lowland,Tomato,5.43,173.08,97.81,194.31,19.46,300.0,0.64
Kanam,Lowland,Tomato,6.12,140.45,83.01,214.36,20.2,434.17,2.17
Kanam,Lowland,Tomato,5.92,129.57,89.09,268.24,20.84,569.1,1.57
Kanam,Lowland,Tomato,6.14,170.26,55.88,240.49,26.26,300.0,1.6
Kanam,Lowland,Tomato,6.44,129.67,109.56,189.57,25.61,384.65,0.85
Kanam,Lowland,Tomato,6.69,128.83,48.75,132.35,27.73,300.0,1.47
Kanam,Lowland,Tomato,6.17,124.14,137.5,224.55,27.59,433.2,1.12
Kanam,Lowland,Tomato,6.09,177.41,115.48,300.0,25.41,300.0,0.97
Kanam,Lowland,Tomato,4.74,157.25,71.53,120.0,31.25,333.5,0.87
Kanam,Lowland,Tomato,8.04,99.66,116.75,188.84,19.08,598.8,1.92
Kanam,Lowland,Tomato,7.17,145.6,102.64,158.83,24.96,300.0,0.38
Kanam,Lowland,Tomato,6.59,168.65,76.85,206.32,19.84,400.84,1.81
Kanam,Lowland,Tomato,7.03,150.78,70.68,185.92,27.76,494.64,1.16
Kanam,Lowland,Tomato,5.62,168.92,77.46,250.91,23.94,300.0,2.41
Kanam,Lowland,Tomato,6.25,114.16,50.4,156.14,22.97,624.37,0.87
Kanam,Lowland,Tomato,7.78,131.07,55.91,194.16,19.25,300.24,0.66
Kanam,Lowland,Tomato,3.91,178.99,92.45,184.24,25.41,302.62,0.38
Kanam,Lowland,Tomato,8.75,140.41,71.45,126.16,18.38,592.83,2.33
Kanam,Lowland,Tomato,6.98,102.37,126.55,237.12,27.18,452.0,0.38
Kanam,Lowland,Tomato,4.73,120.01,103.81,151.93,23.78,379.42,1.83
Kanam,Lowland,Tomato,6.89,105.43,124.89,162.04,28.97,335.88,1.39
Kanam,Lowland,Tomato,6.37,140.65,104.62,234.41,27.71,454.15,0.39
Kanam,Lowland,Tomato,6.42,118.44,57.79,202.69,25.25,429.1,2.02
Kanam,Lowland,Tomato,7.62,144.69,100.49,220.62,27.64,456.76,1.24
Kanam,Lowland,Tomato,8.6,118.96,125.09,153.14,27.83,567.43,0.38
Kanam,Lowland,Tomato,6.27,155.74,93.53,233.79,25.06,300.0,2.5
Kanam,Lowland,Groundnut,6.31,25.0,17.47,28.77,24.76,375.0,1.26
Kanam,Lowland,Groundnut,6.25,21.88,11.38,49.51,25.49,615.66,0.98
Kanam,Lowland,Groundnut,6.27,25.0,27.03,48.87,22.88,491.71,0.99
Kanam,Lowland,Groundnut,7.4,20.49,50.0,50.0,22.68,401.49,1.37
Kanam,Lowland,Groundnut,7.35,24.99,29.1,38.5,32.63,384.88,1.17
Kanam,Lowland,Groundnut,7.42,25.0,41.03,50.0,28.94,479.57,0.85
Kanam,Lowland,Groundnut,6.17,20.41,33.37,47.25,29.15,375.0,0.85
Kanam,Lowland,Groundnut,7.22,18.34,27.15,32.46,23.43,594.13,0.77
Kanam,Lowland,Groundnut,7.7,25.0,34.66,39.27,26.65,414.61,0.5
Kanam,Lowland,Groundnut,7.01,25.0,32.74,41.44,29.16,375.0,1.34
Kanam,Lowland,Groundnut,5.84,18.34,28.6,50.0,27.75,375.0,1.27
Kanam,Lowland,Groundnut,5.61,16.21,25.35,37.62,32.28,375.0,1.42
Kanam,Lowland,Groundnut,7.23,25.0,50.0,49.4,24.45,487.99,0.68
Kanam,Lowland,Groundnut,6.19,25.0,22.36,42.1,27.14,563.98,1.21
Kanam,Lowland,Groundnut,5.66,23.11,24.85,38.34,27.58,517.25,1.06
Kanam,Lowland,Groundnut,6.66,19.74,50.0,50.0,29.93,617.11,0.96
Kanam,Lowland,Groundnut,7.38,25.0,26.94,50.0,33.52,676.23,1.09
Kanam,Lowland,Groundnut,6.92,25.0,41.3,50.0,27.17,653.62,1.0
Kanam,Lowland,Groundnut,7.0,25.0,37.82,50.0,26.64,674.63,1.12
Kanam,Lowland,Groundnut,6.69,25.0,50.0,38.46,25.19,812.97,1.03
Kanam,Lowland,Groundnut,6.72,24.21,44.55,50.0,25.67,488.71,0.75
Kanam,Lowland,Groundnut,7.05,25.0,50.0,50.0,35.0,433.01,0.59
Kanam,Lowland,Groundnut,7.49,25.0,11.25,45.92,28.89,424.68,0.52
Kanam,Lowland,Groundnut,6.49,18.66,36.18,31.68,28.32,560.55,0.85
Kanam,Lowland,Groundnut,7.26,16.87,16.68,45.8,30.49,525.47,1.5
Kanam,Lowland,Groundnut,6.13,16.73,50.0,36.17,30.39,385.94,0.15
Kanam,Lowland,Groundnut,6.39,25.0,11.25,50.0,30.67,375.0,0.8
Kanam,Lowland,Groundnut,7.55,25.0,23.1,50.0,25.6,629.8,1.27
Kanam,Lowland,Groundnut,6.68,25.0,12.34,36.86,26.68,489.81,1.25
Kanam,Lowland,Groundnut,7.16,25.0,44.29,40.43,31.77,407.88,1.31
Kanam,Lowland,Groundnut,6.6,13.2,37.57,50.0,26.4,456.73,0.82
Kanam,Lowland,Groundnut,5.47,11.06,45.91,41.48,34.49,659.72,1.43
Kanam,Lowland,Groundnut,6.22,15.48,11.25,44.78,19.69,444.59,0.81
Kanam,Lowland,Groundnut,5.84,18.8,23.69,50.0,24.88,534.06,0.93
Kanam,Lowland,Groundnut,6.64,21.07,11.25,50.0,30.21,617.22,0.85
Kanam,Lowland,Groundnut,6.51,25.0,11.25,38.93,25.21,447.02,0.57
Kanam,Lowland,Groundnut,6.81,25.0,47.24,50.0,23.58,517.17,0.93
Kanam,Lowland,Groundnut,6.6,18.54,13.53,50.0,24.69,518.56,0.79
Kanam,Lowland,Groundnut,6.7,19.31,29.21,40.98,28.56,656.11,0.97
Kanam,Lowland,Groundnut,6.8,25.0,11.25,50.0,24.31,602.52,1.14
Kanam,Lowland,Groundnut,6.07,25.0,34.18,50.0,28.68,487.35,0.7
Kanam,Lowland,Groundnut,5.57,23.02,22.89,50.0,23.02,472.14,1.08
Kanam,Lowland,Groundnut,7.01,14.01,37.22,46.53,27.35,375.0,1.4
Kanam,Lowland,Groundnut,6.72,15.93,32.39,50.0,32.28,463.91,0.88
Kanam,Lowland,Groundnut,6.23,25.0,15.48,40.87,27.76,375.0,1.44
Kanam,Lowland,Groundnut,7.76,22.23,11.25,50.0,26.31,636.91,0.6
Kanam,Lowland,Groundnut,6.94,25.0,17.04,50.0,31.07,510.12,0.91
Kanam,Lowland,Groundnut,6.09,25.0,42.16,45.09,27.56,664.83,0.48
Kanam,Lowland,Groundnut,6.97,21.62,50.0,49.24,32.41,411.27,0.44
Kanam,Lowland,Groundnut,6.47,25.0,19.46,50.0,27.27,375.0,1.07
Kanam,Lowland,Pepper,5.59,130.08,59.58,125.0,22.48,1044.01,1.09
Kanam,Lowland,Pepper,6.11,120.08,18.75,96.18,27.01,570.66,2.24
Kanam,Lowland,Pepper,5.98,118.79,44.6,53.19,30.26,672.56,2.17
Kanam,Lowland,Pepper,7.49,171.1,25.06,60.85,17.97,1243.06,1.38
Kanam,Lowland,Pepper,5.84,139.48,52.68,114.13,27.8,1066.79,1.6
Kanam,Lowland,Pepper,6.63,153.94,36.91,113.46,27.4,491.16,1.85
Kanam,Lowland,Pepper,6.58,169.92,35.39,114.99,25.18,1099.39,1.16
Kanam,Lowland,Pepper,6.02,169.54,32.07,125.0,28.47,834.45,2.05
Kanam,Lowland,Pepper,5.94,182.68,49.98,125.0,23.19,450.0,1.05
Kanam,Lowland,Pepper,6.11,212.5,62.5,102.73,25.55,692.37,2.05
Kanam,Lowland,Pepper,8.28,212.5,53.52,123.17,29.87,807.07,0.96
Kanam,Lowland,Pepper,6.34,162.18,18.75,89.67,21.16,1209.3,1.09
Kanam,Lowland,Pepper,6.65,116.22,60.23,49.04,28.0,450.0,1.12
Kanam,Lowland,Pepper,6.54,155.34,40.26,97.67,22.13,762.82,1.5
Kanam,Lowland,Pepper,6.53,142.19,47.56,96.14,26.56,679.96,0.74
Kanam,Lowland,Pepper,6.5,194.33,43.39,72.23,29.78,697.97,1.98
Kanam,Lowland,Pepper,6.04,159.35,29.35,80.74,17.28,1019.1,1.74
Kanam,Lowland,Pepper,6.73,156.16,25.79,119.04,30.71,526.22,1.85
Kanam,Lowland,Pepper,7.13,125.63,32.59,107.71,17.57,450.0,0.78
Kanam,Lowland,Pepper,4.79,189.31,18.75,102.69,29.76,713.71,1.01
Kanam,Lowland,Pepper,6.56,144.96,51.56,41.25,20.68,1037.87,1.51
Kanam,Lowland,Pepper,7.02,155.61,34.95,85.75,33.75,1406.82,1.82
Kanam,Lowland,Pepper,6.43,166.92,48.98,104.68,21.56,1501.42,1.65
Kanam,Lowland,Pepper,8.12,152.55,33.33,125.0,27.08,875.57,0.64
Kanam,Lowland,Pepper,6.94,124.68,30.38,80.81,27.8,450.0,1.33
Kanam,Lowland,Pepper,7.22,93.87,39.44,77.11,23.38,1452.39,0.45
Kanam,Lowland,Pepper,7.03,125.31,29.21,64.51,29.46,752.45,1.26
Kanam,Lowland,Pepper,6.46,137.91,18.75,80.8,30.2,450.0,0.71
Kanam,Lowland,Pepper,5.99,115.17,36.51,64.99,23.46,806.81,1.93
Kanam,Lowland,Pepper,7.45,134.17,62.5,88.86,29.85,1557.14,1.58
Kanam,Lowland,Pepper,5.16,148.61,27.99,86.48,33.75,450.0,1.69
Kanam,Lowland,Pepper,5.59,132.29,47.78,102.04,24.32,578.69,1.7
Kanam,Lowland,Pepper,7.86,107.97,62.5,125.0,32.69,941.91,2.3
Kanam,Lowland,Pepper,5.48,117.53,48.09,101.45,24.72,450.0,1.17
Kanam,Lowland,Pepper,5.33,165.09,34.12,77.19,33.75,1218.52,2.22
Kanam,Lowland,Pepper,8.29,177.73,25.66,70.38,30.57,450.0,1.42
Kanam,Lowland,Pepper,4.46,148.93,49.38,101.02,30.43,1562.5,1.38
Kanam,Lowland,Pepper,8.75,153.59,50.77,77.65,33.75,1219.86,2.5
Kanam,Lowland,Pepper,6.41,93.47,43.63,49.14,23.74,897.43,2.5
Kanam,Lowland,Pepper,6.64,150.6,35.99,58.46,25.95,864.0,0.8
Kanam,Lowland,Pepper,5.32,125.16,37.86,81.68,19.98,934.65,1.85
Kanam,Lowland,Pepper,6.47,121.83,45.59,88.68,19.26,1217.79,1.73
Kanam,Lowland,Pepper,6.26,80.55,26.04,125.0,17.58,729.73,1.47
Kanam,Lowland,Pepper,6.64,83.58,39.45,49.43,26.01,577.71,0.87
Kanam,Lowland,Pepper,7.09,135.24,43.83,106.99,32.17,450.0,2.12
Kanam,Lowland,Pepper,6.38,129.4,20.14,109.61,20.66,1021.27,2.5
Kanam,Lowland,Pepper,7.22,201.86,26.42,113.71,19.49,736.5,2.5
Kanam,Lowland,Pepper,5.83,190.39,51.74,121.9,18.85,1024.08,1.37
Kanam,Lowland,Pepper,7.31,77.11,42.28,99.63,15.05,489.38,0.45
Kanam,Lowland,Pepper,5.73,167.37,39.76,98.13,20.04,1249.71,1.46
Kanam,Lowland,Cabbage,6.63,162.3,48.24,135.19,23.45,301.81,1.25
Kanam,Lowland,Cabbage,6.89,131.93,55.76,140.35,26.43,344.4,1.45
Kanam,Lowland,Cabbage,7.0,82.74,44.62,151.88,17.99,351.49,1.46
Kanam,Lowland,Cabbage,6.61,135.97,49.31,137.66,24.78,299.55,0.59
Kanam,Lowland,Cabbage,8.17,132.18,50.93,143.55,19.59,285.0,1.18
Kanam,Lowland,Cabbage,6.1,180.85,61.24,126.34,20.89,403.23,1.06
Kanam,Lowland,Cabbage,7.87,168.0,61.18,114.79,18.8,373.52,0.63
Kanam,Lowland,Cabbage,7.38,106.48,51.34,121.35,26.07,285.0,0.22
Kanam,Lowland,Cabbage,7.26,121.93,47.56,117.98,30.0,294.01,0.93
Kanam,Lowland,Cabbage,6.35,98.95,50.41,108.42,27.8,347.06,1.62
Kanam,Lowland,Cabbage,6.19,109.84,70.33,149.7,23.14,285.0,1.62
Kanam,Lowland,Cabbage,6.57,122.33,66.91,130.8,10.49,342.82,0.65
Kanam,Lowland,Cabbage,4.82,109.18,52.29,110.96,24.69,285.58,1.18
Kanam,Lowland,Cabbage,5.88,161.39,45.74,90.21,30.0,285.0,1.62
Kanam,Lowland,Cabbage,6.95,157.92,66.06,133.16,21.01,429.69,1.02
Kanam,Lowland,Cabbage,6.18,151.96,38.42,154.28,30.0,423.87,1.46
Kanam,Lowland,Cabbage,6.56,131.77,46.15,161.78,16.04,363.79,1.08
Kanam,Lowland,Cabbage,5.81,84.02,56.96,123.25,19.27,414.58,1.07
Kanam,Lowland,Cabbage,7.06,147.87,54.14,113.65,22.16,345.87,1.36
Kanam,Lowland,Cabbage,6.52,126.22,54.9,115.11,30.0,419.77,0.47
Kanam,Lowland,Cabbage,7.09,81.09,65.53,119.0,22.93,285.0,0.47
Kanam,Lowland,Cabbage,6.89,114.45,49.56,155.61,30.0,405.59,0.52
Kanam,Lowland,Cabbage,7.66,89.36,54.25,132.15,30.0,403.89,0.78
Kanam,Lowland,Cabbage,6.05,164.1,52.25,134.98,8.83,379.85,1.18
Kanam,Lowland,Cabbage,5.87,164.96,61.77,144.14,16.91,352.53,1.0
Kanam,Lowland,Cabbage,6.52,139.86,67.91,150.0,10.36,408.98,1.48
Kanam,Lowland,Cabbage,6.52,149.71,61.24,116.31,16.89,392.56,0.77
Kanam,Lowland,Cabbage,7.19,172.93,66.92,162.5,19.26,352.4,1.11
Kanam,Lowland,Cabbage,6.58,150.69,41.94,134.77,8.77,285.0,1.29
Kanam,Lowland,Cabbage,6.49,155.22,54.98,150.55,18.05,285.0,1.07
Kanam,Lowland,Cabbage,5.32,92.53,49.19,113.55,15.56,285.0,0.39
Kanam,Lowland,Cabbage,7.53,115.11,37.5,124.87,10.83,285.0,1.28
Kanam,Lowland,Cabbage,6.34,101.28,60.82,151.31,24.38,285.0,0.51
Kanam,Lowland,Cabbage,6.64,127.76,54.05,113.99,8.54,480.54,0.99
Kanam,Lowland,Cabbage,6.99,135.07,57.32,130.1,10.86,285.0,1.14
Kanam,Lowland,Cabbage,6.72,162.24,63.35,117.04,29.24,393.55,1.27
Kanam,Lowland,Cabbage,7.95,187.5,62.95,141.08,28.82,299.12,0.74
Kanam,Lowland,Cabbage,7.01,109.91,62.1,133.93,13.02,341.81,1.53
Kanam,Lowland,Cabbage,6.66,137.41,59.79,139.22,17.3,364.52,0.54
Kanam,Lowland,Cabbage,6.14,115.32,61.02,133.99,18.9,388.35,1.14
Kanam,Lowland,Cabbage,6.44,104.7,49.74,105.52,21.15,285.0,0.77
Kanam,Lowland,Cabbage,6.54,165.32,65.04,130.23,30.0,285.0,1.62
Kanam,Lowland,Cabbage,7.02,137.88,49.11,123.52,24.97,384.25,1.26
Kanam,Lowland,Cabbage,6.18,107.77,58.62,144.66,20.03,443.7,0.99
Kanam,Lowland,Cabbage,6.61,154.43,67.58,107.57,10.88,318.07,1.62
Kanam,Lowland,Cabbage,6.46,131.33,62.32,148.28,21.38,421.5,0.48
Kanam,Lowland,Cabbage,6.16,168.78,57.01,109.09,9.21,285.0,0.98
Kanam,Lowland,Cabbage,6.89,125.29,60.28,123.54,29.98,518.63,0.81
Kanam,Lowland,Cabbage,6.9,146.5,58.13,142.62,23.9,307.03,1.53
Kanam,Lowland,Cabbage,6.73,123.67,78.29,129.15,22.08,352.28,0.92
Kanam,Lowland,Maize,7.13,160.25,74.85,55.14,20.96,869.5,0.4
Kanam,Lowland,Maize,4.35,148.98,94.86,54.36,22.55,375.0,1.09
Kanam,Lowland,Maize,6.11,170.87,96.9,68.19,26.52,609.26,0.59
Kanam,Lowland,Maize,7.17,173.23,70.96,93.67,17.45,778.57,2.5
Kanam,Lowland,Maize,6.41,158.7,90.77,125.0,26.21,511.73,1.22
Kanam,Lowland,Maize,4.68,176.4,94.42,92.25,22.16,636.92,0.81
Kanam,Lowland,Maize,6.53,147.89,46.27,113.41,27.54,414.19,1.36
Kanam,Lowland,Maize,5.91,162.03,84.78,114.46,26.9,575.26,1.27
Kanam,Lowland,Maize,7.17,161.57,79.51,104.44,25.78,464.64,1.87
Kanam,Lowland,Maize,6.44,164.51,57.68,114.14,19.5,487.8,2.03
Kanam,Lowland,Maize,6.42,192.84,83.43,117.02,24.95,527.18,1.91
Kanam,Lowland,Maize,7.7,182.32,63.48,102.44,33.36,736.82,1.76
Kanam,Lowland,Maize,5.37,176.87,60.52,125.0,25.89,769.35,0.88
Kanam,Lowland,Maize,6.04,198.92,91.86,91.24,15.07,375.0,1.49
Kanam,Lowland,Maize,4.91,159.65,64.63,45.0,25.23,375.0,0.3
Kanam,Lowland,Maize,5.68,153.71,72.63,124.12,25.3,445.68,0.99
Kanam,Lowland,Maize,5.33,147.31,37.5,65.15,34.6,429.18,0.3
Kanam,Lowland,Maize,5.93,138.52,65.45,95.06,27.26,542.87,1.02
Kanam,Lowland,Maize,4.93,182.71,82.24,125.0,25.89,527.32,1.63
Kanam,Lowland,Maize,8.34,170.71,76.53,76.98,28.54,719.86,0.37
Kanam,Lowland,Maize,6.0,212.72,75.2,120.37,30.95,490.31,2.5
Kanam,Lowland,Maize,6.77,112.5,59.47,85.23,30.7,471.04,2.05
Kanam,Lowland,Maize,7.26,155.73,61.96,78.08,27.86,413.24,1.33
Kanam,Lowland,Maize,6.3,180.45,100.0,87.77,18.0,727.77,1.98
Kanam,Lowland,Maize,4.33,164.45,72.04,108.42,26.98,553.12,0.62
Kanam,Lowland,Maize,4.12,244.64,47.46,100.31,26.26,707.01,1.36
Kanam,Lowland,Maize,6.79,112.5,49.83,113.57,30.05,383.46,0.3
Kanam,Lowland,Maize,6.76,112.5,44.31,125.0,33.73,635.27,1.49
Kanam,Lowland,Maize,4.36,163.29,59.25,79.39,25.37,777.36,0.9
Kanam,Lowland,Maize,6.22,206.45,39.57,76.57,23.57,559.73,1.04
Kanam,Lowland,Maize,6.25,165.5,45.67,110.41,25.43,658.33,0.5
Kanam,Lowland,Maize,5.84,178.44,62.17,113.8,25.0,680.68,1.54
Kanam,Lowland,Maize,6.49,157.15,77.66,74.56,26.9,540.56,1.13
Kanam,Lowland,Maize,6.16,160.92,37.5,125.0,24.71,527.58,1.18
Kanam,Lowland,Maize,7.88,241.25,67.21,92.52,21.77,375.0,0.3
Kanam,Lowland,Maize,5.69,123.93,83.29,106.06,25.83,744.14,0.53
Kanam,Lowland,Maize,5.66,128.5,77.96,77.27,27.07,725.45,2.24
Kanam,Lowland,Maize,6.58,196.09,48.6,125.0,26.23,564.05,0.99
Kanam,Lowland,Maize,8.0,190.7,77.73,104.45,25.97,712.66,1.52
Kanam,Lowland,Maize,5.5,156.04,67.02,117.37,34.63,375.0,1.3
Kanam,Lowland,Maize,7.18,193.5,82.08,111.49,22.41,375.0,1.5
Kanam,Lowland,Maize,7.76,189.07,37.5,71.74,30.22,488.99,1.36
Kanam,Lowland,Maize,7.84,149.83,57.16,83.98,28.65,685.26,0.3
Kanam,Lowland,Maize,6.6,210.23,37.5,94.68,21.34,437.73,0.3
Kanam,Lowland,Maize,8.22,174.51,50.29,103.85,22.15,375.0,2.33
Kanam,Lowland,Maize,8.7,167.62,83.09,104.5,20.42,387.58,2.36
Kanam,Lowland,Maize,4.96,250.0,54.41,125.0,25.58,689.98,2.25
Kanam,Lowland,Maize,8.22,167.85,49.41,94.29,20.95,591.87,0.7
Kanam,Lowland,Maize,7.86,168.26,37.5,125.0,27.85,555.1,2.04
Kanam,Lowland,Maize,7.62,162.67,56.54,70.2,20.18,651.25,1.55
Kanam,Lowland,Wheat,7.99,172.25,43.94,62.5,14.46,414.22,2.62
Kanam,Lowland,Wheat,5.76,137.56,42.45,60.15,21.57,519.8,1.94
Kanam,Lowland,Wheat,5.42,149.66,41.08,32.53,24.51,512.22,0.6
Kanam,Lowland,Wheat,6.17,118.44,36.11,57.96,17.66,581.48,2.69
Kanam,Lowland,Wheat,7.83,136.17,44.89,49.66,18.4,588.71,2.06
Kanam,Lowland,Wheat,6.32,122.7,35.11,62.5,20.51,468.39,2.41
Kanam,Lowland,Wheat,5.71,166.85,35.86,62.5,19.59,570.94,0.6
Kanam,Lowland,Wheat,5.75,126.32,27.54,62.46,21.41,337.5,1.76
Kanam,Lowland,Wheat,8.04,75.0,31.97,48.8,20.57,443.17,2.56
Kanam,Lowland,Wheat,7.66,155.19,31.29,55.8,19.61,620.4,1.93
Kanam,Lowland,Wheat,6.34,159.74,42.71,41.7,19.49,411.37,2.85
Kanam,Lowland,Wheat,7.35,156.07,36.53,58.57,24.29,407.92,1.88
Kanam,Lowland,Wheat,5.54,112.56,37.46,38.2,24.34,352.33,2.47
Kanam,Lowland,Wheat,7.33,135.78,48.1,20.69,19.93,337.5,0.6
Kanam,Lowland,Wheat,5.73,135.39,35.17,62.5,19.88,412.15,1.5
Kanam,Lowland,Wheat,7.0,122.68,34.44,62.5,18.69,405.3,2.15
Kanam,Lowland,Wheat,7.48,108.84,43.83,61.53,21.02,399.73,1.42
Kanam,Lowland,Wheat,6.88,98.97,39.18,62.5,23.05,405.61,2.71
Kanam,Lowland,Wheat,9.31,125.67,43.45,20.66,16.85,460.62,0.9
Kanam,Lowland,Wheat,9.47,152.32,45.06,53.26,17.59,389.53,2.0
Kanam,Lowland,Wheat,6.37,154.45,43.57,53.76,15.2,649.86,1.59
Kanam,Lowland,Wheat,10.0,153.91,38.19,60.22,14.63,569.6,3.12
Kanam,Lowland,Wheat,4.7,126.5,38.8,62.5,25.0,494.62,3.12
Kanam,Lowland,Wheat,7.31,148.05,41.33,62.5,19.27,545.37,0.7
Kanam,Lowland,Wheat,6.78,116.32,39.93,49.07,23.79,347.59,0.6
Kanam,Lowland,Wheat,5.54,163.87,33.75,59.49,19.64,546.07,1.58
Kanam,Lowland,Wheat,10.0,187.5,37.57,47.09,25.0,337.5,1.73
Kanam,Lowland,Wheat,7.14,134.82,29.25,60.93,17.68,617.36,0.6
Kanam,Lowland,Wheat,7.18,75.0,26.82,41.44,18.47,620.83,1.74
Kanam,Lowland,Wheat,8.6,123.81,42.96,43.1,18.19,337.5,2.07
Kanam,Lowland,Wheat,7.41,157.55,40.67,62.5,21.01,565.6,1.49
Kanam,Lowland,Wheat,6.06,155.81,38.89,62.5,21.53,357.57,2.72
Kanam,Lowland,Wheat,6.1,153.12,46.9,48.07,23.86,496.34,2.52
Kanam,Lowland,Wheat,6.14,141.13,31.18,62.5,14.65,408.65,0.96
Kanam,Lowland,Wheat,7.89,187.5,43.24,62.5,16.5,337.5,1.0
Kanam,Lowland,Wheat,7.25,104.94,35.02,62.5,16.9,337.5,1.43
Kanam,Lowland,Wheat,6.76,164.33,34.15,43.17,22.19,543.4,3.03
Kanam,Lowland,Wheat,7.65,138.69,42.77,49.78,19.7,337.5,2.56
Kanam,Lowland,Wheat,7.36,157.54,26.25,53.0,18.01,624.98,2.32
Kanam,Lowland,Wheat,7.38,122.29,41.73,40.14,20.21,382.59,3.12
Kanam,Lowland,Wheat,8.81,165.88,30.7,62.5,21.05,592.59,2.06
Kanam,Lowland,Wheat,7.1,141.7,28.86,42.49,21.58,582.8,1.3
Kanam,Lowland,Wheat,7.06,88.21,47.94,62.5,22.39,497.41,3.12
Kanam,Lowland,Wheat,6.18,108.26,45.62,62.5,17.03,388.07,3.12
Kanam,Lowland,Wheat,7.59,157.83,32.64,62.5,16.38,337.5,2.41
Kanam,Lowland,Wheat,8.77,127.49,36.22,62.5,19.93,442.33,3.12
Kanam,Lowland,Wheat,6.7,115.82,44.18,43.3,20.08,337.5,1.94
Kanam,Lowland,Wheat,7.19,163.11,44.42,61.74,21.65,441.46,2.31
Kanam,Lowland,Wheat,5.83,75.0,46.2,62.5,20.13,575.24,1.14
Kanam,Lowland,Wheat,6.3,110.27,42.73,30.58,18.27,483.77,0.72
Kanam,Lowland,Pineapple,4.85,184.32,61.47,137.13,24.42,525.0,0.63
Kanam,Lowland,Pineapple,3.79,354.42,33.75,152.32,27.25,614.31,0.85
Kanam,Lowland,Pineapple,4.69,337.54,41.37,82.5,23.96,817.64,0.74
Kanam,Lowland,Pineapple,6.48,295.43,47.0,149.86,26.1,1079.76,1.02
Kanam,Lowland,Pineapple,7.8,309.31,53.67,115.9,27.47,739.35,0.74
Kanam,Lowland,Pineapple,5.37,190.84,69.11,177.95,23.68,834.31,0.48
Kanam,Lowland,Pineapple,6.26,310.99,66.3,170.88,26.03,640.53,0.52
Kanam,Lowland,Pineapple,5.59,266.31,44.79,107.93,26.74,674.02,0.38
Kanam,Lowland,Pineapple,6.57,347.45,65.63,135.06,26.88,1019.58,0.37
Kanam,Lowland,Pineapple,6.51,215.59,74.04,153.62,32.23,1052.41,0.74
Kanam,Lowland,Pineapple,4.78,282.86,52.31,155.47,23.11,659.95,0.39
Kanam,Lowland,Pineapple,6.25,315.47,63.05,203.12,25.0,785.95,1.06
Kanam,Lowland,Pineapple,4.93,279.76,52.72,275.0,29.0,856.6,0.18
Kanam,Lowland,Pineapple,5.81,268.54,52.51,82.5,24.45,738.1,1.17
Kanam,Lowland,Pineapple,4.93,258.51,75.17,162.17,26.7,729.83,0.31
Kanam,Lowland,Pineapple,6.27,248.15,54.06,209.65,31.56,525.0,1.08
Kanam,Lowland,Pineapple,6.61,248.75,61.4,275.0,25.21,792.26,0.92
Kanam,Lowland,Pineapple,6.23,306.39,56.35,214.07,24.86,778.7,0.61
Kanam,Lowland,Pineapple,4.19,254.03,57.55,209.1,24.03,585.91,1.03
Kanam,Lowland,Pineapple,6.2,311.21,70.35,215.64,26.03,770.1,1.25
Kanam,Lowland,Pineapple,8.12,293.85,60.65,227.67,27.06,953.67,1.13
Kanam,Lowland,Pineapple,6.02,261.86,36.69,228.1,27.5,620.89,0.38
Kanam,Lowland,Pineapple,6.37,209.31,57.9,235.22,28.29,681.62,0.34
Kanam,Lowland,Pineapple,6.29,324.05,47.74,213.65,30.71,809.3,0.64
Kanam,Lowland,Pineapple,6.81,244.68,39.28,233.22,26.05,694.61,0.56
Kanam,Lowland,Pineapple,5.06,332.34,73.79,275.0,29.56,831.6,0.28
Kanam,Lowland,Pineapple,5.39,363.2,49.34,275.0,27.13,525.0,1.0
Kanam,Lowland,Pineapple,7.07,272.88,68.78,82.5,23.75,785.85,0.94
Kanam,Lowland,Pineapple,7.18,301.05,40.5,194.83,28.41,525.0,0.76
Kanam,Lowland,Pineapple,5.22,248.07,60.23,107.55,27.98,847.91,1.16
Kanam,Lowland,Pineapple,4.31,213.24,57.66,162.85,32.5,830.24,0.8
Kanam,Lowland,Pineapple,5.41,225.0,60.98,176.12,26.82,766.53,0.86
Kanam,Lowland,Pineapple,3.6,309.16,44.55,172.35,30.02,1061.4,0.18
Kanam,Lowland,Pineapple,5.65,286.06,36.84,232.59,27.27,783.98,0.46
Kanam,Lowland,Pineapple,6.09,309.21,55.9,148.27,25.98,788.57,0.79
Kanam,Lowland,Pineapple,6.66,255.22,40.21,204.21,25.88,887.14,0.78
Kanam,Lowland,Pineapple,6.37,233.35,56.08,136.4,24.14,599.31,0.59
Kanam,Lowland,Pineapple,7.05,251.5,39.59,189.61,27.07,663.89,0.72
Kanam,Lowland,Pineapple,6.74,302.35,61.22,105.37,32.5,933.97,0.96
Kanam,Lowland,Pineapple,4.27,313.69,48.57,168.74,23.06,532.74,0.93
Kanam,Lowland,Pineapple,6.77,302.93,62.0,177.04,26.05,800.56,1.07
Kanam,Lowland,Pineapple,5.62,324.44,51.91,118.4,26.98,768.55,0.75
Kanam,Lowland,Pineapple,7.09,307.86,37.74,275.0,20.57,1126.43,0.68
Kanam,Lowland,Pineapple,5.39,272.43,58.9,181.17,26.69,979.06,0.98
Kanam,Lowland,Pineapple,4.5,305.21,60.52,146.26,28.86,722.42,0.7
Kanam,Lowland,Pineapple,5.32,175.45,48.27,226.87,26.95,525.09,1.12
Kanam,Lowland,Pineapple,5.27,224.86,80.12,113.73,29.06,615.37,0.83
Kanam,Lowland,Pineapple,4.57,224.13,60.5,207.15,29.68,743.98,1.25
Kanam,Lowland,Pineapple,5.92,298.09,38.58,141.85,28.22,735.26,0.84
Kanam,Lowland,Pineapple,4.67,279.88,55.79,105.58,28.51,525.0,0.84
Kanam,Lowland,Onion,7.66,105.77,42.27,60.37,25.0,510.46,0.73
Kanam,Lowland,Onion,6.33,119.17,55.35,52.88,17.58,333.24,0.3
Kanam,Lowland,Onion,6.62,117.57,18.75,81.28,18.81,541.14,0.88
Kanam,Lowland,Onion,7.51,75.94,43.4,83.83,20.1,262.5,1.35
Kanam,Lowland,Onion,6.35,73.78,51.58,89.86,22.37,304.36,1.08
Kanam,Lowland,Onion,6.46,97.76,41.89,78.07,18.2,438.64,1.2
Kanam,Lowland,Onion,5.75,45.0,37.88,61.76,21.75,262.5,1.25
Kanam,Lowland,Onion,6.39,125.0,45.49,100.0,20.57,445.85,1.23
Kanam,Lowland,Onion,7.49,88.19,18.75,37.9,25.0,405.77,1.46
Kanam,Lowland,Onion,7.5,51.32,30.23,73.87,22.66,269.27,0.55
Kanam,Lowland,Onion,5.89,116.72,25.76,67.42,22.34,268.54,0.3
Kanam,Lowland,Onion,5.67,88.56,40.21,74.56,21.75,262.5,0.37
Kanam,Lowland,Onion,7.95,118.66,43.38,65.22,19.81,349.8,1.87
Kanam,Lowland,Onion,6.85,102.16,32.46,94.86,21.38,355.13,0.79
Kanam,Lowland,Onion,6.54,64.68,33.94,80.5,13.51,323.15,0.56
Kanam,Lowland,Onion,6.91,104.76,29.44,89.89,22.22,323.23,1.98
Kanam,Lowland,Onion,6.18,124.23,31.79,61.48,19.48,262.5,1.59
Kanam,Lowland,Onion,5.66,122.32,23.51,95.76,20.57,381.56,0.87
Kanam,Lowland,Onion,6.82,93.04,18.75,59.05,18.93,262.5,1.84
Kanam,Lowland,Onion,6.62,71.71,28.69,68.39,19.66,262.5,0.75
Kanam,Lowland,Onion,7.07,94.21,32.64,78.74,20.37,325.63,1.45
Kanam,Lowland,Onion,6.87,53.19,32.88,47.96,22.35,439.47,0.86
Kanam,Lowland,Onion,6.54,45.0,45.75,93.17,23.84,523.26,0.53
Kanam,Lowland,Onion,7.14,124.42,18.75,75.19,19.44,449.7,0.3
Kanam,Lowland,Onion,7.69,87.26,45.09,77.46,21.93,262.5,0.98
Kanam,Lowland,Onion,7.12,96.62,18.75,79.94,18.12,262.5,0.38
Kanam,Lowland,Onion,6.98,115.87,56.25,48.61,22.73,447.11,0.87
Kanam,Lowland,Onion,6.07,64.54,28.27,82.82,24.45,478.83,0.33
Kanam,Lowland,Onion,6.14,120.22,25.89,77.53,15.55,484.39,0.3
Kanam,Lowland,Onion,5.63,114.42,56.25,72.76,20.36,455.86,1.33
Kanam,Lowland,Onion,6.39,78.55,18.75,83.44,20.23,298.97,0.65
Kanam,Lowland,Onion,6.08,104.32,44.69,72.01,19.24,262.5,1.67
Kanam,Lowland,Onion,6.63,98.47,38.59,72.41,17.11,262.5,1.77
Kanam,Lowland,Onion,6.18,80.3,21.19,53.87,18.27,546.78,1.52
Kanam,Lowland,Onion,6.3,115.16,32.64,100.0,25.0,469.83,1.23
Kanam,Lowland,Onion,7.03,90.24,18.75,65.33,17.74,271.12,2.12
Kanam,Lowland,Onion,7.28,100.18,43.88,40.08,22.62,459.51,0.3
Kanam,Lowland,Onion,7.07,56.64,18.75,100.0,17.57,266.56,1.7
Kanam,Lowland,Onion,6.43,85.68,32.06,85.78,19.84,363.3,0.91
Kanam,Lowland,Onion,6.82,97.21,56.25,70.91,19.96,377.83,1.68
Kanam,Lowland,Onion,5.96,92.3,18.75,73.15,23.62,265.37,1.27
Kanam,Lowland,Onion,6.3,69.82,45.74,57.36,21.35,385.94,0.73
Kanam,Lowland,Onion,6.7,68.06,40.49,51.85,19.51,320.54,1.76
Kanam,Lowland,Onion,6.69,112.18,40.88,89.87,19.54,468.99,0.99
Kanam,Lowland,Onion,5.58,84.87,39.7,45.9,17.93,262.5,1.59
Kanam,Lowland,Onion,7.61,84.99,40.61,89.0,25.0,273.94,1.06
Kanam,Lowland,Onion,6.41,91.64,56.25,79.32,18.02,262.5,1.84
Kanam,Lowland,Onion,6.1,105.38,26.49,52.84,22.26,276.49,1.4
Kanam,Lowland,Onion,6.91,102.64,31.29,92.69,17.82,262.5,1.55
Kanam,Lowland,Onion,6.71,75.64,18.75,37.13,20.65,542.17,1.1
Mikang,Lowland,Irish-potato,4.77,104.63,75.0,198.41,14.73,404.92,1.23
Mikang,Lowland,Irish-potato,4.21,132.05,40.93,90.0,18.27,385.62,1.05
Mikang,Lowland,Irish-potato,4.45,83.6,74.99,182.09,14.65,300.0,0.58
Mikang,Lowland,Irish-potato,5.19,83.36,42.82,128.0,17.75,537.31,1.06
Mikang,Lowland,Irish-potato,5.11,97.61,46.5,205.88,20.6,750.0,1.38
Mikang,Lowland,Irish-potato,4.66,73.82,71.92,116.15,20.83,300.0,1.24
Mikang,Lowland,Irish-potato,4.21,132.78,33.65,173.26,17.31,417.82,0.85
Mikang,Lowland,Irish-potato,4.72,110.9,37.7,106.01,16.75,330.44,0.53
Mikang,Lowland,Irish-potato,5.81,93.77,51.27,90.0,25.0,750.0,0.65
Mikang,Lowland,Irish-potato,6.05,102.27,75.0,176.59,18.35,300.0,0.59
Mikang,Lowland,Irish-potato,5.08,112.43,33.98,120.67,19.94,300.0,1.13
Mikang,Lowland,Irish-potato,6.06,118.97,61.11,90.0,15.12,750.0,0.74
Mikang,Lowland,Irish-potato,6.08,84.1,50.38,186.0,18.35,466.76,0.63
Mikang,Lowland,Irish-potato,4.15,74.48,45.93,146.9,21.63,415.28,1.31
Mikang,Lowland,Irish-potato,5.18,66.44,55.54,165.8,20.66,300.0,0.22
Mikang,Lowland,Irish-potato,5.2,117.87,52.1,160.41,21.08,319.71,0.91
Mikang,Lowland,Irish-potato,5.12,62.79,52.58,155.59,23.73,347.83,1.16
Mikang,Lowland,Irish-potato,5.8,76.17,75.0,225.0,17.9,305.6,1.88
Mikang,Lowland,Irish-potato,5.7,108.35,75.0,225.0,16.82,443.53,1.36
Mikang,Lowland,Irish-potato,5.08,60.0,38.82,90.0,19.73,300.0,1.16
Mikang,Lowland,Irish-potato,6.54,150.0,30.0,91.8,15.28,300.0,0.22
Mikang,Lowland,Irish-potato,5.05,130.16,71.94,134.02,17.05,462.24,1.0
Mikang,Lowland,Irish-potato,5.71,120.54,48.66,90.0,23.25,300.0,1.24
Mikang,Lowland,Irish-potato,3.52,105.08,57.0,166.74,25.0,300.0,1.49
Mikang,Lowland,Irish-potato,5.48,81.73,69.34,150.31,21.06,743.17,1.13
Mikang,Lowland,Irish-potato,4.83,142.29,75.0,112.56,16.41,518.2,0.99
Mikang,Lowland,Irish-potato,4.29,124.41,66.99,141.38,18.21,300.0,0.48
Mikang,Lowland,Irish-potato,4.66,108.07,30.0,136.67,18.31,609.07,0.89
Mikang,Lowland,Irish-potato,4.06,98.14,45.33,187.92,16.82,300.0,1.88
Mikang,Lowland,Irish-potato,5.18,108.6,30.0,90.0,17.68,458.83,1.42
Mikang,Lowland,Irish-potato,5.25,63.97,30.0,153.67,16.13,300.0,1.49
Mikang,Lowland,Irish-potato,3.79,127.07,30.56,165.97,21.27,340.86,1.88
Mikang,Lowland,Irish-potato,6.61,113.78,64.72,214.62,19.91,476.52,0.78
Mikang,Lowland,Irish-potato,3.7,60.0,75.0,175.86,17.14,621.08,0.66
Mikang,Lowland,Irish-potato,5.53,108.18,63.29,141.27,14.62,300.0,0.64
Mikang,Lowland,Irish-potato,5.06,60.0,33.41,166.05,17.55,433.29,1.03
Mikang,Lowland,Irish-potato,6.7,109.92,48.61,164.24,21.57,391.32,1.41
Mikang,Lowland,Irish-potato,5.38,95.32,57.18,225.0,18.85,300.0,0.89
Mikang,Lowland,Irish-potato,3.36,110.29,75.0,90.0,18.52,572.45,1.63
Mikang,Lowland,Irish-potato,6.09,60.0,64.08,90.0,14.51,543.7,1.14
Mikang,Lowland,Irish-potato,5.65,72.96,75.0,195.07,21.11,300.0,1.67
Mikang,Lowland,Irish-potato,4.81,84.09,66.19,189.55,15.04,750.0,1.88
Mikang,Lowland,Irish-potato,5.55,120.55,61.01,90.0,18.39,417.42,0.75
Mikang,Lowland,Irish-potato,4.81,60.0,36.04,207.33,24.06,300.0,1.15
Mikang,Lowland,Irish-potato,5.95,87.27,67.08,157.16,22.17,300.0,0.48
Mikang,Lowland,Irish-potato,5.29,108.85,54.26,189.17,14.74,300.0,0.79
Mikang,Lowland,Irish-potato,4.75,95.55,75.0,199.38,19.87,438.85,0.83
Mikang,Lowland,Irish-potato,4.37,63.58,43.09,156.68,13.96,429.67,0.95
Mikang,Lowland,Irish-potato,4.74,146.13,30.0,138.79,9.77,441.75,1.46
Mikang,Lowland,Irish-potato,3.97,62.67,30.0,162.28,16.81,351.24,0.86
Mikang,Lowland,Tomato,5.26,163.48,99.89,153.79,21.63,300.0,2.24
Mikang,Lowland,Tomato,7.2,126.79,137.5,276.53,23.56,352.15,1.0
Mikang,Lowland,Tomato,5.28,181.04,66.32,249.35,27.33,364.47,2.5
Mikang,Lowland,Tomato,4.58,128.16,79.9,253.65,25.95,300.0,2.12
Mikang,Lowland,Tomato,6.94,100.29,83.56,148.42,23.8,417.5,1.02
Mikang,Lowland,Tomato,5.86,83.46,101.59,120.0,24.63,300.0,1.29
Mikang,Lowland,Tomato,6.37,142.24,115.38,257.7,17.91,393.22,2.5
Mikang,Lowland,Tomato,6.52,106.24,90.65,191.07,19.68,501.29,1.66
Mikang,Lowland,Tomato,4.84,127.76,77.87,134.38,18.71,300.0,1.21
Mikang,Lowland,Tomato,5.85,102.52,82.45,243.73,25.96,516.77,1.1
Mikang,Lowland,Tomato,8.23,140.63,79.91,213.26,19.39,364.31,1.56
Mikang,Lowland,Tomato,7.09,118.52,137.5,200.92,17.63,541.41,1.68
Mikang,Lowland,Tomato,6.65,116.93,103.07,284.3,25.33,300.0,0.38
Mikang,Lowland,Tomato,6.83,101.74,90.12,171.27,20.89,310.81,0.78
Mikang,Lowland,Tomato,7.28,147.21,61.03,159.04,26.05,522.67,1.98
Mikang,Lowland,Tomato,5.22,159.32,48.75,199.49,26.49,300.0,2.5
Mikang,Lowland,Tomato,7.91,149.34,67.41,205.76,27.74,300.0,1.13
Mikang,Lowland,Tomato,7.43,86.91,101.47,127.25,20.63,341.19,1.61
Mikang,Lowland,Tomato,5.57,134.14,74.7,184.23,29.62,300.0,1.79
Mikang,Lowland,Tomato,6.38,113.7,60.78,155.58,21.48,382.51,1.68
Mikang,Lowland,Tomato,6.03,123.68,90.54,231.13,27.14,300.0,1.06
Mikang,Lowland,Tomato,7.8,92.11,94.69,200.98,22.18,585.41,1.28
Mikang,Lowland,Tomato,8.13,130.65,104.82,182.06,22.18,447.71,1.55
Mikang,Lowland,Tomato,7.07,141.46,57.66,171.4,27.98,300.0,1.46
Mikang,Lowland,Tomato,6.25,155.25,103.68,178.03,21.6,339.07,1.66
Mikang,Lowland,Tomato,3.75,135.07,69.56,217.82,25.91,300.0,1.1
Mikang,Lowland,Tomato,6.56,133.05,89.53,152.1,20.12,300.0,1.64
Mikang,Lowland,Tomato,6.25,128.97,48.75,207.37,27.09,300.0,0.88
Mikang,Lowland,Tomato,4.57,118.23,69.09,226.67,25.19,550.52,1.22
Mikang,Lowland,Tomato,6.77,114.22,63.79,247.79,29.59,482.24,1.35
Mikang,Lowland,Tomato,5.26,163.77,107.95,300.0,19.77,500.53,1.64
Mikang,Lowland,Tomato,5.99,170.24,103.3,165.32,24.02,300.0,0.93
Mikang,Lowland,Tomato,7.19,159.32,98.55,174.02,26.06,484.31,0.38
Mikang,Lowland,Tomato,6.52,124.94,117.78,226.89,26.48,343.83,1.26
Mikang,Lowland,Tomato,7.47,128.59,97.33,137.44,24.22,300.0,0.89
Mikang,Lowland,Tomato,6.45,152.84,66.51,226.33,30.51,325.32,0.38
Mikang,Lowland,Tomato,6.72,95.73,71.24,251.92,31.25,300.0,0.74
Mikang,Lowland,Tomato,5.87,114.51,137.5,184.24,22.91,588.37,1.66
Mikang,Lowland,Tomato,7.52,104.06,78.82,160.54,27.78,542.8,0.84
Mikang,Lowland,Tomato,5.96,121.14,52.13,177.57,27.67,300.0,1.32
Mikang,Lowland,Tomato,4.87,126.28,77.95,152.07,27.74,498.67,0.58
Mikang,Lowland,Tomato,6.13,131.77,48.75,143.9,29.77,300.0,2.14
Mikang,Lowland,Tomato,4.83,149.69,84.57,200.99,31.25,300.0,1.67
Mikang,Lowland,Tomato,7.02,187.5,64.47,179.79,27.84,376.66,0.93
Mikang,Lowland,Tomato,7.49,122.71,69.33,242.74,26.04,363.54,1.0
Mikang,Lowland,Tomato,5.32,151.62,83.29,173.1,19.24,445.71,0.9
Mikang,Lowland,Tomato,4.06,95.4,86.61,199.37,23.5,355.39,0.38
Mikang,Lowland,Tomato,5.37,164.99,119.94,235.84,26.5,505.45,0.47
Mikang,Lowland,Tomato,6.42,97.82,63.79,226.07,28.38,377.41,2.41
Mikang,Lowland,Tomato,6.63,107.83,64.21,256.33,25.03,478.79,0.38
Mikang,Lowland,Groundnut,7.03,17.49,12.4,40.89,31.82,764.13,0.94
Mikang,Lowland,Groundnut,6.46,15.98,46.8,32.71,30.18,534.23,0.92
Mikang,Lowland,Groundnut,5.95,18.39,11.46,36.29,31.21,643.48,0.93
Mikang,Lowland,Groundnut,6.54,25.0,24.22,31.5,30.44,553.35,0.67
Mikang,Lowland,Groundnut,6.94,23.07,35.71,45.45,26.23,561.33,0.86
Mikang,Lowland,Groundnut,6.6,19.04,31.31,28.79,25.77,507.56,0.38
Mikang,Lowland,Groundnut,6.51,25.0,16.26,38.08,25.08,486.38,0.57
Mikang,Lowland,Groundnut,6.74,16.28,48.14,42.15,24.49,597.99,0.52
Mikang,Lowland,Groundnut,5.95,20.46,50.0,25.44,23.34,587.71,0.63
Mikang,Lowland,Groundnut,7.25,15.59,34.81,50.0,23.82,619.32,1.09
Mikang,Lowland,Groundnut,6.0,23.75,33.8,42.23,29.18,459.16,0.88
Mikang,Lowland,Groundnut,7.02,24.84,11.25,50.0,23.96,588.77,0.88
Mikang,Lowland,Groundnut,6.12,23.57,18.94,50.0,25.51,375.0,1.39
Mikang,Lowland,Groundnut,6.99,25.0,20.31,24.88,33.86,499.25,1.03
Mikang,Lowland,Groundnut,7.27,18.52,36.04,50.0,27.89,609.8,0.16
Mikang,Lowland,Groundnut,7.55,11.58,47.47,44.85,27.66,488.39,0.77
Mikang,Lowland,Groundnut,6.39,19.28,50.0,50.0,24.95,531.2,0.89
Mikang,Lowland,Groundnut,6.8,14.62,39.25,48.84,25.08,727.92,1.39
Mikang,Lowland,Groundnut,7.21,13.28,38.6,43.9,29.8,685.37,0.79
Mikang,Lowland,Groundnut,8.1,22.86,28.5,50.0,30.9,447.0,0.88
Mikang,Lowland,Groundnut,7.26,19.6,34.7,34.28,22.1,512.4,0.9
Mikang,Lowland,Groundnut,7.19,17.11,13.18,32.99,31.69,422.31,0.7
Mikang,Lowland,Groundnut,6.7,16.86,22.62,33.81,32.9,579.27,1.29
Mikang,Lowland,Groundnut,7.74,7.5,37.75,36.31,31.91,413.58,0.49
Mikang,Lowland,Groundnut,6.03,18.71,46.09,43.68,23.79,750.89,1.08
Mikang,Lowland,Groundnut,7.34,25.0,11.25,33.46,30.88,405.51,0.76
Mikang,Lowland,Groundnut,6.84,13.01,27.47,49.44,30.55,629.72,1.21
Mikang,Lowland,Groundnut,7.12,22.39,36.44,35.95,24.4,419.63,0.74
Mikang,Lowland,Groundnut,6.49,22.9,35.69,44.14,29.23,639.35,0.85
Mikang,Lowland,Groundnut,7.48,23.5,49.23,50.0,30.02,512.09,0.89
Mikang,Lowland,Groundnut,6.6,17.54,45.91,33.0,33.65,482.32,1.5
Mikang,Lowland,Groundnut,6.47,21.94,27.61,34.49,31.72,375.0,0.62
Mikang,Lowland,Groundnut,7.23,24.84,12.43,46.52,28.45,393.04,0.58
Mikang,Lowland,Groundnut,5.67,25.0,47.56,30.15,30.8,433.1,1.18
Mikang,Lowland,Groundnut,6.59,18.36,28.53,35.68,32.9,604.72,0.89
Mikang,Lowland,Groundnut,7.49,10.97,14.81,45.59,30.57,532.56,0.2
Mikang,Lowland,Groundnut,6.25,22.92,50.0,50.0,33.52,539.59,0.97
Mikang,Lowland,Groundnut,6.27,25.0,31.67,47.5,28.11,532.53,0.82
Mikang,Lowland,Groundnut,7.01,25.0,14.26,28.37,29.49,667.9,1.45
Mikang,Lowland,Groundnut,6.15,18.13,11.25,36.62,31.93,498.5,0.72
Mikang,Lowland,Groundnut,7.21,15.83,50.0,41.5,26.59,568.4,1.18
Mikang,Lowland,Groundnut,7.83,19.25,48.59,42.32,25.86,409.46,0.47
Mikang,Lowland,Groundnut,6.44,25.0,43.06,30.57,21.89,375.0,0.58
Mikang,Lowland,Groundnut,6.7,25.0,24.75,50.0,22.12,459.37,1.13
Mikang,Lowland,Groundnut,7.39,18.52,47.36,48.54,25.61,536.7,1.1
Mikang,Lowland,Groundnut,6.52,25.0,20.55,42.7,23.63,512.05,0.48
Mikang,Lowland,Groundnut,6.71,11.21,44.41,44.55,31.81,459.46,1.25
Mikang,Lowland,Groundnut,6.9,21.14,50.0,37.19,32.3,555.91,0.66
Mikang,Lowland,Groundnut,6.1,14.44,49.24,50.0,28.32,516.77,1.13
Mikang,Lowland,Groundnut,6.92,25.0,37.0,42.62,25.55,389.83,0.15
Mikang,Lowland,Pepper,7.71,134.48,36.9,41.25,22.14,532.49,0.9
Mikang,Lowland,Pepper,6.92,145.49,22.87,52.37,18.68,1511.28,2.5
Mikang,Lowland,Pepper,5.89,75.0,44.61,87.67,27.16,1106.02,1.77
Mikang,Lowland,Pepper,5.65,152.52,55.2,67.43,27.07,615.47,2.5
Mikang,Lowland,Pepper,5.47,187.82,18.75,125.0,19.51,896.89,0.45
Mikang,Lowland,Pepper,5.45,177.24,57.75,92.72,29.39,1221.06,0.98
Mikang,Lowland,Pepper,5.41,139.92,34.32,96.64,28.38,566.62,1.95
Mikang,Lowland,Pepper,7.2,170.1,36.79,106.91,28.23,1067.66,2.5
Mikang,Lowland,Pepper,6.92,115.63,26.53,116.04,27.38,1458.02,0.45
Mikang,Lowland,Pepper,7.43,129.79,37.58,66.36,30.22,1057.56,0.66
Mikang,Lowland,Pepper,6.78,169.4,45.34,115.52,23.98,450.0,1.59
Mikang,Lowland,Pepper,6.79,153.22,58.9,41.25,24.25,475.27,0.61
Mikang,Lowland,Pepper,6.57,169.22,47.13,68.39,24.74,1177.48,1.93
Mikang,Lowland,Pepper,6.15,115.19,18.75,75.16,16.39,1562.5,0.86
Mikang,Lowland,Pepper,7.6,212.5,45.9,83.81,18.56,633.73,2.5
Mikang,Lowland,Pepper,6.94,141.64,61.89,104.71,24.72,906.97,0.92
Mikang,Lowland,Pepper,6.14,132.03,50.88,53.69,25.9,677.22,0.82
Mikang,Lowland,Pepper,6.29,75.0,31.68,57.57,24.03,450.0,1.59
Mikang,Lowland,Pepper,7.43,135.68,50.02,72.98,17.34,825.64,1.93
Mikang,Lowland,Pepper,5.47,121.43,39.13,125.0,26.67,450.0,0.45
Mikang,Lowland,Pepper,7.27,212.5,38.64,77.49,27.76,522.41,0.45
Mikang,Lowland,Pepper,7.54,115.37,58.07,66.46,26.14,1149.02,2.2
Mikang,Lowland,Pepper,6.84,147.98,51.79,98.62,18.72,450.0,0.45
Mikang,Lowland,Pepper,7.3,124.28,54.71,97.03,20.24,779.43,1.14
Mikang,Lowland,Pepper,6.1,177.96,62.5,115.73,25.36,1302.42,2.5
Mikang,Lowland,Pepper,5.41,190.64,53.97,117.62,29.77,738.68,2.5
Mikang,Lowland,Pepper,6.93,122.7,50.13,111.96,26.0,974.02,1.52
Mikang,Lowland,Pepper,6.05,106.83,22.27,125.0,24.33,450.0,1.73
Mikang,Lowland,Pepper,6.96,75.0,30.59,63.43,21.6,1284.7,1.35
Mikang,Lowland,Pepper,6.26,186.44,49.97,41.25,22.26,947.04,0.8
Mikang,Lowland,Pepper,8.41,145.1,31.75,56.96,30.37,579.43,1.72
Mikang,Lowland,Pepper,5.62,143.36,33.46,78.16,21.32,1213.76,1.11
Mikang,Lowland,Pepper,6.51,136.58,62.5,109.8,29.65,450.0,1.0
Mikang,Lowland,Pepper,7.67,92.53,43.97,58.47,20.43,1462.1,1.96
Mikang,Lowland,Pepper,7.49,172.58,40.71,68.28,23.39,752.29,2.5
Mikang,Lowland,Pepper,5.46,117.81,29.42,114.17,33.75,942.05,1.73
Mikang,Lowland,Pepper,6.71,158.4,54.03,97.61,28.12,1118.92,0.45
Mikang,Lowland,Pepper,6.63,152.98,48.81,81.95,26.34,552.12,0.45
Mikang,Lowland,Pepper,7.49,94.03,40.4,66.77,33.75,794.81,1.24
Mikang,Lowland,Pepper,7.29,212.5,48.66,76.53,29.16,450.0,1.49
Mikang,Lowland,Pepper,8.38,146.94,44.31,86.98,23.42,944.21,2.0
Mikang,Lowland,Pepper,6.34,75.0,49.54,125.0,23.52,450.0,1.93
Mikang,Lowland,Pepper,8.16,162.16,62.5,107.27,29.21,628.65,1.66
Mikang,Lowland,Pepper,6.61,137.87,39.04,92.36,18.69,1132.68,0.84
Mikang,Lowland,Pepper,6.41,154.02,29.21,41.25,23.49,450.0,1.95
Mikang,Lowland,Pepper,5.62,201.3,42.66,87.99,15.1,879.91,1.4
Mikang,Lowland,Pepper,5.49,144.05,36.93,80.74,25.64,646.3,1.63
Mikang,Lowland,Pepper,6.56,159.84,35.02,58.48,21.78,1371.84,2.12
Mikang,Lowland,Pepper,7.69,193.01,35.93,94.2,25.9,1075.0,1.25
Mikang,Lowland,Pepper,6.71,143.44,50.51,103.65,25.99,872.0,1.61
Mikang,Lowland,Cabbage,7.86,80.04,54.26,135.72,22.2,358.39,1.24
Mikang,Lowland,Cabbage,7.01,114.18,68.24,124.3,16.35,388.33,1.23
Mikang,Lowland,Cabbage,7.01,180.54,74.35,141.47,30.0,329.75,0.76
Mikang,Lowland,Cabbage,7.39,123.12,62.85,106.68,24.95,285.0,0.91
Mikang,Lowland,Cabbage,6.87,117.77,47.37,93.05,13.91,377.73,1.08
Mikang,Lowland,Cabbage,6.87,104.69,65.73,92.45,7.5,322.98,0.73
Mikang,Lowland,Cabbage,7.48,135.09,77.18,114.34,23.97,322.34,1.54
Mikang,Lowland,Cabbage,6.76,155.39,53.31,116.67,19.31,428.44,0.15
Mikang,Lowland,Cabbage,6.68,119.8,44.57,115.81,7.5,285.0,0.85
Mikang,Lowland,Cabbage,6.71,123.34,64.95,108.54,30.0,337.67,1.5
Mikang,Lowland,Cabbage,5.88,106.15,68.75,119.97,11.25,285.0,1.26
Mikang,Lowland,Cabbage,7.27,137.58,58.4,104.46,19.57,285.0,0.64
Mikang,Lowland,Cabbage,7.63,76.52,68.67,150.08,26.66,367.87,0.76
Mikang,Lowland,Cabbage,6.5,75.0,63.06,116.89,14.31,338.59,0.98
Mikang,Lowland,Cabbage,6.5,177.51,69.13,139.62,19.16,375.79,0.58
Mikang,Lowland,Cabbage,7.28,124.52,53.8,123.54,17.62,502.61,1.14
Mikang,Lowland,Cabbage,7.82,163.46,63.07,116.17,7.5,285.0,1.23
Mikang,Lowland,Cabbage,6.7,141.44,44.98,131.87,28.94,285.0,1.11
Mikang,Lowland,Cabbage,7.68,179.46,58.34,137.58,30.0,368.1,1.5
Mikang,Lowland,Cabbage,6.86,141.98,57.3,121.05,23.54,291.24,0.86
Mikang,Lowland,Cabbage,7.33,187.5,44.81,158.52,17.88,407.54,1.44
Mikang,Lowland,Cabbage,7.81,109.26,60.77,123.0,17.09,432.31,0.92
Mikang,Lowland,Cabbage,5.92,112.03,48.93,119.94,25.48,294.19,0.79
Mikang,Lowland,Cabbage,6.72,134.58,67.26,138.06,30.0,348.64,1.26
Mikang,Lowland,Cabbage,5.94,119.43,60.37,106.13,15.63,332.48,0.74
Mikang,Lowland,Cabbage,8.43,145.42,80.25,150.06,14.79,342.63,0.77
Mikang,Lowland,Cabbage,6.78,102.01,58.88,130.23,22.72,357.74,0.93
Mikang,Lowland,Cabbage,7.39,122.99,74.92,91.6,25.36,374.19,0.67
Mikang,Lowland,Cabbage,6.67,144.03,70.76,93.32,25.12,307.96,1.43
Mikang,Lowland,Cabbage,5.79,187.5,54.99,148.96,19.44,285.0,1.07
Mikang,Lowland,Cabbage,7.49,85.21,68.88,123.72,24.71,340.77,0.72
Mikang,Lowland,Cabbage,6.22,150.09,68.58,135.52,23.49,406.13,1.55
Mikang,Lowland,Cabbage,5.76,75.0,77.77,100.47,11.14,319.87,0.26
Mikang,Lowland,Cabbage,6.65,102.84,60.7,128.83,17.2,312.42,1.06
Mikang,Lowland,Cabbage,7.5,177.22,60.83,155.87,27.15,285.0,0.43
Mikang,Lowland,Cabbage,6.54,172.6,58.35,90.82,18.13,285.0,0.51
Mikang,Lowland,Cabbage,6.53,134.84,71.7,136.08,10.38,313.98,0.99
Mikang,Lowland,Cabbage,6.73,122.63,47.67,103.76,16.71,285.0,1.22
Mikang,Lowland,Cabbage,6.06,150.51,67.98,114.42,28.16,392.02,0.83
Mikang,Lowland,Cabbage,6.63,162.47,64.77,142.22,7.5,346.89,0.29
Mikang,Lowland,Cabbage,6.87,151.29,77.96,107.52,15.71,333.31,0.55
Mikang,Lowland,Cabbage,7.46,128.44,63.81,134.79,19.42,285.0,0.93
Mikang,Lowland,Cabbage,6.37,133.63,71.46,103.37,7.5,343.45,0.63
Mikang,Lowland,Cabbage,6.9,139.82,43.98,136.01,10.46,338.44,0.68
Mikang,Lowland,Cabbage,6.55,179.87,65.53,139.77,21.23,383.4,1.13
Mikang,Lowland,Cabbage,7.03,162.76,64.11,162.5,27.83,285.0,0.88
Mikang,Lowland,Cabbage,7.12,131.78,68.75,137.88,8.91,429.68,0.75
Mikang,Lowland,Cabbage,6.53,113.01,69.82,119.26,14.59,310.32,0.2
Mikang,Lowland,Cabbage,6.38,94.34,60.39,135.56,24.52,427.97,1.39
Mikang,Lowland,Cabbage,6.57,131.04,62.46,86.29,10.07,328.29,0.88
Mikang,Lowland,Maize,7.47,194.0,39.25,101.04,27.83,659.09,2.0
Mikang,Lowland,Maize,6.72,216.8,54.68,66.86,29.0,485.47,1.44
Mikang,Lowland,Maize,9.18,191.95,73.95,68.64,19.09,537.3,2.0
Mikang,Lowland,Maize,6.51,192.19,95.2,121.65,29.0,579.77,0.3
Mikang,Lowland,Maize,6.15,172.3,55.33,94.73,35.0,815.61,1.43
Mikang,Lowland,Maize,7.78,159.24,95.86,52.47,31.25,636.73,0.73
Mikang,Lowland,Maize,6.64,147.41,51.14,51.79,30.57,760.94,0.3
Mikang,Lowland,Maize,9.0,180.13,75.31,54.56,33.15,585.04,2.05
Mikang,Lowland,Maize,8.29,219.4,58.9,84.08,24.15,706.64,1.49
Mikang,Lowland,Maize,8.12,212.92,40.01,120.47,31.43,485.39,1.5
Mikang,Lowland,Maize,6.74,198.44,63.74,100.11,27.31,474.37,1.39
Mikang,Lowland,Maize,9.38,160.49,65.87,73.34,24.38,692.76,1.76
Mikang,Lowland,Maize,6.87,210.4,84.13,85.14,19.86,695.21,1.37
Mikang,Lowland,Maize,6.91,166.89,83.27,97.07,25.9,375.0,2.0
Mikang,Lowland,Maize,7.58,187.93,37.5,88.05,25.88,441.76,1.78
Mikang,Lowland,Maize,7.71,193.22,88.4,65.07,24.89,563.09,0.82
Mikang,Lowland,Maize,7.72,165.26,92.96,67.2,35.0,905.13,1.19
Mikang,Lowland,Maize,8.21,168.81,87.97,84.83,21.02,375.0,1.07
Mikang,Lowland,Maize,7.2,219.27,70.88,112.35,24.89,490.98,1.99
Mikang,Lowland,Maize,4.12,180.86,63.24,120.7,24.54,640.4,1.9
Mikang,Lowland,Maize,5.16,176.42,62.69,111.03,30.14,509.19,0.52
Mikang,Lowland,Maize,8.08,178.51,41.92,53.16,29.04,375.0,2.5
Mikang,Lowland,Maize,5.8,180.47,73.03,71.91,16.57,583.41,0.73
Mikang,Lowland,Maize,7.02,176.91,74.85,125.0,24.46,467.95,0.3
Mikang,Lowland,Maize,6.66,192.43,61.78,98.66,26.17,375.0,1.47
Mikang,Lowland,Maize,6.64,184.06,60.32,73.63,27.73,509.65,2.46
Mikang,Lowland,Maize,7.8,196.37,67.13,45.0,23.24,436.72,1.06
Mikang,Lowland,Maize,6.84,199.61,75.02,116.0,25.55,595.0,1.5
Mikang,Lowland,Maize,7.17,217.85,84.31,58.13,26.47,547.55,2.5
Mikang,Lowland,Maize,6.5,151.84,77.91,100.54,26.66,511.45,1.92
Mikang,Lowland,Maize,5.9,170.54,61.1,114.47,28.33,375.0,0.58
Mikang,Lowland,Maize,9.05,212.06,84.97,89.22,34.02,375.0,1.78
Mikang,Lowland,Maize,6.37,173.22,82.94,85.58,24.98,463.35,0.3
Mikang,Lowland,Maize,7.76,151.13,100.0,82.22,33.1,375.0,1.77
Mikang,Lowland,Maize,8.02,218.49,43.5,72.53,29.68,575.98,1.46
Mikang,Lowland,Maize,6.47,225.69,100.0,91.36,29.11,559.84,2.15
Mikang,Lowland,Maize,7.84,149.39,59.52,65.37,35.0,661.18,0.84
Mikang,Lowland,Maize,6.1,203.96,86.08,107.57,25.02,603.52,1.33
Mikang,Lowland,Maize,5.8,153.47,77.45,93.52,29.58,688.43,2.31
Mikang,Lowland,Maize,5.99,198.86,83.35,81.65,27.57,499.85,2.5
Mikang,Lowland,Maize,7.0,193.64,65.62,77.74,20.94,742.48,1.79
Mikang,Lowland,Maize,6.53,154.23,73.39,77.32,25.97,375.0,1.41
Mikang,Lowland,Maize,7.15,212.4,67.6,81.15,19.75,742.67,1.88
Mikang,Lowland,Maize,6.91,141.73,48.99,76.16,31.49,600.81,0.3
Mikang,Lowland,Maize,7.35,156.02,61.1,111.62,30.56,741.29,1.24
Mikang,Lowland,Maize,7.9,163.39,65.73,81.32,27.11,375.0,1.1
Mikang,Lowland,Maize,8.56,148.63,46.98,59.78,35.0,631.35,1.07
Mikang,Lowland,Maize,6.96,187.12,59.03,76.86,26.27,423.17,0.98
Mikang,Lowland,Maize,7.29,151.41,100.0,106.52,21.09,375.0,0.77
Mikang,Lowland,Maize,7.67,194.78,68.3,74.89,22.79,479.55,0.55
Mikang,Lowland,Wheat,6.92,169.28,40.73,55.35,22.72,337.5,1.02
Mikang,Lowland,Wheat,8.62,103.49,44.9,62.5,23.35,459.93,2.49
Mikang,Lowland,Wheat,7.32,160.17,33.28,44.4,14.44,468.81,1.55
Mikang,Lowland,Wheat,8.95,151.23,42.17,40.51,21.61,383.27,1.73
Mikang,Lowland,Wheat,8.9,106.31,42.62,41.95,25.0,520.89,2.75
Mikang,Lowland,Wheat,8.27,154.84,48.01,51.77,16.29,491.71,1.66
Mikang,Lowland,Wheat,8.01,128.42,49.7,60.15,12.04,399.43,0.6
Mikang,Lowland,Wheat,7.66,121.71,53.17,49.46,19.09,559.39,1.48
Mikang,Lowland,Wheat,6.81,141.96,54.67,58.89,22.15,770.62,1.11
Mikang,Lowland,Wheat,6.51,134.73,54.1,32.69,25.0,337.5,1.65
Mikang,Lowland,Wheat,7.58,104.75,41.61,58.06,24.69,337.5,1.91
Mikang,Lowland,Wheat,7.25,133.61,43.39,27.6,24.98,585.12,1.66
Mikang,Lowland,Wheat,6.82,112.71,30.13,51.6,22.77,466.07,1.68
Mikang,Lowland,Wheat,7.54,105.61,42.32,44.01,22.52,610.71,1.55
Mikang,Lowland,Wheat,6.17,131.52,56.25,32.46,23.07,605.71,1.44
Mikang,Lowland,Wheat,6.57,147.24,47.31,56.57,25.0,469.47,0.71
Mikang,Lowland,Wheat,7.46,137.52,52.65,43.56,19.31,337.5,2.23
Mikang,Lowland,Wheat,10.0,123.99,47.88,38.44,16.78,500.61,1.78
Mikang,Lowland,Wheat,4.63,177.42,47.67,47.51,19.27,497.24,2.15
Mikang,Lowland,Wheat,7.84,161.62,52.81,62.5,18.07,383.17,2.07
Mikang,Lowland,Wheat,6.48,112.46,48.02,59.58,24.21,427.55,2.16
Mikang,Lowland,Wheat,7.66,131.0,40.47,32.67,22.44,352.93,0.6
Mikang,Lowland,Wheat,7.34,172.91,28.9,42.23,22.46,337.5,1.57
Mikang,Lowland,Wheat,6.07,101.12,42.89,30.04,17.0,443.1,3.12
Mikang,Lowland,Wheat,8.26,159.94,49.9,36.25,21.4,577.94,2.48
Mikang,Lowland,Wheat,7.61,145.64,56.25,58.69,19.58,441.37,0.83
Mikang,Lowland,Wheat,10.0,177.24,45.73,62.5,22.34,399.78,2.55
Mikang,Lowland,Wheat,7.84,154.91,37.24,34.61,24.82,647.34,2.99
Mikang,Lowland,Wheat,9.94,147.31,48.2,33.11,18.81,337.5,1.47
Mikang,Lowland,Wheat,5.0,162.0,47.51,18.75,19.95,679.33,1.65
Mikang,Lowland,Wheat,6.23,78.42,34.98,54.25,19.24,409.09,1.38
Mikang,Lowland,Wheat,7.22,94.7,47.09,25.67,18.3,567.81,2.08
Mikang,Lowland,Wheat,8.17,187.5,44.89,46.75,19.73,398.32,0.87
Mikang,Lowland,Wheat,7.48,140.83,47.64,47.37,23.19,453.43,1.4
Mikang,Lowland,Wheat,6.31,85.32,53.78,36.23,17.81,401.34,1.51
Mikang,Lowland,Wheat,9.27,120.91,56.25,47.36,25.0,554.19,2.07
Mikang,Lowland,Wheat,9.2,163.2,48.95,62.5,19.05,337.5,1.16
Mikang,Lowland,Wheat,9.41,172.78,42.17,18.75,19.9,337.5,1.32
Mikang,Lowland,Wheat,6.16,83.55,56.25,36.46,24.6,424.2,0.77
Mikang,Lowland,Wheat,7.97,119.08,44.03,48.55,18.14,337.5,1.71
Mikang,Lowland,Wheat,8.49,104.2,46.14,62.5,20.24,460.03,1.8
Mikang,Lowland,Wheat,6.59,101.52,39.46,51.81,22.7,543.83,1.42
Mikang,Lowland,Wheat,8.64,139.44,45.65,18.75,18.13,337.5,2.3
Mikang,Lowland,Wheat,7.49,99.23,47.02,25.66,17.47,367.22,2.23
Mikang,Lowland,Wheat,9.0,113.4,52.97,47.13,21.19,442.56,1.58
Mikang,Lowland,Wheat,7.89,152.07,40.07,43.67,25.0,470.65,2.01
Mikang,Lowland,Wheat,8.73,115.87,45.04,58.36,24.1,337.5,1.11
Mikang,Lowland,Wheat,6.23,126.87,39.85,56.13,21.0,553.64,2.59
Mikang,Lowland,Wheat,8.17,120.69,45.85,39.71,16.54,561.16,1.68
Mikang,Lowland,Wheat,5.65,146.14,43.93,18.75,16.51,368.34,1.94
Mikang,Lowland,Pineapple,6.79,301.35,67.27,171.73,31.04,872.48,0.83
Mikang,Lowland,Pineapple,6.54,254.14,59.57,82.5,26.09,1057.98,0.81
Mikang,Lowland,Pineapple,6.0,311.37,64.41,123.56,27.06,551.34,0.82
Mikang,Lowland,Pineapple,4.91,308.49,54.29,121.11,26.74,813.94,0.33
Mikang,Lowland,Pineapple,5.28,274.79,75.84,82.5,28.44,682.88,0.58
Mikang,Lowland,Pineapple,5.09,255.58,67.48,139.55,30.89,859.18,0.82
Mikang,Lowland,Pineapple,5.69,319.21,75.81,99.55,25.35,861.06,1.08
Mikang,Lowland,Pineapple,5.53,240.08,61.16,268.52,27.1,528.81,0.79
Mikang,Lowland,Pineapple,6.79,266.33,74.9,229.39,26.86,757.55,0.11
Mikang,Lowland,Pineapple,7.28,256.99,55.58,138.72,28.07,552.48,0.41
Mikang,Lowland,Pineapple,5.82,244.83,64.15,136.15,30.74,871.36,0.99
Mikang,Lowland,Pineapple,5.18,368.99,55.12,128.21,28.66,784.16,0.47
Mikang,Lowland,Pineapple,8.12,310.43,60.29,275.0,28.9,747.92,1.25
Mikang,Lowland,Pineapple,6.64,295.68,55.74,177.1,26.04,1001.95,0.19
Mikang,Lowland,Pineapple,7.46,234.55,59.57,155.03,25.78,870.71,0.75
Mikang,Lowland,Pineapple,5.11,276.79,52.13,139.49,23.49,671.2,0.93
Mikang,Lowland,Pineapple,5.92,344.81,81.25,144.2,25.05,947.72,0.87
Mikang,Lowland,Pineapple,7.19,286.81,57.98,161.85,28.01,713.06,1.18
Mikang,Lowland,Pineapple,4.38,320.2,38.41,183.23,26.22,525.0,0.08
Mikang,Lowland,Pineapple,4.61,272.35,53.22,107.26,30.17,534.37,0.99
Mikang,Lowland,Pineapple,4.85,224.5,53.2,213.64,23.78,800.3,0.42
Mikang,Lowland,Pineapple,4.98,286.89,81.25,115.58,28.69,695.28,0.59
Mikang,Lowland,Pineapple,7.12,235.94,46.79,203.41,30.74,881.25,0.26
Mikang,Lowland,Pineapple,5.17,310.6,78.67,188.58,25.64,1038.05,0.73
Mikang,Lowland,Pineapple,5.18,238.75,46.31,275.0,30.33,635.15,1.25
Mikang,Lowland,Pineapple,6.5,289.9,51.87,141.0,26.9,525.0,0.59
Mikang,Lowland,Pineapple,5.89,324.11,53.05,225.95,22.17,954.23,0.44
Mikang,Lowland,Pineapple,6.03,287.12,62.69,167.09,24.09,594.33,1.1
Mikang,Lowland,Pineapple,5.19,266.25,42.85,228.93,23.91,910.29,0.38
Mikang,Lowland,Pineapple,7.05,270.9,53.73,275.0,26.84,686.68,1.07
Mikang,Lowland,Pineapple,4.17,172.5,73.74,120.37,29.03,758.08,0.35
Mikang,Lowland,Pineapple,6.58,253.68,47.68,106.6,22.94,820.53,0.43
Mikang,Lowland,Pineapple,5.84,263.04,49.27,82.5,32.5,741.51,1.25
Mikang,Lowland,Pineapple,7.23,257.33,62.35,183.66,31.32,895.22,0.47
Mikang,Lowland,Pineapple,6.29,303.42,46.54,205.58,30.16,599.94,0.5
Mikang,Lowland,Pineapple,7.22,255.98,48.8,230.44,28.35,766.52,1.15
Mikang,Lowland,Pineapple,7.26,267.09,81.25,275.0,22.35,569.73,0.08
Mikang,Lowland,Pineapple,5.51,220.88,50.75,243.79,22.88,772.7,0.8
Mikang,Lowland,Pineapple,5.79,275.84,34.22,122.08,30.62,540.55,1.25
Mikang,Lowland,Pineapple,4.26,207.95,49.15,246.25,25.72,810.45,0.78
Mikang,Lowland,Pineapple,5.82,322.66,69.23,100.73,26.35,1055.1,0.87
Mikang,Lowland,Pineapple,4.14,211.63,70.62,218.93,24.84,880.84,1.25
Mikang,Lowland,Pineapple,7.57,336.18,66.72,162.56,26.06,746.96,0.45
Mikang,Lowland,Pineapple,5.47,322.7,41.49,82.5,28.95,688.72,0.08
Mikang,Lowland,Pineapple,5.81,262.12,55.22,217.85,23.87,752.27,0.68
Mikang,Lowland,Pineapple,5.92,199.55,54.15,175.2,28.27,1073.12,1.04
Mikang,Lowland,Pineapple,6.41,322.55,56.7,273.46,29.62,671.97,1.25
Mikang,Lowland,Pineapple,6.4,360.28,63.77,137.94,25.2,687.74,0.56
Mikang,Lowland,Pineapple,7.35,269.29,41.43,187.58,27.29,667.99,0.85
Mikang,Lowland,Pineapple,5.83,296.43,66.94,197.31,23.95,1120.83,0.21
Mikang,Lowland,Onion,6.8,59.93,44.86,74.26,20.01,526.9,1.74
Mikang,Lowland,Onion,6.69,104.25,56.25,93.91,20.1,262.5,1.33
Mikang,Lowland,Onion,7.28,67.51,40.5,69.74,24.53,566.06,1.77
Mikang,Lowland,Onion,6.83,112.27,47.8,69.91,25.0,263.98,1.47
Mikang,Lowland,Onion,7.38,78.77,46.76,90.73,21.21,405.07,1.21
Mikang,Lowland,Onion,7.36,80.14,36.61,71.85,23.94,262.5,0.68
Mikang,Lowland,Onion,8.24,91.91,35.5,87.65,18.22,262.5,1.34
Mikang,Lowland,Onion,6.45,87.85,44.08,74.33,15.54,353.06,1.39
Mikang,Lowland,Onion,6.05,50.02,27.78,86.67,14.69,446.71,1.36
Mikang,Lowland,Onion,6.73,50.92,30.96,87.39,24.15,262.5,1.75
Mikang,Lowland,Onion,7.29,85.32,31.64,59.57,25.0,370.8,1.85
Mikang,Lowland,Onion,7.02,74.91,47.05,100.0,18.63,456.51,1.26
Mikang,Lowland,Onion,6.02,51.12,34.97,78.52,23.05,262.5,1.5
Mikang,Lowland,Onion,6.81,85.56,47.1,100.0,21.38,262.5,1.06
Mikang,Lowland,Onion,7.39,106.14,48.0,61.03,16.53,418.71,0.52
Mikang,Lowland,Onion,7.29,101.67,34.79,69.14,21.08,278.34,0.43
Mikang,Lowland,Onion,6.86,87.0,56.1,55.48,23.6,262.5,0.45
Mikang,Lowland,Onion,6.7,63.52,24.41,100.0,19.19,619.38,0.63
Mikang,Lowland,Onion,5.86,115.63,31.77,74.27,16.56,345.56,0.44
Mikang,Lowland,Onion,6.84,74.42,42.92,84.2,21.2,402.57,1.1
Mikang,Lowland,Onion,6.62,96.46,38.94,69.94,21.66,262.5,1.91
Mikang,Lowland,Onion,6.73,88.38,39.72,84.75,21.49,344.18,1.92
Mikang,Lowland,Onion,4.98,114.49,50.97,33.97,23.2,473.36,1.45
Mikang,Lowland,Onion,5.95,101.42,51.98,59.76,21.78,308.83,1.62
Mikang,Lowland,Onion,6.69,71.94,39.78,44.06,20.1,392.2,1.61
Mikang,Lowland,Onion,7.03,52.04,56.0,100.0,20.83,262.5,0.88
Mikang,Lowland,Onion,6.76,91.99,36.69,53.92,23.47,379.99,0.6
Mikang,Lowland,Onion,7.05,89.26,31.87,95.82,20.89,324.75,1.11
Mikang,Lowland,Onion,7.15,83.8,39.3,93.19,16.38,262.5,1.56
Mikang,Lowland,Onion,8.32,105.94,56.25,62.57,18.65,403.21,1.66
Mikang,Lowland,Onion,6.1,80.5,39.93,57.58,18.87,448.26,1.4
Mikang,Lowland,Onion,7.36,93.35,30.06,80.07,17.73,313.67,0.61
Mikang,Lowland,Onion,6.52,87.59,34.91,53.41,23.81,336.06,0.88
Mikang,Lowland,Onion,6.24,45.0,37.65,43.31,22.57,353.44,1.97
Mikang,Lowland,Onion,7.01,68.52,18.75,87.89,16.73,302.43,2.03
Mikang,Lowland,Onion,7.24,94.58,51.25,89.94,25.0,279.82,0.96
Mikang,Lowland,Onion,6.33,84.72,38.7,35.62,18.6,517.73,1.28
Mikang,Lowland,Onion,7.31,82.67,18.75,68.81,23.53,262.5,1.55
Mikang,Lowland,Onion,5.87,85.95,46.59,65.07,25.0,292.52,0.85
Mikang,Lowland,Onion,7.0,67.86,23.44,49.04,22.7,314.46,2.05
Mikang,Lowland,Onion,6.62,102.07,46.19,62.13,17.95,262.5,1.45
Mikang,Lowland,Onion,7.59,48.36,35.92,57.83,22.1,311.7,1.85
Mikang,Lowland,Onion,6.65,56.62,34.78,64.12,22.03,306.47,1.39
Mikang,Lowland,Onion,6.41,78.6,31.09,54.16,24.2,266.65,0.97
Mikang,Lowland,Onion,7.5,102.99,56.25,81.29,18.76,589.76,1.46
Mikang,Lowland,Onion,6.79,86.82,42.33,66.6,16.5,539.59,1.14
Mikang,Lowland,Onion,6.99,125.0,32.28,84.81,18.2,387.42,1.26
Mikang,Lowland,Onion,7.35,113.69,33.49,100.0,24.82,320.86,1.15
Mikang,Lowland,Onion,6.59,78.35,26.21,87.3,14.54,268.75,1.13
Mikang,Lowland,Onion,7.65,72.75,45.23,69.78,23.25,393.77,1.59
Mangu,Highland,Irish-potato,4.17,61.11,56.7,124.29,12.11,655.52,1.33
Mangu,Highland,Irish-potato,5.25,72.77,30.24,225.0,7.5,520.81,1.02
Mangu,Highland,Irish-potato,5.93,89.97,50.75,103.96,12.44,398.72,0.29
Mangu,Highland,Irish-potato,5.23,81.43,66.33,141.84,7.5,750.0,0.22
Mangu,Highland,Irish-potato,4.13,89.61,67.88,122.26,8.76,628.47,0.57
Mangu,Highland,Irish-potato,4.24,104.18,30.0,90.0,19.49,618.23,0.77
Mangu,Highland,Irish-potato,3.99,128.02,40.94,90.0,10.02,550.75,0.59
Mangu,Highland,Irish-potato,4.45,74.03,37.3,134.25,7.5,300.0,0.73
Mangu,Highland,Irish-potato,4.71,127.38,45.8,90.0,7.5,444.22,0.9
Mangu,Highland,Irish-potato,5.78,98.5,30.0,103.7,9.03,528.95,1.27
Mangu,Highland,Irish-potato,5.58,90.57,53.48,108.02,7.5,750.0,0.22
Mangu,Highland,Irish-potato,3.14,150.0,50.56,90.79,14.39,735.28,0.22
Mangu,Highland,Irish-potato,4.19,127.27,35.98,164.71,16.99,300.0,0.5
Mangu,Highland,Irish-potato,4.83,60.0,41.01,204.73,9.53,340.24,1.27
Mangu,Highland,Irish-potato,4.97,94.19,48.55,203.88,13.03,712.98,0.32
Mangu,Highland,Irish-potato,3.07,118.37,69.54,138.11,15.11,541.34,0.63
Mangu,Highland,Irish-potato,6.03,86.4,44.14,90.0,14.42,475.78,0.76
Mangu,Highland,Irish-potato,4.36,81.0,48.21,147.75,16.12,750.0,1.02
Mangu,Highland,Irish-potato,5.64,126.5,58.93,225.0,7.5,480.22,0.25
Mangu,Highland,Irish-potato,4.37,120.61,30.76,176.29,9.95,539.26,0.78
Mangu,Highland,Irish-potato,5.97,71.67,48.87,93.29,9.47,409.72,0.81
Mangu,Highland,Irish-potato,4.96,120.65,37.09,176.56,12.4,589.89,0.22
Mangu,Highland,Irish-potato,4.74,103.08,52.05,170.9,14.43,407.85,0.57
Mangu,Highland,Irish-potato,5.03,87.21,67.06,154.63,7.5,746.9,0.62
Mangu,Highland,Irish-potato,3.19,87.77,30.0,189.44,11.87,438.34,1.11
Mangu,Highland,Irish-potato,4.98,88.35,30.0,105.67,9.0,730.64,0.22
Mangu,Highland,Irish-potato,4.58,87.84,68.4,162.12,13.87,508.06,0.22
Mangu,Highland,Irish-potato,4.35,123.8,63.83,127.29,8.99,415.08,0.61
Mangu,Highland,Irish-potato,4.72,148.16,52.43,182.12,9.27,607.3,0.75
Mangu,Highland,Irish-potato,4.5,95.84,52.48,175.15,16.09,300.0,1.26
Mangu,Highland,Irish-potato,3.24,107.41,75.0,147.66,12.63,545.7,1.03
Mangu,Highland,Irish-potato,4.91,72.94,48.27,91.18,11.58,526.61,0.75
Mangu,Highland,Irish-potato,4.04,89.1,50.43,154.01,12.96,569.52,0.27
Mangu,Highland,Irish-potato,4.68,90.34,68.21,210.31,7.5,708.0,1.11
Mangu,Highland,Irish-potato,3.53,116.88,65.95,100.04,11.17,632.61,0.98
Mangu,Highland,Irish-potato,3.82,137.1,30.0,219.39,13.93,491.19,1.13
Mangu,Highland,Irish-potato,3.77,100.63,54.45,162.29,9.06,513.19,0.75
Mangu,Highland,Irish-potato,4.03,106.1,39.53,202.4,17.47,547.94,1.16
Mangu,Highland,Irish-potato,4.44,63.83,42.82,154.39,7.5,709.49,0.72
Mangu,Highland,Irish-potato,5.42,117.89,52.37,131.22,17.33,750.0,0.5
Mangu,Highland,Irish-potato,5.45,71.87,39.99,129.62,14.4,411.89,1.49
Mangu,Highland,Irish-potato,5.37,119.76,45.13,193.44,7.5,677.16,0.76
Mangu,Highland,Irish-potato,3.1,110.82,60.61,90.0,7.85,750.0,0.58
Mangu,Highland,Irish-potato,5.4,136.04,57.17,203.3,7.5,559.66,0.22
Mangu,Highland,Irish-potato,3.21,77.49,38.63,152.07,11.93,623.4,0.77
Mangu,Highland,Irish-potato,4.88,63.04,37.59,147.96,11.93,410.66,1.25
Mangu,Highland,Irish-potato,5.2,66.51,46.63,225.0,12.56,669.25,0.36
Mangu,Highland,Irish-potato,4.36,149.5,52.26,146.17,12.03,750.0,0.7
Mangu,Highland,Irish-potato,3.95,73.67,63.94,90.0,13.58,473.33,0.22
Mangu,Highland,Irish-potato,3.83,97.57,74.69,197.85,10.97,750.0,0.49
Mangu,Highland,Tomato,4.24,122.22,48.75,236.74,21.8,497.44,0.98
Mangu,Highland,Tomato,6.09,147.03,55.09,227.8,13.5,690.58,1.62
Mangu,Highland,Tomato,5.16,157.15,48.75,251.08,24.39,640.3,0.74
Mangu,Highland,Tomato,6.3,104.0,137.5,172.59,23.89,513.61,2.0
Mangu,Highland,Tomato,8.26,132.86,95.3,155.37,14.1,634.72,1.9
Mangu,Highland,Tomato,5.3,185.98,71.76,210.57,19.45,588.17,0.38
Mangu,Highland,Tomato,5.22,127.42,85.25,229.51,21.6,572.02,0.38
Mangu,Highland,Tomato,7.72,82.08,72.15,160.33,21.56,750.0,0.76
Mangu,Highland,Tomato,6.2,134.1,135.13,120.0,21.55,643.88,0.62
Mangu,Highland,Tomato,6.31,143.2,103.08,300.0,19.02,603.14,0.75
Mangu,Highland,Tomato,6.57,120.67,88.12,200.73,17.95,529.06,1.17
Mangu,Highland,Tomato,5.61,139.5,90.68,181.9,24.91,588.08,1.32
Mangu,Highland,Tomato,5.13,75.0,72.89,120.0,17.53,750.0,0.38
Mangu,Highland,Tomato,3.75,165.34,75.3,199.16,21.73,660.98,1.4
Mangu,Highland,Tomato,6.97,75.0,50.65,254.41,15.3,521.6,0.38
Mangu,Highland,Tomato,5.47,111.42,63.17,150.88,19.8,505.87,0.45
Mangu,Highland,Tomato,3.75,178.11,112.5,176.86,14.82,601.27,0.87
Mangu,Highland,Tomato,4.46,75.0,73.96,127.12,19.2,620.76,0.38
Mangu,Highland,Tomato,5.32,173.0,108.12,178.84,27.89,460.5,0.38
Mangu,Highland,Tomato,5.81,76.97,134.77,208.42,15.27,652.19,0.98
Mangu,Highland,Tomato,5.58,86.37,50.07,300.0,13.5,750.0,0.38
Mangu,Highland,Tomato,6.85,135.17,105.24,233.97,13.5,521.17,0.38
Mangu,Highland,Tomato,6.15,83.02,48.75,188.84,13.5,630.16,0.38
Mangu,Highland,Tomato,4.96,75.0,131.09,131.8,17.01,391.17,0.38
Mangu,Highland,Tomato,7.96,130.28,68.78,198.31,16.2,589.23,1.4
Mangu,Highland,Tomato,5.55,128.02,93.98,184.71,15.49,538.79,1.37
Mangu,Highland,Tomato,6.84,88.43,80.92,164.85,21.78,545.08,2.42
Mangu,Highland,Tomato,6.19,156.06,61.14,200.44,21.02,479.57,0.89
Mangu,Highland,Tomato,7.15,112.06,65.42,283.82,13.7,618.17,0.38
Mangu,Highland,Tomato,4.85,143.23,82.38,218.79,13.5,658.64,0.38
Mangu,Highland,Tomato,3.76,176.55,103.55,210.48,23.62,628.85,0.38
Mangu,Highland,Tomato,5.73,101.83,74.64,141.35,14.53,704.26,1.11
Mangu,Highland,Tomato,5.35,91.63,77.13,121.51,19.02,710.19,2.5
Mangu,Highland,Tomato,4.66,147.95,69.21,147.37,13.88,616.4,0.38
Mangu,Highland,Tomato,5.23,108.76,68.35,162.07,13.5,610.13,0.93
Mangu,Highland,Tomato,5.01,132.11,124.44,200.99,23.95,750.0,2.5
Mangu,Highland,Tomato,4.56,87.11,76.11,205.89,25.0,673.1,0.38
Mangu,Highland,Tomato,5.23,120.38,48.75,200.53,13.63,407.61,0.38
Mangu,Highland,Tomato,6.41,133.39,90.31,246.06,22.13,623.82,0.93
Mangu,Highland,Tomato,6.08,117.3,48.75,252.75,20.13,458.24,1.88
Mangu,Highland,Tomato,5.25,118.46,114.64,210.14,23.97,558.96,2.06
Mangu,Highland,Tomato,5.04,160.02,48.75,148.68,19.72,553.33,0.83
Mangu,Highland,Tomato,5.98,86.88,58.48,210.7,15.77,750.0,0.75
Mangu,Highland,Tomato,6.76,134.51,71.99,120.0,23.35,485.91,0.6
Mangu,Highland,Tomato,5.76,120.12,113.03,200.17,17.98,718.7,1.3
Mangu,Highland,Tomato,5.09,88.16,66.15,197.61,13.5,610.58,0.79
Mangu,Highland,Tomato,3.75,80.61,48.75,183.89,22.9,379.64,0.38
Mangu,Highland,Tomato,5.75,90.59,59.72,225.11,16.47,426.72,0.38
Mangu,Highland,Tomato,8.49,154.5,75.92,203.99,16.5,659.49,0.38
Mangu,Highland,Tomato,5.31,134.88,125.94,234.41,23.55,563.59,0.44
Mangu,Highland,Groundnut,5.28,12.03,33.31,29.77,19.28,844.92,0.7
Mangu,Highland,Groundnut,7.22,7.5,17.44,42.92,21.83,633.67,0.3
Mangu,Highland,Groundnut,6.43,17.47,25.43,39.31,23.64,597.63,0.17
Mangu,Highland,Groundnut,6.17,7.5,20.27,45.64,21.89,610.67,1.15
Mangu,Highland,Groundnut,5.88,7.5,45.72,38.18,21.54,796.96,0.58
Mangu,Highland,Groundnut,5.73,7.5,19.49,41.89,20.5,753.62,0.54
Mangu,Highland,Groundnut,5.43,9.23,33.01,25.51,20.73,745.66,0.5
Mangu,Highland,Groundnut,7.06,13.85,13.82,28.22,22.07,855.99,0.31
Mangu,Highland,Groundnut,5.4,14.18,16.75,21.15,22.07,813.39,0.28
Mangu,Highland,Groundnut,6.73,15.59,39.33,25.99,18.08,585.23,0.76
Mangu,Highland,Groundnut,6.83,7.5,50.0,22.98,25.5,875.0,0.52
Mangu,Highland,Groundnut,5.98,7.5,23.95,41.85,17.8,485.69,0.61
Mangu,Highland,Groundnut,6.78,23.11,11.25,31.22,26.07,714.09,0.41
Mangu,Highland,Groundnut,6.9,8.1,40.2,21.43,16.68,668.11,0.15
Mangu,Highland,Groundnut,6.49,7.5,31.9,34.02,21.76,750.86,0.55
Mangu,Highland,Groundnut,6.26,22.31,33.51,39.15,25.76,777.87,1.2
Mangu,Highland,Groundnut,6.53,11.56,18.29,30.15,19.44,778.93,0.16
Mangu,Highland,Groundnut,6.48,14.87,29.97,24.56,24.45,690.05,0.15
Mangu,Highland,Groundnut,5.85,19.79,49.44,37.0,24.74,609.29,0.39
Mangu,Highland,Groundnut,7.17,14.09,28.72,30.76,26.11,830.77,0.71
Mangu,Highland,Groundnut,6.47,9.52,37.89,22.75,18.87,530.88,0.91
Mangu,Highland,Groundnut,6.01,13.96,25.94,50.0,23.55,482.97,0.89
Mangu,Highland,Groundnut,6.2,10.43,17.96,34.11,22.64,624.77,0.3
Mangu,Highland,Groundnut,6.5,7.5,11.25,47.01,23.15,638.82,0.15
Mangu,Highland,Groundnut,6.4,17.36,50.0,48.95,18.9,642.21,0.15
Mangu,Highland,Groundnut,5.93,10.36,22.42,50.0,17.4,694.74,0.15
Mangu,Highland,Groundnut,6.63,7.5,43.87,29.85,17.09,454.93,0.15
Mangu,Highland,Groundnut,6.58,14.07,20.5,40.5,18.02,375.0,0.58
Mangu,Highland,Groundnut,7.2,19.2,11.25,27.63,24.53,626.91,0.52
Mangu,Highland,Groundnut,6.01,7.5,14.69,40.76,22.05,848.24,0.66
Mangu,Highland,Groundnut,7.39,16.38,38.86,31.34,32.53,713.13,0.15
Mangu,Highland,Groundnut,6.59,7.5,42.62,38.75,21.33,596.52,0.53
Mangu,Highland,Groundnut,6.05,16.21,35.89,50.0,20.44,664.64,0.43
Mangu,Highland,Groundnut,6.37,17.61,23.74,49.65,24.04,643.39,0.22
Mangu,Highland,Groundnut,7.05,11.77,27.91,27.16,21.78,625.53,0.96
Mangu,Highland,Groundnut,6.86,10.58,25.01,33.2,21.98,588.47,0.15
Mangu,Highland,Groundnut,5.96,10.85,17.01,39.57,21.2,875.0,0.28
Mangu,Highland,Groundnut,6.52,9.91,34.19,41.72,24.13,463.31,0.65
Mangu,Highland,Groundnut,5.83,9.79,37.83,22.6,26.05,658.81,1.24
Mangu,Highland,Groundnut,6.48,21.57,45.25,27.05,17.44,713.24,0.28
Mangu,Highland,Groundnut,7.37,10.16,23.39,20.18,23.47,563.14,0.63
Mangu,Highland,Groundnut,6.78,7.5,41.74,29.99,16.85,875.0,0.16
Mangu,Highland,Groundnut,6.74,14.09,33.45,35.65,18.6,875.0,0.81
Mangu,Highland,Groundnut,6.72,7.5,13.49,38.15,16.5,739.48,0.15
Mangu,Highland,Groundnut,5.92,7.5,31.37,42.16,23.22,753.36,0.54
Mangu,Highland,Groundnut,6.84,14.33,11.25,40.33,24.8,657.77,0.15
Mangu,Highland,Groundnut,6.58,13.51,21.35,34.03,25.75,875.0,0.53
Mangu,Highland,Groundnut,6.63,7.5,20.46,31.21,26.12,795.45,1.15
Mangu,Highland,Groundnut,5.55,7.5,43.86,45.07,22.12,375.0,0.22
Mangu,Highland,Groundnut,6.63,7.5,30.48,49.01,26.99,794.28,0.46
Mangu,Highland,Pepper,5.75,162.63,38.14,78.96,13.5,754.16,1.61
Mangu,Highland,Pepper,5.22,142.48,43.79,89.76,22.44,1262.94,0.64
Mangu,Highland,Pepper,4.9,95.83,48.43,45.87,14.04,628.46,0.45
Mangu,Highland,Pepper,5.18,172.57,27.31,41.25,16.81,1218.52,0.45
Mangu,Highland,Pepper,7.02,75.0,32.0,66.68,16.55,1000.44,1.62
Mangu,Highland,Pepper,6.15,106.8,44.45,82.84,15.99,1041.03,0.55
Mangu,Highland,Pepper,5.43,164.6,44.3,97.62,22.83,688.7,1.78
Mangu,Highland,Pepper,5.92,169.65,35.95,85.62,21.3,1333.24,0.45
Mangu,Highland,Pepper,4.81,159.11,42.98,57.04,21.41,491.31,2.5
Mangu,Highland,Pepper,7.33,157.09,38.88,61.15,13.5,981.86,0.48
Mangu,Highland,Pepper,5.48,75.0,41.42,67.5,22.31,1198.26,1.24
Mangu,Highland,Pepper,8.51,165.33,19.38,89.44,19.22,516.49,0.45
Mangu,Highland,Pepper,6.58,160.17,22.5,102.86,21.0,1478.29,1.84
Mangu,Highland,Pepper,6.05,198.58,21.37,125.0,14.89,1006.8,0.68
Mangu,Highland,Pepper,5.86,212.5,31.02,99.74,18.26,1380.0,0.7
Mangu,Highland,Pepper,6.41,157.35,27.24,125.0,23.07,939.35,0.59
Mangu,Highland,Pepper,6.27,81.81,62.5,88.72,19.04,1421.48,0.57
Mangu,Highland,Pepper,5.17,126.27,39.64,91.32,13.5,852.03,0.45
Mangu,Highland,Pepper,5.15,160.89,51.8,47.42,17.8,1034.71,1.83
Mangu,Highland,Pepper,7.52,137.87,33.97,41.25,20.07,1562.5,1.98
Mangu,Highland,Pepper,6.34,144.03,27.73,68.02,20.27,1082.1,1.79
Mangu,Highland,Pepper,7.03,152.92,23.19,52.16,14.84,1114.27,0.45
Mangu,Highland,Pepper,6.18,189.29,47.51,68.19,15.83,1330.41,1.29
Mangu,Highland,Pepper,5.97,107.48,38.89,69.44,23.62,1495.47,0.45
Mangu,Highland,Pepper,5.11,186.81,40.19,47.69,24.66,1154.52,2.5
Mangu,Highland,Pepper,5.98,177.0,18.75,114.04,24.46,1562.5,1.86
Mangu,Highland,Pepper,6.1,83.65,28.99,41.25,14.67,1186.42,1.05
Mangu,Highland,Pepper,5.99,99.13,18.75,82.18,21.49,649.15,0.71
Mangu,Highland,Pepper,7.53,179.08,18.75,75.17,27.14,942.97,0.89
Mangu,Highland,Pepper,7.14,172.02,51.42,70.52,22.98,1562.5,1.04
Mangu,Highland,Pepper,5.83,181.97,62.5,125.0,17.53,921.13,0.45
Mangu,Highland,Pepper,6.29,87.62,30.09,95.8,21.55,450.0,2.18
Mangu,Highland,Pepper,5.23,92.25,19.69,60.04,14.79,694.3,0.45
Mangu,Highland,Pepper,6.3,141.11,62.5,90.16,16.89,569.87,1.01
Mangu,Highland,Pepper,6.58,110.99,38.66,125.0,17.48,450.0,1.69
Mangu,Highland,Pepper,6.46,75.0,44.02,51.2,21.82,1562.5,0.96
Mangu,Highland,Pepper,7.13,81.3,18.75,125.0,21.12,1266.33,1.89
Mangu,Highland,Pepper,5.72,165.39,47.6,43.41,27.44,1520.37,0.45
Mangu,Highland,Pepper,6.36,122.14,58.47,41.25,33.75,958.86,1.6
Mangu,Highland,Pepper,7.4,123.58,36.1,64.2,14.85,1128.05,0.98
Mangu,Highland,Pepper,5.74,113.14,46.18,56.46,18.2,1365.64,1.25
Mangu,Highland,Pepper,5.27,130.63,44.15,103.36,15.53,813.29,0.59
Mangu,Highland,Pepper,5.62,148.19,46.45,104.98,19.02,492.31,1.55
Mangu,Highland,Pepper,6.32,134.06,19.04,72.26,13.5,1207.69,0.78
Mangu,Highland,Pepper,5.73,75.0,52.76,70.61,19.96,746.21,0.45
Mangu,Highland,Pepper,5.72,116.39,42.05,68.08,15.73,455.16,1.11
Mangu,Highland,Pepper,5.49,185.69,39.97,92.15,18.19,1101.3,0.46
Mangu,Highland,Pepper,5.15,132.22,46.1,41.25,16.88,1562.5,1.41
Mangu,Highland,Pepper,7.53,105.64,31.09,102.77,22.77,989.22,0.45
Mangu,Highland,Pepper,7.2,212.5,18.75,114.24,17.04,898.6,1.27
Mangu,Highland,Cabbage,5.72,120.52,43.68,123.23,30.0,495.23,0.51
Mangu,Highland,Cabbage,6.36,150.36,61.32,131.0,9.87,570.35,0.15
Mangu,Highland,Cabbage,6.83,86.1,54.91,127.94,7.5,616.26,0.53
Mangu,Highland,Cabbage,7.3,95.28,41.91,114.39,18.79,586.97,0.15
Mangu,Highland,Cabbage,5.47,112.5,62.29,123.05,26.82,513.86,0.15
Mangu,Highland,Cabbage,7.15,127.29,60.24,128.32,24.31,538.39,1.07
Mangu,Highland,Cabbage,6.76,102.49,55.73,125.69,8.22,602.05,0.65
Mangu,Highland,Cabbage,6.66,163.6,60.89,116.15,13.33,530.57,0.71
Mangu,Highland,Cabbage,7.25,103.77,51.76,137.38,9.38,555.13,0.33
Mangu,Highland,Cabbage,5.44,127.38,67.53,113.81,7.5,547.63,0.26
Mangu,Highland,Cabbage,4.88,119.25,62.3,135.51,28.33,585.57,0.97
Mangu,Highland,Cabbage,5.67,168.89,68.86,108.47,19.56,580.67,1.2
Mangu,Highland,Cabbage,6.34,99.85,53.49,130.59,7.5,330.2,0.95
Mangu,Highland,Cabbage,6.6,122.14,46.35,84.97,8.83,565.32,0.33
Mangu,Highland,Cabbage,6.97,93.79,53.23,127.2,10.93,517.09,0.31
Mangu,Highland,Cabbage,5.94,131.93,62.01,118.87,8.98,525.9,1.25
Mangu,Highland,Cabbage,5.59,176.59,58.65,111.74,21.77,395.29,1.16
Mangu,Highland,Cabbage,7.54,153.32,39.38,128.27,27.42,625.0,0.15
Mangu,Highland,Cabbage,7.04,173.95,58.03,89.47,20.76,613.77,0.52
Mangu,Highland,Cabbage,5.73,150.23,51.05,121.85,26.71,423.88,0.96
Mangu,Highland,Cabbage,6.31,116.34,62.27,101.4,7.5,415.11,1.1
Mangu,Highland,Cabbage,6.21,138.22,53.53,94.57,19.32,562.96,0.48
Mangu,Highland,Cabbage,6.61,93.6,67.05,137.51,20.19,513.96,0.6
Mangu,Highland,Cabbage,7.37,158.96,75.22,101.24,7.5,549.41,0.75
Mangu,Highland,Cabbage,6.35,110.24,68.86,113.31,7.5,463.02,0.68
Mangu,Highland,Cabbage,8.22,93.15,55.02,156.98,10.05,571.88,1.37
Mangu,Highland,Cabbage,5.87,112.59,53.54,88.33,26.8,499.02,0.21
Mangu,Highland,Cabbage,6.17,148.68,58.76,101.04,17.34,596.88,0.57
Mangu,Highland,Cabbage,6.3,151.22,56.21,143.04,7.82,485.34,0.2
Mangu,Highland,Cabbage,6.29,121.68,46.17,116.59,18.61,437.42,0.36
Mangu,Highland,Cabbage,6.77,89.84,55.01,133.94,28.64,570.79,0.51
Mangu,Highland,Cabbage,6.14,148.16,67.69,94.66,21.42,497.51,0.22
Mangu,Highland,Cabbage,6.34,150.51,60.48,119.84,16.87,572.74,0.53
Mangu,Highland,Cabbage,6.81,102.37,63.47,129.89,19.7,592.57,0.77
Mangu,Highland,Cabbage,7.13,75.0,65.24,149.47,8.93,488.64,1.12
Mangu,Highland,Cabbage,5.88,102.16,59.26,100.91,21.14,484.64,0.73
Mangu,Highland,Cabbage,6.6,170.11,67.97,105.63,7.5,598.66,0.3
Mangu,Highland,Cabbage,6.24,90.7,63.72,103.58,13.71,538.63,0.66
Mangu,Highland,Cabbage,6.83,114.52,51.29,82.35,14.84,529.01,0.28
Mangu,Highland,Cabbage,6.47,146.56,67.5,88.03,11.06,607.27,1.25
Mangu,Highland,Cabbage,5.95,161.79,45.96,134.99,11.7,625.0,0.38
Mangu,Highland,Cabbage,6.25,117.71,44.32,84.05,18.16,609.19,0.83
Mangu,Highland,Cabbage,5.69,135.6,49.11,122.03,23.23,565.72,1.2
Mangu,Highland,Cabbage,6.35,115.29,58.36,91.4,10.71,517.94,0.46
Mangu,Highland,Cabbage,6.59,78.44,47.75,134.71,7.5,583.15,0.42
Mangu,Highland,Cabbage,6.53,167.03,56.63,125.84,14.48,532.34,0.48
Mangu,Highland,Cabbage,6.85,100.27,47.87,116.2,15.57,412.31,0.57
Mangu,Highland,Cabbage,5.7,139.88,41.99,148.59,11.24,479.45,0.46
Mangu,Highland,Cabbage,6.77,147.56,55.37,89.72,7.5,560.05,0.99
Mangu,Highland,Cabbage,7.1,126.5,66.24,148.36,23.71,604.54,0.24
Mangu,Highland,Maize,7.55,185.05,76.66,109.34,22.67,732.05,0.3
Mangu,Highland,Maize,6.09,177.81,70.13,85.59,25.47,901.44,0.84
Mangu,Highland,Maize,5.46,182.78,100.0,87.4,19.62,843.77,1.3
Mangu,Highland,Maize,7.11,211.63,72.03,110.84,22.07,1000.0,1.72
Mangu,Highland,Maize,7.5,194.61,100.0,105.03,17.05,793.03,0.69
Mangu,Highland,Maize,8.82,208.09,100.0,62.15,26.13,511.21,0.3
Mangu,Highland,Maize,5.98,215.7,47.9,79.5,26.53,898.12,2.43
Mangu,Highland,Maize,6.44,158.73,46.12,71.31,15.86,435.62,2.25
Mangu,Highland,Maize,6.49,247.16,50.59,69.89,17.39,637.87,1.49
Mangu,Highland,Maize,7.09,197.13,88.76,105.75,16.31,658.33,0.96
Mangu,Highland,Maize,9.38,194.12,67.14,95.61,18.19,795.92,1.55
Mangu,Highland,Maize,6.4,149.55,63.91,72.44,15.0,649.98,0.3
Mangu,Highland,Maize,5.01,138.34,81.96,114.66,15.0,1000.0,0.3
Mangu,Highland,Maize,7.3,179.14,76.4,52.68,15.0,609.49,1.18
Mangu,Highland,Maize,8.7,141.58,63.54,62.41,20.92,412.11,1.93
Mangu,Highland,Maize,6.46,198.34,61.21,84.35,26.25,773.05,1.0
Mangu,Highland,Maize,5.52,156.02,47.55,62.67,26.82,1000.0,0.3
Mangu,Highland,Maize,6.89,162.34,89.72,83.04,20.97,619.67,0.3
Mangu,Highland,Maize,7.31,181.89,71.88,65.91,20.32,888.44,1.57
Mangu,Highland,Maize,5.07,153.14,40.95,84.6,25.12,701.22,0.42
Mangu,Highland,Maize,6.05,238.84,86.13,96.96,22.49,747.77,0.3
Mangu,Highland,Maize,5.21,155.05,48.58,65.71,20.53,745.57,0.45
Mangu,Highland,Maize,7.01,166.09,69.03,62.51,24.23,656.4,2.01
Mangu,Highland,Maize,6.17,168.84,75.66,98.85,25.28,1000.0,1.34
Mangu,Highland,Maize,6.36,156.16,62.93,114.54,15.0,606.67,0.73
Mangu,Highland,Maize,5.47,159.69,96.88,72.94,22.92,459.82,0.3
Mangu,Highland,Maize,7.51,220.23,69.15,72.75,23.31,375.0,1.04
Mangu,Highland,Maize,5.23,194.75,37.5,65.23,20.81,616.69,0.62
Mangu,Highland,Maize,7.48,170.89,48.99,101.85,22.17,801.19,0.3
Mangu,Highland,Maize,4.12,145.18,47.64,65.58,17.08,769.72,1.5
Mangu,Highland,Maize,7.68,196.01,49.57,81.27,28.29,472.67,1.82
Mangu,Highland,Maize,5.28,180.17,72.5,84.33,31.37,697.35,0.3
Mangu,Highland,Maize,6.85,166.65,74.98,100.49,20.84,826.35,0.98
Mangu,Highland,Maize,8.5,160.8,53.25,100.46,16.67,818.63,0.76
Mangu,Highland,Maize,6.32,242.66,86.87,103.75,23.47,628.99,1.06
Mangu,Highland,Maize,7.11,177.4,66.93,70.62,22.27,658.03,1.37
Mangu,Highland,Maize,4.12,211.22,42.32,54.98,22.9,844.49,2.33
Mangu,Highland,Maize,6.78,170.42,68.62,117.03,32.29,717.66,1.26
Mangu,Highland,Maize,6.35,168.85,98.16,58.29,15.0,805.55,1.72
Mangu,Highland,Maize,6.69,186.24,78.44,82.49,23.59,844.43,0.3
Mangu,Highland,Maize,6.57,125.75,64.61,68.33,25.81,792.77,1.21
Mangu,Highland,Maize,6.21,202.28,37.5,58.99,26.99,673.76,0.3
Mangu,Highland,Maize,8.11,203.0,77.72,82.1,28.73,970.26,1.96
Mangu,Highland,Maize,7.24,175.18,58.29,50.27,23.34,852.44,0.63
Mangu,Highland,Maize,7.14,161.92,80.45,59.3,16.09,707.9,1.46
Mangu,Highland,Maize,5.1,202.21,37.5,74.14,15.0,375.0,1.14
Mangu,Highland,Maize,6.23,130.87,56.23,90.21,19.29,715.23,0.6
Mangu,Highland,Maize,5.76,154.25,54.34,62.31,16.26,683.55,0.43
Mangu,Highland,Maize,5.2,193.94,86.85,79.89,21.31,628.8,1.63
Mangu,Highland,Maize,8.44,166.83,56.15,87.87,21.6,662.47,1.21
Mangu,Highland,Wheat,8.02,98.69,55.13,18.75,12.03,677.27,3.12
Mangu,Highland,Wheat,6.29,90.53,43.48,33.77,16.43,641.75,0.63
Mangu,Highland,Wheat,9.65,75.0,50.91,51.02,12.33,812.5,0.6
Mangu,Highland,Wheat,8.1,75.0,33.58,20.64,12.32,651.35,0.66
Mangu,Highland,Wheat,4.58,135.12,40.56,43.36,15.0,761.22,1.31
Mangu,Highland,Wheat,8.1,98.99,36.07,57.48,18.44,716.87,0.6
Mangu,Highland,Wheat,5.81,160.32,47.71,36.47,21.3,703.48,0.6
Mangu,Highland,Wheat,6.62,121.76,40.78,55.64,11.72,494.81,1.91
Mangu,Highland,Wheat,6.35,187.5,45.79,29.73,18.02,735.13,1.93
Mangu,Highland,Wheat,6.79,133.86,27.98,56.62,11.25,598.47,0.6
Mangu,Highland,Wheat,6.36,119.44,33.28,18.75,15.1,812.5,1.07
Mangu,Highland,Wheat,8.04,165.46,29.17,30.72,11.25,556.03,2.87
Mangu,Highland,Wheat,7.19,144.6,40.02,19.73,16.47,795.99,1.66
Mangu,Highland,Wheat,7.5,85.6,44.41,57.04,15.68,440.58,2.81
Mangu,Highland,Wheat,5.84,132.91,45.84,53.15,11.25,663.66,1.42
Mangu,Highland,Wheat,8.6,134.98,48.74,45.28,14.28,672.59,2.71
Mangu,Highland,Wheat,5.44,148.02,36.61,25.1,17.47,547.08,1.71
Mangu,Highland,Wheat,6.37,75.0,43.07,39.24,11.25,568.58,0.6
Mangu,Highland,Wheat,7.78,162.07,45.24,51.83,13.0,713.74,1.37
Mangu,Highland,Wheat,7.15,149.52,47.14,31.71,11.25,628.16,1.19
Mangu,Highland,Wheat,7.26,145.89,29.08,27.6,11.7,795.79,1.2
Mangu,Highland,Wheat,6.34,137.3,36.81,37.17,19.77,812.5,1.02
Mangu,Highland,Wheat,6.72,103.56,29.02,52.52,21.53,598.32,0.66
Mangu,Highland,Wheat,6.62,124.08,33.64,30.71,17.45,664.85,2.49
Mangu,Highland,Wheat,7.36,89.86,36.91,41.02,11.25,504.04,0.6
Mangu,Highland,Wheat,7.53,110.93,47.19,24.31,11.25,634.77,2.82
Mangu,Highland,Wheat,6.97,81.6,30.78,54.88,12.15,812.5,1.95
Mangu,Highland,Wheat,6.05,155.63,34.87,18.75,11.98,739.6,2.38
Mangu,Highland,Wheat,6.48,75.0,31.17,21.81,11.25,680.94,3.08
Mangu,Highland,Wheat,7.85,88.71,36.22,30.11,15.63,812.5,0.97
Mangu,Highland,Wheat,8.71,182.94,38.23,31.91,13.45,657.28,1.07
Mangu,Highland,Wheat,7.96,76.45,37.15,42.2,17.03,812.5,0.6
Mangu,Highland,Wheat,6.18,75.0,33.79,18.75,12.99,623.38,1.79
Mangu,Highland,Wheat,6.59,135.3,40.94,22.32,11.25,718.03,2.82
Mangu,Highland,Wheat,9.86,148.88,48.79,44.13,15.38,662.94,1.29
Mangu,Highland,Wheat,7.64,106.43,39.41,20.2,15.88,538.22,1.41
Mangu,Highland,Wheat,7.51,138.68,44.78,34.28,15.91,593.28,0.6
Mangu,Highland,Wheat,7.55,130.31,46.2,37.03,11.25,639.32,2.16
Mangu,Highland,Wheat,7.48,117.32,30.55,22.42,15.89,455.93,1.1
Mangu,Highland,Wheat,6.98,155.13,43.87,51.45,15.38,551.47,0.84
Mangu,Highland,Wheat,5.86,138.83,36.22,31.65,14.57,812.5,1.95
Mangu,Highland,Wheat,6.04,126.03,49.93,46.38,11.25,543.33,0.6
Mangu,Highland,Wheat,8.6,158.23,36.62,27.96,14.63,658.7,0.6
Mangu,Highland,Wheat,6.65,79.22,47.71,18.75,11.25,700.7,0.6
Mangu,Highland,Wheat,6.36,123.44,44.22,34.17,19.67,649.95,2.42
Mangu,Highland,Wheat,7.26,183.74,46.46,38.03,16.33,619.6,1.14
Mangu,Highland,Wheat,5.43,98.04,52.32,19.82,12.6,639.08,1.33
Mangu,Highland,Wheat,7.38,107.93,42.88,54.07,18.18,618.82,1.91
Mangu,Highland,Wheat,5.61,100.56,33.41,36.73,12.0,472.76,1.04
Mangu,Highland,Wheat,4.94,160.3,37.02,51.78,13.07,510.73,2.41
Mangu,Highland,Pineapple,5.54,338.87,49.84,136.4,23.36,1127.06,0.43
Mangu,Highland,Pineapple,8.12,250.11,40.48,100.68,20.36,1215.79,0.31
Mangu,Highland,Pineapple,7.24,279.39,67.9,189.69,21.89,1081.72,0.18
Mangu,Highland,Pineapple,4.79,275.92,77.9,82.5,16.5,903.84,0.74
Mangu,Highland,Pineapple,5.49,213.72,56.2,82.5,22.47,895.91,0.35
Mangu,Highland,Pineapple,5.93,270.03,48.97,231.1,22.87,639.5,0.3
Mangu,Highland,Pineapple,4.19,209.68,61.51,138.04,20.67,832.81,0.51
Mangu,Highland,Pineapple,6.22,350.48,53.16,82.5,19.82,1098.24,0.11
Mangu,Highland,Pineapple,3.72,230.82,49.06,95.55,21.51,936.17,0.66
Mangu,Highland,Pineapple,4.92,284.46,49.54,92.54,19.73,666.8,1.01
Mangu,Highland,Pineapple,5.6,229.03,50.87,82.5,24.36,1183.9,0.42
Mangu,Highland,Pineapple,5.8,209.69,41.35,82.5,20.62,1135.68,0.25
Mangu,Highland,Pineapple,5.84,301.69,36.35,275.0,23.71,1039.93,0.7
Mangu,Highland,Pineapple,6.56,273.59,71.92,135.9,22.08,1181.29,0.08
Mangu,Highland,Pineapple,5.94,291.28,35.36,182.95,19.14,1019.44,0.35
Mangu,Highland,Pineapple,4.34,307.04,50.4,182.19,24.08,789.58,0.38
Mangu,Highland,Pineapple,4.86,250.46,80.4,194.15,21.74,1041.72,0.53
Mangu,Highland,Pineapple,3.38,355.66,38.21,275.0,22.45,981.64,0.27
Mangu,Highland,Pineapple,8.12,286.36,55.48,130.61,19.46,958.86,0.08
Mangu,Highland,Pineapple,6.22,235.16,66.99,227.83,20.87,1051.55,0.6
Mangu,Highland,Pineapple,3.75,332.52,52.29,209.45,22.7,525.0,0.15
Mangu,Highland,Pineapple,6.41,264.15,63.3,170.81,23.88,969.96,0.88
Mangu,Highland,Pineapple,4.3,256.38,48.36,189.79,20.35,909.84,0.13
Mangu,Highland,Pineapple,4.9,261.18,33.75,82.5,21.14,525.0,0.31
Mangu,Highland,Pineapple,5.0,283.8,47.44,265.42,22.99,685.35,0.28
Mangu,Highland,Pineapple,7.2,233.04,54.66,254.83,19.73,1146.52,0.08
Mangu,Highland,Pineapple,3.38,311.91,60.39,197.21,18.44,772.66,0.78
Mangu,Highland,Pineapple,5.72,256.79,57.85,261.52,22.7,866.94,0.08
Mangu,Highland,Pineapple,6.11,223.77,41.49,249.17,23.05,1017.5,0.08
Mangu,Highland,Pineapple,7.5,303.74,51.73,131.89,21.18,866.28,1.15
Mangu,Highland,Pineapple,4.99,217.87,73.79,128.45,22.84,1068.19,0.36
Mangu,Highland,Pineapple,4.31,259.63,41.64,163.38,22.81,1250.0,0.08
Mangu,Highland,Pineapple,5.15,240.11,58.46,82.5,18.82,653.9,0.08
Mangu,Highland,Pineapple,4.67,330.03,59.33,169.06,24.16,1017.13,0.55
Mangu,Highland,Pineapple,4.89,235.5,39.99,126.4,20.34,1010.33,0.37
Mangu,Highland,Pineapple,5.01,224.27,59.93,133.01,21.83,615.18,0.5
Mangu,Highland,Pineapple,6.3,286.97,52.98,223.52,18.01,934.39,0.31
Mangu,Highland,Pineapple,6.63,178.86,42.94,275.0,16.5,1092.52,0.13
Mangu,Highland,Pineapple,5.73,319.5,58.69,256.78,19.85,886.97,0.65
Mangu,Highland,Pineapple,4.93,286.06,69.07,220.51,17.3,890.26,0.48
Mangu,Highland,Pineapple,5.15,264.85,58.71,131.17,20.55,743.32,0.21
Mangu,Highland,Pineapple,3.67,266.37,53.02,106.24,25.19,907.05,0.48
Mangu,Highland,Pineapple,4.7,244.64,59.06,143.62,21.01,1091.19,0.2
Mangu,Highland,Pineapple,3.9,199.1,72.04,224.54,22.54,873.69,0.08
Mangu,Highland,Pineapple,5.11,257.78,42.09,82.5,16.94,1065.04,0.08
Mangu,Highland,Pineapple,5.79,245.31,62.15,186.41,20.46,972.83,0.34
Mangu,Highland,Pineapple,4.72,301.74,50.34,159.33,17.68,997.96,0.17
Mangu,Highland,Pineapple,4.88,227.22,53.83,82.5,22.6,943.23,0.22
Mangu,Highland,Pineapple,3.65,279.34,47.88,248.55,22.14,1218.56,0.43
Mangu,Highland,Pineapple,6.68,280.55,50.02,176.89,19.04,1250.0,0.34
Mangu,Highland,Onion,6.45,85.71,22.61,89.36,11.52,404.14,0.69
Mangu,Highland,Onion,5.67,113.07,32.59,33.75,15.08,614.51,0.56
Mangu,Highland,Onion,5.63,74.19,29.66,42.49,11.41,568.21,1.25
Mangu,Highland,Onion,6.71,45.0,42.45,78.16,18.55,439.29,0.75
Mangu,Highland,Onion,6.77,64.29,41.71,61.91,12.04,461.28,1.44
Mangu,Highland,Onion,5.84,49.34,39.29,61.77,11.25,489.46,0.35
Mangu,Highland,Onion,6.05,125.0,31.75,44.41,20.37,653.53,1.16
Mangu,Highland,Onion,5.94,104.42,44.79,65.4,11.25,547.68,1.69
Mangu,Highland,Onion,6.57,67.81,32.61,59.15,12.18,545.19,1.54
Mangu,Highland,Onion,7.23,58.99,50.14,77.93,16.34,600.34,0.3
Mangu,Highland,Onion,6.19,96.05,21.21,41.16,15.39,457.98,1.21
Mangu,Highland,Onion,5.99,82.31,39.1,52.56,13.8,470.74,0.77
Mangu,Highland,Onion,5.86,71.39,44.0,39.2,13.09,610.4,0.3
Mangu,Highland,Onion,7.54,101.0,18.75,33.75,14.59,419.44,1.28
Mangu,Highland,Onion,6.67,79.48,28.63,95.04,16.69,620.3,1.41
Mangu,Highland,Onion,5.83,106.6,32.19,69.23,14.05,331.13,1.28
Mangu,Highland,Onion,5.35,54.04,30.0,33.75,11.3,578.53,0.6
Mangu,Highland,Onion,6.28,55.24,35.81,55.76,11.25,526.58,0.3
Mangu,Highland,Onion,6.97,67.46,56.25,82.13,14.12,617.54,0.3
Mangu,Highland,Onion,7.01,57.45,36.32,47.55,12.7,528.89,0.82
Mangu,Highland,Onion,6.42,76.56,18.75,100.0,15.17,601.0,0.6
Mangu,Highland,Onion,5.91,80.13,38.65,88.96,20.54,687.5,0.3
Mangu,Highland,Onion,6.16,84.44,30.61,61.5,11.25,656.55,0.3
Mangu,Highland,Onion,5.5,52.92,34.14,33.75,11.42,683.91,0.72
Mangu,Highland,Onion,6.69,47.74,34.65,59.62,12.19,544.05,0.3
Mangu,Highland,Onion,6.7,67.28,32.28,79.78,15.76,512.9,0.3
Mangu,Highland,Onion,7.23,45.32,42.61,33.75,17.17,667.79,0.3
Mangu,Highland,Onion,6.7,85.16,43.47,69.85,11.7,524.68,1.65
Mangu,Highland,Onion,5.78,84.14,48.69,42.18,11.25,402.44,0.99
Mangu,Highland,Onion,5.68,73.44,51.26,61.35,12.24,564.62,0.74
Mangu,Highland,Onion,6.7,114.4,39.9,100.0,15.82,460.57,1.98
Mangu,Highland,Onion,6.36,51.98,56.25,47.44,12.26,485.73,0.87
Mangu,Highland,Onion,6.99,45.0,46.07,51.08,13.3,687.5,0.89
Mangu,Highland,Onion,6.7,75.47,44.17,95.41,11.25,676.41,1.59
Mangu,Highland,Onion,6.73,60.79,21.84,100.0,11.87,687.5,0.98
Mangu,Highland,Onion,7.65,69.17,18.75,62.44,11.25,687.5,1.11
Mangu,Highland,Onion,6.9,94.78,27.19,59.7,14.82,687.5,0.3
Mangu,Highland,Onion,6.0,68.13,27.42,33.75,11.25,337.08,1.36
Mangu,Highland,Onion,6.43,96.11,28.48,60.39,19.19,687.5,1.27
Mangu,Highland,Onion,6.56,88.7,39.59,58.99,13.33,680.81,0.3
Mangu,Highland,Onion,7.32,70.17,19.96,51.27,11.96,482.91,0.47
Mangu,Highland,Onion,6.06,69.41,34.52,77.98,13.79,588.0,0.78
Mangu,Highland,Onion,6.76,77.69,27.74,43.66,15.11,687.5,0.66
Mangu,Highland,Onion,6.02,70.62,28.73,48.79,11.25,521.51,0.9
Mangu,Highland,Onion,5.79,56.1,24.22,34.1,11.72,526.94,0.3
Mangu,Highland,Onion,6.35,60.18,24.45,70.09,12.64,495.22,1.46
Mangu,Highland,Onion,5.89,113.16,31.22,39.21,12.89,558.02,1.44
Mangu,Highland,Onion,6.91,78.1,49.96,33.75,15.22,586.12,0.95
Mangu,Highland,Onion,5.48,52.86,33.33,85.14,20.06,472.56,0.3
Mangu,Highland,Onion,6.92,125.0,48.18,47.12,22.81,630.05,0.36
Wase,Lowland,Irish-potato,6.7,69.67,40.48,187.05,17.91,406.48,1.12
Wase,Lowland,Irish-potato,6.09,60.0,56.33,133.67,15.37,300.0,0.22
Wase,Lowland,Irish-potato,4.55,145.29,65.91,138.86,13.06,543.83,1.79
Wase,Lowland,Irish-potato,6.02,66.22,36.22,225.0,13.77,483.69,0.22
Wase,Lowland,Irish-potato,4.95,120.6,50.83,176.41,13.71,300.0,1.35
Wase,Lowland,Irish-potato,5.75,107.82,67.93,90.0,16.37,718.97,1.77
Wase,Lowland,Irish-potato,5.7,94.69,69.46,171.43,12.69,574.26,0.64
Wase,Lowland,Irish-potato,5.8,60.0,75.0,134.47,14.12,300.0,0.92
Wase,Lowland,Irish-potato,5.19,146.26,52.58,90.0,13.7,750.0,1.17
Wase,Lowland,Irish-potato,5.96,89.33,33.77,123.64,18.45,319.46,1.88
Wase,Lowland,Irish-potato,4.69,63.2,65.51,197.83,18.1,300.0,0.22
Wase,Lowland,Irish-potato,6.17,130.52,43.65,152.03,17.21,685.03,0.55
Wase,Lowland,Irish-potato,4.69,75.04,56.78,151.85,18.7,300.0,1.88
Wase,Lowland,Irish-potato,4.83,141.69,75.0,103.05,19.2,376.97,1.88
Wase,Lowland,Irish-potato,4.97,108.83,55.32,143.63,20.64,416.34,1.35
Wase,Lowland,Irish-potato,5.36,78.96,46.64,178.06,19.93,617.88,1.88
Wase,Lowland,Irish-potato,4.77,104.84,47.97,90.77,19.98,536.12,0.53
Wase,Lowland,Irish-potato,4.89,83.6,30.0,146.99,13.99,427.82,1.24
Wase,Lowland,Irish-potato,5.51,115.57,75.0,106.45,15.35,514.65,1.03
Wase,Lowland,Irish-potato,6.1,119.78,75.0,144.11,12.81,459.62,1.06
Wase,Lowland,Irish-potato,5.62,123.32,42.0,95.93,17.49,300.0,1.14
Wase,Lowland,Irish-potato,4.86,130.28,30.0,149.24,23.52,518.2,1.61
Wase,Lowland,Irish-potato,5.46,60.0,54.27,170.35,14.23,377.85,0.22
Wase,Lowland,Irish-potato,4.92,84.85,75.0,117.24,17.07,386.13,0.79
Wase,Lowland,Irish-potato,5.77,60.0,71.24,148.28,22.56,300.0,0.22
Wase,Lowland,Irish-potato,4.96,117.83,41.64,179.56,21.43,516.55,1.15
Wase,Lowland,Irish-potato,5.27,78.61,50.38,95.13,15.25,490.01,0.85
Wase,Lowland,Irish-potato,4.6,115.85,58.0,137.6,17.48,472.79,1.61
Wase,Lowland,Irish-potato,5.35,60.0,47.48,127.53,14.31,487.14,1.4
Wase,Lowland,Irish-potato,5.78,65.44,54.11,148.58,19.08,422.7,1.09
Wase,Lowland,Irish-potato,5.08,138.86,36.27,139.81,21.78,300.0,0.7
Wase,Lowland,Irish-potato,5.78,60.0,62.91,123.2,19.44,300.0,1.72
Wase,Lowland,Irish-potato,4.21,125.5,30.78,225.0,17.75,741.4,0.67
Wase,Lowland,Irish-potato,4.83,142.5,30.0,112.19,19.73,300.0,1.37
Wase,Lowland,Irish-potato,5.33,60.0,68.29,90.0,20.7,422.48,0.86
Wase,Lowland,Irish-potato,4.3,111.65,36.08,212.32,22.36,687.36,1.25
Wase,Lowland,Irish-potato,4.87,89.73,44.88,161.92,19.53,615.52,1.11
Wase,Lowland,Irish-potato,4.06,85.86,75.0,90.0,20.59,331.65,0.63
Wase,Lowland,Irish-potato,5.51,150.0,57.31,135.12,13.46,382.7,0.4
Wase,Lowland,Irish-potato,4.94,97.92,30.0,221.79,13.67,367.46,1.38
Wase,Lowland,Irish-potato,6.24,72.4,30.0,205.53,13.63,462.9,1.32
Wase,Lowland,Irish-potato,3.0,60.0,43.29,90.0,13.32,421.5,1.05
Wase,Lowland,Irish-potato,5.43,115.85,30.0,90.0,20.66,666.76,0.59
Wase,Lowland,Irish-potato,5.4,128.37,55.51,135.84,15.76,747.42,1.15
Wase,Lowland,Irish-potato,5.5,111.48,37.13,151.57,16.87,340.47,1.26
Wase,Lowland,Irish-potato,4.45,60.0,60.15,120.99,16.79,300.0,1.6
Wase,Lowland,Irish-potato,5.61,124.91,58.13,90.0,18.8,300.0,0.59
Wase,Lowland,Irish-potato,5.59,150.0,75.0,181.57,17.89,362.28,0.62
Wase,Lowland,Irish-potato,4.97,131.92,75.0,106.04,11.02,307.1,1.57
Wase,Lowland,Irish-potato,6.7,145.98,73.84,104.3,15.13,300.0,0.75
Wase,Lowland,Tomato,7.57,172.49,97.92,187.03,20.13,386.89,1.44
Wase,Lowland,Tomato,4.82,151.99,77.72,239.0,24.46,434.64,0.81
Wase,Lowland,Tomato,6.11,143.84,85.4,147.47,24.96,444.95,2.26
Wase,Lowland,Tomato,7.84,123.24,74.48,188.28,22.36,458.99,2.03
Wase,Lowland,Tomato,7.94,113.11,75.41,179.34,16.59,300.0,1.27
Wase,Lowland,Tomato,6.95,139.44,68.36,176.04,23.4,355.58,1.78
Wase,Lowland,Tomato,5.0,91.62,81.02,135.34,16.72,300.0,1.13
Wase,Lowland,Tomato,7.24,144.11,130.53,203.64,25.47,370.82,1.16
Wase,Lowland,Tomato,8.75,132.74,97.99,145.6,26.18,476.73,2.07
Wase,Lowland,Tomato,7.24,121.43,84.4,195.55,24.94,547.74,2.05
Wase,Lowland,Tomato,7.38,184.29,48.75,177.49,24.45,321.65,0.65
Wase,Lowland,Tomato,4.53,116.05,112.32,234.93,21.42,425.67,2.25
Wase,Lowland,Tomato,4.76,120.49,96.37,199.37,27.98,300.0,0.59
Wase,Lowland,Tomato,7.3,75.5,110.16,219.84,27.54,345.3,1.65
Wase,Lowland,Tomato,5.16,113.04,89.81,157.07,25.39,300.0,1.49
Wase,Lowland,Tomato,8.52,88.49,88.26,123.59,21.09,481.81,1.0
Wase,Lowland,Tomato,7.37,135.5,87.16,150.99,27.31,435.45,0.38
Wase,Lowland,Tomato,5.4,75.0,53.0,184.32,20.18,303.07,2.27
Wase,Lowland,Tomato,7.7,104.87,109.68,255.46,27.03,434.84,2.07
Wase,Lowland,Tomato,7.4,89.76,83.89,173.21,29.22,332.35,0.77
Wase,Lowland,Tomato,7.7,132.69,137.5,158.77,22.38,530.77,0.4
Wase,Lowland,Tomato,8.04,89.92,104.87,120.0,24.68,300.0,2.5
Wase,Lowland,Tomato,5.27,100.96,102.91,170.93,27.37,317.15,0.75
Wase,Lowland,Tomato,6.48,89.64,99.26,239.74,26.76,474.97,0.38
Wase,Lowland,Tomato,5.98,118.5,127.03,171.84,15.07,300.0,0.83
Wase,Lowland,Tomato,4.02,153.37,48.75,219.67,20.03,575.64,1.1
Wase,Lowland,Tomato,5.96,140.53,62.41,225.7,22.53,330.7,1.24
Wase,Lowland,Tomato,5.25,119.56,97.76,120.0,28.97,495.1,0.38
Wase,Lowland,Tomato,4.19,149.67,108.92,227.91,18.66,613.13,0.77
Wase,Lowland,Tomato,6.79,132.46,130.67,204.73,26.2,391.01,0.46
Wase,Lowland,Tomato,3.83,126.07,51.78,215.21,25.11,414.5,0.56
Wase,Lowland,Tomato,7.71,138.97,57.83,295.2,23.64,300.0,0.77
Wase,Lowland,Tomato,4.77,164.76,117.21,233.33,26.76,545.49,1.13
Wase,Lowland,Tomato,7.0,101.45,84.82,219.86,13.5,327.77,1.41
Wase,Lowland,Tomato,6.42,111.93,104.32,165.96,19.5,537.97,2.03
Wase,Lowland,Tomato,5.82,123.12,111.06,200.95,26.67,455.43,1.07
Wase,Lowland,Tomato,7.11,96.99,99.2,195.46,23.02,300.0,1.39
Wase,Lowland,Tomato,6.56,100.64,48.75,122.35,23.46,435.72,2.5
Wase,Lowland,Tomato,6.46,77.74,83.42,257.16,21.7,530.37,1.42
Wase,Lowland,Tomato,7.26,179.32,48.75,240.64,24.11,300.0,1.23
Wase,Lowland,Tomato,8.46,164.04,48.75,163.07,28.36,397.47,1.28
Wase,Lowland,Tomato,4.7,103.39,53.2,121.94,19.35,300.0,0.76
Wase,Lowland,Tomato,5.54,154.88,65.04,265.29,22.52,451.19,1.63
Wase,Lowland,Tomato,5.47,115.56,75.65,216.24,23.97,312.77,1.38
Wase,Lowland,Tomato,6.9,179.06,90.64,199.37,26.25,300.0,0.38
Wase,Lowland,Tomato,6.15,156.38,121.23,120.0,27.23,300.0,1.62
Wase,Lowland,Tomato,6.97,75.0,115.1,280.08,24.24,416.43,2.33
Wase,Lowland,Tomato,5.21,93.02,66.82,200.63,24.64,335.51,1.09
Wase,Lowland,Tomato,5.89,110.79,68.68,163.51,16.31,373.93,0.38
Wase,Lowland,Tomato,7.38,108.8,85.72,181.53,23.5,547.25,0.38
Wase,Lowland,Groundnut,6.05,15.82,21.61,34.55,30.51,375.0,1.11
Wase,Lowland,Groundnut,6.4,15.56,11.25,32.56,27.93,375.0,0.42
Wase,Lowland,Groundnut,7.46,12.48,43.62,26.65,32.56,389.47,1.41
Wase,Lowland,Groundnut,7.11,17.46,14.2,37.79,30.67,462.19,0.15
Wase,Lowland,Groundnut,6.35,8.62,35.41,27.34,26.44,434.0,1.41
Wase,Lowland,Groundnut,7.04,16.28,19.81,31.15,24.59,540.06,0.5
Wase,Lowland,Groundnut,7.45,10.83,42.69,48.09,28.0,652.87,1.16
Wase,Lowland,Groundnut,6.16,15.77,36.17,36.63,28.62,519.27,0.9
Wase,Lowland,Groundnut,7.09,7.97,25.4,18.75,26.26,431.14,0.67
Wase,Lowland,Groundnut,6.38,16.7,24.21,27.73,23.07,465.28,1.3
Wase,Lowland,Groundnut,7.7,17.31,24.54,36.3,25.66,465.12,0.64
Wase,Lowland,Groundnut,7.55,19.68,28.35,46.55,29.44,541.52,0.98
Wase,Lowland,Groundnut,6.26,9.9,28.05,31.0,30.06,422.16,0.92
Wase,Lowland,Groundnut,7.06,15.87,29.09,19.12,20.09,390.24,0.71
Wase,Lowland,Groundnut,6.31,14.8,44.76,37.76,29.63,614.84,0.57
Wase,Lowland,Groundnut,6.74,18.72,21.93,27.73,34.52,511.12,1.5
Wase,Lowland,Groundnut,5.93,11.44,34.82,32.22,20.81,473.24,1.5
Wase,Lowland,Groundnut,7.16,18.66,19.45,33.53,27.96,630.4,1.28
Wase,Lowland,Groundnut,7.25,15.54,11.25,18.75,28.29,601.94,1.36
Wase,Lowland,Groundnut,6.48,7.5,42.47,24.28,22.48,442.46,0.72
Wase,Lowland,Groundnut,7.8,20.18,18.09,43.64,28.44,623.64,1.36
Wase,Lowland,Groundnut,6.85,18.46,22.92,39.54,28.32,611.93,1.43
Wase,Lowland,Groundnut,7.34,14.58,27.73,18.75,25.51,608.69,1.24
Wase,Lowland,Groundnut,6.57,16.09,26.09,37.44,35.0,582.57,0.66
Wase,Lowland,Groundnut,6.96,23.32,11.25,26.02,30.48,650.85,1.11
Wase,Lowland,Groundnut,6.65,18.26,34.9,34.47,27.66,506.18,0.58
Wase,Lowland,Groundnut,8.49,16.04,36.86,29.5,30.96,375.0,0.29
Wase,Lowland,Groundnut,6.99,25.0,46.49,24.33,29.81,425.88,1.05
Wase,Lowland,Groundnut,7.31,20.54,11.25,20.33,27.74,379.67,0.51
Wase,Lowland,Groundnut,7.17,9.77,50.0,26.74,27.05,534.68,0.37
Wase,Lowland,Groundnut,7.31,17.12,23.75,33.8,29.5,667.27,1.5
Wase,Lowland,Groundnut,6.38,7.54,30.35,18.75,30.27,513.18,1.03
Wase,Lowland,Groundnut,6.83,16.61,35.74,33.15,23.29,520.05,1.5
Wase,Lowland,Groundnut,7.15,15.92,50.0,24.88,31.11,438.21,1.28
Wase,Lowland,Groundnut,7.49,12.71,24.97,39.96,21.51,448.49,1.11
Wase,Lowland,Groundnut,6.83,15.91,11.25,23.93,30.38,412.47,0.44
Wase,Lowland,Groundnut,7.64,18.14,12.96,32.62,24.3,482.23,0.96
Wase,Lowland,Groundnut,6.53,19.46,41.95,33.71,29.45,375.0,1.37
Wase,Lowland,Groundnut,6.96,9.66,30.98,37.93,29.79,375.0,1.16
Wase,Lowland,Groundnut,6.97,18.05,17.15,40.56,28.64,638.56,0.36
Wase,Lowland,Groundnut,6.18,13.72,50.0,48.58,24.89,506.18,0.95
Wase,Lowland,Groundnut,7.44,20.3,12.59,31.97,20.97,594.5,0.78
Wase,Lowland,Groundnut,6.29,17.07,23.45,42.44,24.88,759.09,1.2
Wase,Lowland,Groundnut,7.78,9.11,50.0,20.79,27.27,652.06,1.07
Wase,Lowland,Groundnut,6.27,21.76,33.81,27.76,22.6,550.67,0.84
Wase,Lowland,Groundnut,7.1,7.5,22.74,35.61,34.57,476.07,1.4
Wase,Lowland,Groundnut,7.48,16.49,14.08,22.91,30.16,438.64,0.68
Wase,Lowland,Groundnut,6.9,14.17,42.0,26.98,30.8,551.25,0.31
Wase,Lowland,Groundnut,7.19,7.5,15.79,35.46,27.96,375.0,0.51
Wase,Lowland,Groundnut,5.46,7.5,37.3,26.53,28.59,501.59,0.91
Wase,Lowland,Pepper,7.66,126.81,52.14,41.25,31.33,450.0,0.75
Wase,Lowland,Pepper,6.14,179.51,25.87,59.19,20.45,921.81,2.02
Wase,Lowland,Pepper,8.25,212.5,48.34,86.0,19.11,1548.72,1.65
Wase,Lowland,Pepper,6.51,150.99,29.56,41.25,28.5,1333.86,1.89
Wase,Lowland,Pepper,6.75,135.67,41.37,80.12,25.18,834.61,2.5
Wase,Lowland,Pepper,7.17,139.43,48.47,93.71,30.47,538.09,1.16
Wase,Lowland,Pepper,6.05,166.52,49.33,42.98,27.55,1345.15,1.33
Wase,Lowland,Pepper,7.04,165.04,19.58,80.39,32.18,600.14,2.08
Wase,Lowland,Pepper,6.78,107.5,37.44,62.59,20.84,728.59,1.55
Wase,Lowland,Pepper,6.62,124.26,42.15,90.35,19.49,729.33,0.45
Wase,Lowland,Pepper,6.62,141.29,47.17,80.45,28.38,849.72,1.02
Wase,Lowland,Pepper,5.78,124.35,27.67,73.26,22.92,983.85,1.53
Wase,Lowland,Pepper,7.15,153.24,36.23,73.3,28.13,1562.5,0.81
Wase,Lowland,Pepper,6.8,86.16,38.55,58.71,24.87,883.87,1.16
Wase,Lowland,Pepper,5.2,193.5,51.1,72.98,20.8,857.23,1.75
Wase,Lowland,Pepper,7.43,170.43,54.19,41.25,23.9,1201.43,0.85
Wase,Lowland,Pepper,7.83,209.26,56.24,93.77,23.15,931.75,0.56
Wase,Lowland,Pepper,6.08,106.02,39.76,66.11,26.87,1157.74,1.0
Wase,Lowland,Pepper,6.89,118.09,41.63,94.42,30.34,1079.08,1.79
Wase,Lowland,Pepper,5.52,90.85,26.82,85.82,18.72,952.94,1.68
Wase,Lowland,Pepper,5.07,90.59,54.09,94.71,21.04,450.0,0.45
Wase,Lowland,Pepper,8.05,136.8,62.5,71.37,26.98,1162.85,2.5
Wase,Lowland,Pepper,7.2,135.22,39.26,48.95,23.5,844.41,2.46
Wase,Lowland,Pepper,6.38,178.64,37.66,109.05,29.05,1055.92,2.18
Wase,Lowland,Pepper,7.49,178.69,62.5,118.85,27.95,657.56,1.75
Wase,Lowland,Pepper,5.08,169.07,23.38,105.87,33.75,450.0,1.46
Wase,Lowland,Pepper,5.83,75.0,37.3,93.08,29.46,883.35,0.45
Wase,Lowland,Pepper,6.87,75.0,18.75,50.24,31.01,1031.68,1.72
Wase,Lowland,Pepper,6.01,119.24,18.85,112.22,33.75,1035.98,2.01
Wase,Lowland,Pepper,6.62,75.0,26.53,64.19,23.48,591.74,1.53
Wase,Lowland,Pepper,6.02,212.5,18.92,99.7,24.13,1000.42,1.85
Wase,Lowland,Pepper,6.9,88.71,34.01,80.84,26.06,450.0,2.4
Wase,Lowland,Pepper,4.58,124.88,25.41,81.19,30.84,450.0,2.5
Wase,Lowland,Pepper,6.94,150.76,18.75,75.18,30.6,904.57,1.6
Wase,Lowland,Pepper,6.72,78.69,18.75,107.1,30.13,1215.52,0.92
Wase,Lowland,Pepper,6.62,185.57,20.92,106.06,22.42,500.82,1.48
Wase,Lowland,Pepper,5.78,75.0,39.96,90.43,31.88,1055.07,2.5
Wase,Lowland,Pepper,7.95,165.35,45.69,108.69,13.88,643.03,0.45
Wase,Lowland,Pepper,7.34,104.71,62.5,62.81,26.06,672.52,1.16
Wase,Lowland,Pepper,5.67,82.7,18.75,90.72,23.27,1557.94,0.63
Wase,Lowland,Pepper,8.05,199.51,57.49,82.57,23.72,1308.69,0.94
Wase,Lowland,Pepper,7.0,133.33,25.84,83.7,29.39,472.17,1.82
Wase,Lowland,Pepper,4.81,92.16,32.18,85.78,30.06,856.39,1.89
Wase,Lowland,Pepper,6.62,151.7,43.99,63.04,23.63,1052.48,2.5
Wase,Lowland,Pepper,7.82,88.89,22.42,62.34,26.02,843.29,2.37
Wase,Lowland,Pepper,7.89,135.36,35.53,89.97,31.08,1034.4,1.2
Wase,Lowland,Pepper,6.23,89.64,41.68,92.76,29.36,1261.57,2.5
Wase,Lowland,Pepper,5.56,151.7,45.26,74.46,21.15,1372.59,1.09
Wase,Lowland,Pepper,4.84,135.95,35.38,125.0,28.07,709.29,1.36
Wase,Lowland,Pepper,6.58,212.5,48.71,41.25,24.22,816.04,0.72
Wase,Lowland,Cabbage,5.95,142.49,51.81,135.76,20.07,306.8,0.15
Wase,Lowland,Cabbage,7.74,133.68,54.93,98.32,30.0,285.0,0.84
Wase,Lowland,Cabbage,7.35,167.42,56.96,101.05,19.13,403.31,1.47
Wase,Lowland,Cabbage,6.19,128.47,46.3,129.38,23.44,285.0,1.62
Wase,Lowland,Cabbage,7.21,131.69,57.28,113.76,16.89,288.12,1.51
Wase,Lowland,Cabbage,6.72,109.78,57.72,138.83,29.22,312.36,1.51
Wase,Lowland,Cabbage,7.08,100.53,54.69,137.94,30.0,362.39,0.76
Wase,Lowland,Cabbage,6.94,102.89,53.46,101.39,19.35,348.45,0.94
Wase,Lowland,Cabbage,6.88,147.3,56.85,111.02,18.56,448.03,0.79
Wase,Lowland,Cabbage,7.37,103.3,61.91,123.46,28.84,313.1,0.53
Wase,Lowland,Cabbage,6.54,153.25,77.07,128.51,9.71,396.05,0.6
Wase,Lowland,Cabbage,6.8,130.58,61.96,115.05,15.1,414.2,0.78
Wase,Lowland,Cabbage,7.76,85.49,60.74,92.45,13.2,304.09,1.62
Wase,Lowland,Cabbage,7.79,150.61,59.14,117.2,30.0,389.09,1.01
Wase,Lowland,Cabbage,7.9,148.87,60.97,105.87,15.52,316.47,1.19
Wase,Lowland,Cabbage,7.51,83.02,41.82,97.25,16.68,423.72,0.88
Wase,Lowland,Cabbage,7.16,137.31,49.9,139.45,14.58,449.19,0.94
Wase,Lowland,Cabbage,6.81,92.74,60.58,153.36,23.37,358.93,0.72
Wase,Lowland,Cabbage,7.36,129.72,58.3,122.56,7.5,332.96,0.49
Wase,Lowland,Cabbage,7.03,104.01,53.11,90.57,29.1,292.56,0.74
Wase,Lowland,Cabbage,7.92,141.68,41.05,138.15,30.0,448.81,1.28
Wase,Lowland,Cabbage,6.36,123.69,46.18,98.75,10.94,296.11,1.07
Wase,Lowland,Cabbage,6.75,110.9,56.31,140.15,30.0,308.45,1.14
Wase,Lowland,Cabbage,6.51,147.5,54.68,101.46,30.0,285.0,0.15
Wase,Lowland,Cabbage,7.45,114.41,53.2,161.71,25.95,335.9,0.7
Wase,Lowland,Cabbage,7.28,75.0,54.34,113.26,21.74,330.03,0.71
Wase,Lowland,Cabbage,7.56,76.97,56.42,104.84,28.25,307.88,1.18
Wase,Lowland,Cabbage,7.21,75.0,58.28,83.41,22.86,288.88,1.5
Wase,Lowland,Cabbage,6.9,102.67,69.35,98.65,27.3,372.73,0.84
Wase,Lowland,Cabbage,6.22,161.32,63.23,100.4,21.99,410.43,1.04
Wase,Lowland,Cabbage,7.15,155.21,72.3,111.81,9.09,285.0,0.71
Wase,Lowland,Cabbage,6.45,76.07,75.02,123.15,15.73,337.72,0.25
Wase,Lowland,Cabbage,7.7,75.0,63.31,81.73,16.62,426.99,0.31
Wase,Lowland,Cabbage,6.92,143.43,62.91,115.13,24.04,297.24,1.62
Wase,Lowland,Cabbage,6.05,159.0,60.51,124.7,26.48,378.89,0.66
Wase,Lowland,Cabbage,6.84,82.8,56.24,119.55,24.95,367.4,0.26
Wase,Lowland,Cabbage,6.68,105.82,47.39,99.28,20.01,438.97,0.6
Wase,Lowland,Cabbage,6.34,107.65,61.8,135.32,19.29,285.0,0.48
Wase,Lowland,Cabbage,7.12,154.14,74.74,93.21,21.14,285.0,0.62
Wase,Lowland,Cabbage,6.43,115.38,51.13,157.28,16.25,409.14,0.72
Wase,Lowland,Cabbage,8.34,135.01,66.17,103.56,27.96,363.44,0.84
Wase,Lowland,Cabbage,6.37,118.2,56.02,129.11,18.11,285.0,1.27
Wase,Lowland,Cabbage,7.78,76.55,74.64,138.35,14.86,285.0,1.44
Wase,Lowland,Cabbage,6.2,105.64,47.34,114.01,30.0,366.24,1.43
Wase,Lowland,Cabbage,6.8,127.96,48.12,112.21,13.92,328.78,0.9
Wase,Lowland,Cabbage,6.82,186.57,74.32,138.69,30.0,439.35,0.99
Wase,Lowland,Cabbage,6.94,131.99,57.01,95.7,22.42,285.0,1.06
Wase,Lowland,Cabbage,6.42,122.76,60.52,107.73,7.5,285.0,1.19
Wase,Lowland,Cabbage,6.68,141.48,58.94,110.44,22.84,292.76,1.17
Wase,Lowland,Cabbage,6.76,187.5,48.93,107.65,17.42,285.0,1.3
Wase,Lowland,Maize,6.52,112.5,78.52,64.05,26.51,668.44,1.04
Wase,Lowland,Maize,6.58,246.98,37.5,48.88,21.92,863.08,0.85
Wase,Lowland,Maize,7.29,161.3,76.91,78.61,28.18,775.27,1.61
Wase,Lowland,Maize,6.16,184.22,100.0,92.09,27.71,375.0,1.8
Wase,Lowland,Maize,8.02,184.24,68.35,125.0,30.98,767.0,1.34
Wase,Lowland,Maize,6.86,193.55,64.03,77.73,29.16,460.26,1.45
Wase,Lowland,Maize,7.1,203.32,55.65,45.0,25.55,619.53,1.97
Wase,Lowland,Maize,6.21,190.93,86.22,96.44,23.32,430.44,1.6
Wase,Lowland,Maize,8.89,175.54,63.46,46.93,25.3,424.83,1.32
Wase,Lowland,Maize,5.26,165.54,48.7,100.85,23.0,449.84,1.5
Wase,Lowland,Maize,6.49,243.91,82.64,79.31,28.71,375.0,2.16
Wase,Lowland,Maize,7.6,172.99,76.25,94.96,25.06,616.53,2.03
Wase,Lowland,Maize,7.54,167.76,71.54,111.17,30.65,375.0,1.71
Wase,Lowland,Maize,7.54,209.06,66.93,70.28,20.63,428.45,2.14
Wase,Lowland,Maize,7.24,172.21,89.03,104.34,23.58,760.17,0.3
Wase,Lowland,Maize,7.54,185.07,86.47,87.8,25.86,521.03,2.5
Wase,Lowland,Maize,7.11,192.53,37.5,59.59,29.41,375.0,1.68
Wase,Lowland,Maize,6.17,144.98,53.6,114.56,28.55,390.67,1.84
Wase,Lowland,Maize,7.97,164.01,83.14,102.41,30.96,432.09,0.47
Wase,Lowland,Maize,5.06,156.01,59.92,72.22,26.78,853.27,1.06
Wase,Lowland,Maize,6.95,122.13,100.0,48.18,23.71,671.75,1.47
Wase,Lowland,Maize,8.91,196.12,64.93,103.28,32.41,434.47,1.97
Wase,Lowland,Maize,6.75,172.11,68.85,70.02,24.98,722.33,0.3
Wase,Lowland,Maize,5.78,194.8,65.08,102.05,28.67,375.0,1.34
Wase,Lowland,Maize,7.63,181.95,58.16,72.51,24.39,375.0,0.3
Wase,Lowland,Maize,7.46,149.72,76.42,65.01,20.89,478.61,2.5
Wase,Lowland,Maize,6.9,193.95,69.31,46.1,33.74,506.63,0.38
Wase,Lowland,Maize,6.42,169.11,79.47,63.01,35.0,386.0,1.73
Wase,Lowland,Maize,4.73,171.52,72.78,52.77,33.98,626.03,1.08
Wase,Lowland,Maize,7.5,157.83,88.25,102.61,28.74,657.05,0.3
Wase,Lowland,Maize,8.71,172.23,84.29,96.41,31.7,375.0,0.65
Wase,Lowland,Maize,9.38,130.83,47.14,79.91,27.21,455.5,1.73
Wase,Lowland,Maize,8.05,174.59,61.65,78.38,24.68,375.0,1.51
Wase,Lowland,Maize,7.9,170.64,37.5,65.56,31.22,375.0,1.78
Wase,Lowland,Maize,6.5,174.58,54.35,52.39,33.68,692.77,1.75
Wase,Lowland,Maize,8.06,189.78,82.87,63.41,33.41,775.48,1.56
Wase,Lowland,Maize,6.68,139.45,70.35,118.24,21.6,728.16,0.97
Wase,Lowland,Maize,6.56,140.85,53.18,94.0,30.59,591.28,0.95
Wase,Lowland,Maize,5.74,176.92,59.97,83.83,25.5,498.26,1.41
Wase,Lowland,Maize,7.42,210.81,60.45,91.64,35.0,650.11,2.11
Wase,Lowland,Maize,6.29,154.12,63.56,77.67,31.98,422.31,1.24
Wase,Lowland,Maize,8.25,181.41,66.16,84.47,21.75,375.0,0.3
Wase,Lowland,Maize,7.25,201.91,79.75,105.6,33.77,575.31,1.25
Wase,Lowland,Maize,8.72,154.69,45.73,70.99,24.88,558.46,0.7
Wase,Lowland,Maize,7.44,158.53,87.85,51.02,26.35,491.39,1.46
Wase,Lowland,Maize,8.08,182.89,64.1,95.04,30.92,597.11,1.57
Wase,Lowland,Maize,7.76,127.2,60.21,87.69,25.64,499.57,1.56
Wase,Lowland,Maize,7.47,188.74,52.49,45.81,30.74,420.08,0.73
Wase,Lowland,Maize,5.97,208.68,70.06,86.9,30.21,542.59,2.01
Wase,Lowland,Maize,5.63,143.47,46.39,88.75,29.36,467.3,1.13
Wase,Lowland,Wheat,8.98,104.88,43.08,26.4,23.68,523.24,0.6
Wase,Lowland,Wheat,7.21,75.0,46.61,62.5,14.17,337.5,1.94
Wase,Lowland,Wheat,7.49,113.15,31.2,41.13,23.08,781.82,2.94
Wase,Lowland,Wheat,6.01,124.78,44.81,26.36,22.77,531.98,2.88
Wase,Lowland,Wheat,8.44,133.44,37.62,18.75,21.14,402.93,1.53
Wase,Lowland,Wheat,8.81,165.03,34.13,33.33,19.24,486.7,0.6
Wase,Lowland,Wheat,5.82,121.7,45.95,37.5,22.45,473.0,2.91
Wase,Lowland,Wheat,9.23,102.95,46.52,43.82,25.0,357.01,1.7
Wase,Lowland,Wheat,6.32,96.76,43.61,39.4,22.07,510.58,1.59
Wase,Lowland,Wheat,7.23,96.82,37.25,35.58,21.07,532.84,2.33
Wase,Lowland,Wheat,9.31,96.77,39.99,23.48,24.21,391.44,2.81
Wase,Lowland,Wheat,9.19,137.18,43.06,36.97,19.58,399.02,1.67
Wase,Lowland,Wheat,9.62,94.75,42.55,46.79,19.67,498.49,0.6
Wase,Lowland,Wheat,9.04,158.1,40.78,23.56,22.8,337.5,0.92
Wase,Lowland,Wheat,7.45,169.38,45.1,26.96,15.61,454.84,2.02
Wase,Lowland,Wheat,7.43,177.79,40.58,18.75,19.32,502.99,2.14
Wase,Lowland,Wheat,7.31,115.15,29.66,37.66,19.52,479.05,2.23
Wase,Lowland,Wheat,8.94,97.26,33.79,28.03,18.36,353.8,3.06
Wase,Lowland,Wheat,7.68,182.63,41.33,19.3,18.15,569.4,0.81
Wase,Lowland,Wheat,8.16,114.72,35.92,56.64,18.79,353.55,1.73
Wase,Lowland,Wheat,6.92,187.5,47.55,27.78,19.12,337.5,1.92
Wase,Lowland,Wheat,6.65,127.69,29.86,36.01,25.0,456.31,1.12
Wase,Lowland,Wheat,7.49,123.25,54.16,31.55,17.0,452.5,1.97
Wase,Lowland,Wheat,8.16,147.16,52.78,27.71,18.51,337.5,2.38
Wase,Lowland,Wheat,6.49,151.12,38.48,61.59,16.34,569.22,2.59
Wase,Lowland,Wheat,8.12,92.55,44.46,38.26,15.18,631.62,1.5
Wase,Lowland,Wheat,9.22,123.15,47.09,23.86,21.12,466.78,1.51
Wase,Lowland,Wheat,6.51,75.0,36.41,46.63,16.45,337.5,0.6
Wase,Lowland,Wheat,7.75,99.08,48.48,47.13,21.08,485.43,1.13
Wase,Lowland,Wheat,6.63,145.85,46.69,46.65,19.13,404.39,0.98
Wase,Lowland,Wheat,8.4,75.0,28.47,18.75,14.28,608.17,2.49
Wase,Lowland,Wheat,6.13,122.04,49.92,43.7,25.0,436.68,1.22
Wase,Lowland,Wheat,6.26,125.81,46.82,37.85,19.46,596.45,2.26
Wase,Lowland,Wheat,7.38,102.77,39.86,43.3,18.23,337.5,1.38
Wase,Lowland,Wheat,7.45,164.87,34.57,39.71,19.69,423.43,3.12
Wase,Lowland,Wheat,7.6,98.49,46.55,48.3,17.59,337.5,2.16
Wase,Lowland,Wheat,7.47,111.4,47.53,27.76,21.72,586.9,1.5
Wase,Lowland,Wheat,5.4,113.37,42.46,51.04,18.99,650.83,0.66
Wase,Lowland,Wheat,7.7,118.15,49.23,18.75,21.74,421.53,3.12
Wase,Lowland,Wheat,6.55,137.23,36.45,39.15,19.43,405.1,0.6
Wase,Lowland,Wheat,7.99,93.57,34.82,18.75,17.43,508.33,2.19
Wase,Lowland,Wheat,8.28,95.18,42.61,27.42,23.27,499.65,1.22
Wase,Lowland,Wheat,8.71,139.92,33.24,18.75,16.58,642.21,0.91
Wase,Lowland,Wheat,9.68,94.01,34.49,49.25,23.19,514.78,2.39
Wase,Lowland,Wheat,6.59,149.41,42.75,31.07,20.77,573.62,2.14
Wase,Lowland,Wheat,5.02,151.11,46.11,30.87,20.84,463.14,0.6
Wase,Lowland,Wheat,7.05,114.54,40.42,28.73,22.43,355.7,2.59
Wase,Lowland,Wheat,8.22,164.79,51.49,61.81,17.06,490.11,1.17
Wase,Lowland,Wheat,10.0,143.03,49.63,42.76,12.84,358.68,1.2
Wase,Lowland,Wheat,7.06,135.61,44.28,18.75,19.81,393.37,3.01
Wase,Lowland,Pineapple,6.69,257.63,58.96,82.5,28.55,680.78,0.52
Wase,Lowland,Pineapple,7.53,276.33,48.6,125.19,27.86,800.43,0.81
Wase,Lowland,Pineapple,4.62,221.9,47.63,151.34,26.9,722.01,0.76
Wase,Lowland,Pineapple,8.12,299.9,70.2,193.64,27.17,821.74,0.88
Wase,Lowland,Pineapple,6.94,225.19,64.8,174.6,22.76,765.0,0.34
Wase,Lowland,Pineapple,5.39,258.6,38.79,160.46,27.16,882.14,0.64
Wase,Lowland,Pineapple,6.33,261.22,51.48,82.5,26.74,880.29,0.47
Wase,Lowland,Pineapple,5.76,262.24,69.2,165.83,27.68,748.49,0.63
Wase,Lowland,Pineapple,4.7,253.45,60.94,171.79,30.47,915.52,1.23
Wase,Lowland,Pineapple,3.66,329.8,59.46,190.1,29.1,753.73,0.42
Wase,Lowland,Pineapple,7.68,233.67,44.86,148.9,26.09,750.67,0.76
Wase,Lowland,Pineapple,7.57,283.93,46.35,117.76,26.09,682.76,0.62
Wase,Lowland,Pineapple,4.74,277.02,51.04,102.94,28.14,898.37,0.71
Wase,Lowland,Pineapple,8.07,355.85,62.14,133.88,27.63,535.72,0.49
Wase,Lowland,Pineapple,4.07,239.39,41.99,203.88,25.24,798.41,1.06
Wase,Lowland,Pineapple,7.36,250.65,59.97,185.84,29.98,887.12,1.25
Wase,Lowland,Pineapple,4.09,237.92,68.38,201.1,26.71,667.04,1.07
Wase,Lowland,Pineapple,3.72,297.56,57.41,132.59,28.18,682.44,0.81
Wase,Lowland,Pineapple,5.96,295.61,58.21,82.5,23.74,560.27,0.96
Wase,Lowland,Pineapple,6.65,333.52,44.53,247.76,22.46,753.11,0.88
Wase,Lowland,Pineapple,6.29,252.45,57.73,84.79,29.03,793.71,0.92
Wase,Lowland,Pineapple,5.69,251.69,62.47,265.74,23.73,525.0,0.89
Wase,Lowland,Pineapple,5.63,270.21,56.07,203.74,26.33,538.56,0.52
Wase,Lowland,Pineapple,5.83,213.73,55.92,167.8,26.16,786.61,0.23
Wase,Lowland,Pineapple,4.91,218.33,66.61,275.0,24.93,708.83,0.55
Wase,Lowland,Pineapple,6.27,240.21,59.65,206.5,24.13,797.52,0.17
Wase,Lowland,Pineapple,5.71,251.87,53.68,143.92,25.84,703.49,0.88
Wase,Lowland,Pineapple,6.32,269.84,49.67,233.1,30.58,525.0,0.86
Wase,Lowland,Pineapple,5.47,303.03,56.21,167.31,28.16,697.93,1.25
Wase,Lowland,Pineapple,6.6,303.27,53.78,156.04,28.9,874.46,0.36
Wase,Lowland,Pineapple,6.16,284.53,54.83,188.17,26.79,525.0,0.34
Wase,Lowland,Pineapple,7.14,255.12,58.56,163.67,25.06,668.26,0.91
Wase,Lowland,Pineapple,6.51,354.74,50.78,270.91,24.98,835.51,0.86
Wase,Lowland,Pineapple,5.87,264.89,49.1,221.8,25.02,805.57,1.06
Wase,Lowland,Pineapple,7.61,304.92,63.02,123.06,25.16,550.75,0.37
Wase,Lowland,Pineapple,6.01,235.34,70.33,126.82,27.22,703.69,0.31
Wase,Lowland,Pineapple,7.27,293.6,65.8,202.01,25.22,620.49,0.96
Wase,Lowland,Pineapple,7.79,280.93,67.76,130.22,29.57,676.59,0.88
Wase,Lowland,Pineapple,5.59,301.53,66.87,82.5,30.11,1165.87,0.67
Wase,Lowland,Pineapple,5.86,315.88,57.13,163.65,31.45,525.0,0.52
Wase,Lowland,Pineapple,6.49,198.8,52.0,139.43,29.26,871.25,0.21
Wase,Lowland,Pineapple,5.21,236.87,53.83,93.61,28.06,628.52,1.0
Wase,Lowland,Pineapple,6.01,225.28,72.53,254.71,27.68,708.14,0.43
Wase,Lowland,Pineapple,7.25,298.81,46.86,119.91,28.07,544.3,0.58
Wase,Lowland,Pineapple,4.81,223.83,47.96,221.93,22.89,825.86,0.89
Wase,Lowland,Pineapple,7.13,275.65,51.94,111.68,29.32,836.97,0.63
Wase,Lowland,Pineapple,7.06,246.87,56.34,125.19,28.25,576.02,0.69
Wase,Lowland,Pineapple,5.25,275.92,60.88,93.18,27.95,525.0,1.25
Wase,Lowland,Pineapple,5.42,308.09,58.7,179.39,24.27,897.6,0.81
Wase,Lowland,Pineapple,6.55,261.41,57.87,107.08,26.64,676.52,0.55
Wase,Lowland,Onion,7.09,88.61,39.27,59.32,21.69,378.22,1.25
Wase,Lowland,Onion,7.11,107.74,22.31,54.9,21.48,262.5,1.92
Wase,Lowland,Onion,7.16,102.46,49.4,69.82,14.01,367.21,1.31
Wase,Lowland,Onion,6.36,45.0,41.73,35.91,25.0,380.67,1.91
Wase,Lowland,Onion,7.03,97.67,36.97,81.92,14.58,453.51,1.55
Wase,Lowland,Onion,6.92,70.57,32.87,67.17,24.03,287.74,0.3
Wase,Lowland,Onion,8.49,95.8,31.79,85.66,23.21,407.38,0.95
Wase,Lowland,Onion,7.41,105.56,18.75,65.99,21.37,381.01,1.22
Wase,Lowland,Onion,7.72,75.19,36.32,67.85,19.98,262.5,1.31
Wase,Lowland,Onion,7.15,71.6,34.81,33.75,24.01,455.02,0.5
Wase,Lowland,Onion,6.61,113.94,22.89,71.17,19.07,397.8,1.22
Wase,Lowland,Onion,6.84,89.19,30.61,33.75,17.8,262.5,0.36
Wase,Lowland,Onion,7.23,76.09,40.48,72.03,22.7,397.43,0.68
Wase,Lowland,Onion,7.36,85.3,56.25,61.57,21.61,338.95,1.22
Wase,Lowland,Onion,7.0,69.98,38.42,74.09,19.28,447.39,1.57
Wase,Lowland,Onion,6.49,57.63,41.58,49.42,17.46,550.1,0.69
Wase,Lowland,Onion,6.1,61.83,39.05,62.91,25.0,262.5,1.32
Wase,Lowland,Onion,7.68,64.74,44.55,33.75,25.0,465.94,0.84
Wase,Lowland,Onion,7.5,110.78,21.33,49.16,24.41,357.86,1.43
Wase,Lowland,Onion,7.05,100.94,42.33,63.57,14.39,424.59,1.58
Wase,Lowland,Onion,6.27,52.77,42.38,65.37,14.76,262.5,1.36
Wase,Lowland,Onion,7.41,66.48,34.63,43.46,24.35,370.35,0.85
Wase,Lowland,Onion,6.32,50.55,56.25,57.86,19.34,325.15,0.87
Wase,Lowland,Onion,6.95,80.94,36.53,35.64,23.09,285.55,0.85
Wase,Lowland,Onion,6.59,55.55,39.47,79.67,18.4,262.5,0.66
Wase,Lowland,Onion,6.74,51.38,29.37,50.15,20.46,262.5,1.5
Wase,Lowland,Onion,8.0,113.49,29.54,75.05,22.1,344.93,1.29
Wase,Lowland,Onion,7.42,100.75,26.89,76.66,25.0,452.82,2.0
Wase,Lowland,Onion,5.47,94.03,39.43,82.36,17.23,291.01,1.67
Wase,Lowland,Onion,6.38,85.78,36.15,57.41,22.16,262.5,0.79
Wase,Lowland,Onion,6.93,52.08,50.7,45.11,22.78,262.5,1.57
Wase,Lowland,Onion,6.05,113.01,49.58,50.13,18.1,403.36,0.4
Wase,Lowland,Onion,7.03,61.27,33.39,48.27,18.18,548.69,1.61
Wase,Lowland,Onion,6.13,59.68,46.35,81.17,16.48,431.42,1.34
Wase,Lowland,Onion,5.86,70.71,34.76,62.39,16.66,262.5,0.87
Wase,Lowland,Onion,6.69,68.01,34.81,67.72,25.0,451.5,1.89
Wase,Lowland,Onion,6.72,56.69,45.69,61.07,22.62,262.5,1.54
Wase,Lowland,Onion,6.91,69.36,32.08,71.41,22.75,307.29,1.38
Wase,Lowland,Onion,7.21,97.36,47.85,98.36,19.15,520.16,1.26
Wase,Lowland,Onion,6.36,64.94,41.78,76.17,17.55,262.5,0.92
Wase,Lowland,Onion,6.5,45.0,18.75,53.61,21.23,426.41,0.48
Wase,Lowland,Onion,6.21,67.8,36.39,81.99,22.58,307.13,1.39
Wase,Lowland,Onion,6.51,81.86,35.62,90.06,21.93,262.5,0.8
Wase,Lowland,Onion,6.81,45.0,33.67,58.47,21.86,421.34,1.25
Wase,Lowland,Onion,6.04,51.62,29.3,74.71,22.3,320.93,2.25
Wase,Lowland,Onion,7.94,109.07,44.52,70.76,21.62,262.5,0.65
Wase,Lowland,Onion,6.88,83.11,34.9,66.96,14.39,408.94,1.23
Wase,Lowland,Onion,6.9,101.77,24.17,56.57,21.33,262.5,0.3
Wase,Lowland,Onion,6.32,78.61,33.45,61.03,18.58,262.5,1.27
Wase,Lowland,Onion,6.91,95.01,27.64,33.75,12.93,303.21,1.26
Langtang North,Lowland,Irish-potato,4.74,84.73,31.1,90.0,19.29,360.17,0.89
Langtang North,Lowland,Irish-potato,3.68,70.69,59.73,170.08,17.43,641.37,0.78
Langtang North,Lowland,Irish-potato,5.96,112.1,60.84,204.09,15.82,342.39,0.44
Langtang North,Lowland,Irish-potato,5.68,116.26,75.0,165.89,21.86,300.0,1.6
Langtang North,Lowland,Irish-potato,4.6,104.6,71.69,225.0,20.87,560.01,0.8
Langtang North,Lowland,Irish-potato,5.05,101.16,75.0,147.47,22.65,300.0,1.82
Langtang North,Lowland,Irish-potato,4.23,134.4,43.82,187.6,14.63,581.38,1.53
Langtang North,Lowland,Irish-potato,4.44,124.75,75.0,106.66,14.38,300.0,0.45
Langtang North,Lowland,Irish-potato,4.06,136.88,68.71,90.0,16.21,300.0,1.54
Langtang North,Lowland,Irish-potato,4.56,60.0,61.92,186.98,14.66,353.64,0.61
Langtang North,Lowland,Irish-potato,5.93,89.41,46.31,152.44,17.27,520.49,1.72
Langtang North,Lowland,Irish-potato,5.91,91.15,64.28,225.0,23.34,300.0,1.4
Langtang North,Lowland,Irish-potato,5.27,136.94,75.0,100.48,15.58,558.83,1.16
Langtang North,Lowland,Irish-potato,3.13,60.0,70.54,199.19,13.28,592.35,0.98
Langtang North,Lowland,Irish-potato,4.1,84.9,37.55,122.8,11.46,387.08,1.39
Langtang North,Lowland,Irish-potato,3.84,105.11,44.86,190.25,9.9,524.58,0.22
Langtang North,Lowland,Irish-potato,4.76,79.7,52.63,90.0,23.81,300.0,0.45
Langtang North,Lowland,Irish-potato,6.37,115.81,37.0,148.37,17.17,300.0,0.69
Langtang North,Lowland,Irish-potato,4.9,148.84,55.64,149.17,15.15,591.78,1.56
Langtang North,Lowland,Irish-potato,5.56,108.43,30.97,212.19,18.2,346.0,1.32
Langtang North,Lowland,Irish-potato,5.1,67.09,53.33,90.0,18.3,632.77,0.22
Langtang North,Lowland,Irish-potato,5.03,127.91,73.23,115.96,14.14,300.0,1.71
Langtang North,Lowland,Irish-potato,3.55,61.95,50.92,103.91,17.85,647.54,0.45
Langtang North,Lowland,Irish-potato,4.81,104.22,53.09,90.0,15.77,300.0,1.42
Langtang North,Lowland,Irish-potato,5.26,60.0,52.17,128.87,24.84,451.15,0.52
Langtang North,Lowland,Irish-potato,4.3,91.26,65.29,180.59,18.7,363.29,1.01
Langtang North,Lowland,Irish-potato,4.82,60.0,57.87,124.83,12.22,750.0,1.25
Langtang North,Lowland,Irish-potato,4.93,91.52,71.72,94.11,16.91,300.0,1.46
Langtang North,Lowland,Irish-potato,4.26,143.06,57.21,195.8,19.4,585.37,0.59
Langtang North,Lowland,Irish-potato,5.65,60.0,59.7,126.47,13.08,300.0,0.75
Langtang North,Lowland,Irish-potato,4.77,86.14,60.35,111.55,16.33,349.41,1.18
Langtang North,Lowland,Irish-potato,5.61,134.39,63.1,177.72,19.09,344.94,1.56
Langtang North,Lowland,Irish-potato,4.19,60.0,40.72,225.0,16.97,447.97,0.94
Langtang North,Lowland,Irish-potato,5.38,106.99,57.74,187.36,16.37,465.11,0.99
Langtang North,Lowland,Irish-potato,4.84,75.86,55.17,126.72,21.95,300.0,1.55
Langtang North,Lowland,Irish-potato,3.52,123.31,44.28,184.87,17.58,300.0,1.8
Langtang North,Lowland,Irish-potato,5.55,122.12,47.74,197.72,13.51,300.0,0.26
Langtang North,Lowland,Irish-potato,4.18,78.09,51.34,134.64,15.73,300.0,1.19
Langtang North,Lowland,Irish-potato,4.71,80.14,75.0,142.42,18.2,539.27,0.3
Langtang North,Lowland,Irish-potato,4.91,132.25,57.35,90.0,16.31,433.07,0.22
Langtang North,Lowland,Irish-potato,3.84,150.0,67.43,225.0,21.03,468.95,0.92
Langtang North,Lowland,Irish-potato,5.23,150.0,73.39,163.89,17.4,487.21,0.8
Langtang North,Lowland,Irish-potato,5.33,80.08,52.75,101.18,16.46,300.0,1.88
Langtang North,Lowland,Irish-potato,4.2,117.98,42.37,157.6,19.01,300.0,0.35
Langtang North,Lowland,Irish-potato,4.16,60.0,60.42,167.87,14.28,421.73,0.86
Langtang North,Lowland,Irish-potato,4.84,82.52,67.48,225.0,20.71,643.84,0.35
Langtang North,Lowland,Irish-potato,4.38,124.3,75.0,189.28,14.41,323.93,1.26
Langtang North,Lowland,Irish-potato,4.79,76.56,53.87,154.38,14.2,572.29,0.85
Langtang North,Lowland,Irish-potato,4.87,140.74,56.76,206.6,14.4,475.77,1.52
Langtang North,Lowland,Irish-potato,4.26,98.27,56.19,166.14,19.66,300.0,1.05
Langtang North,Lowland,Tomato,8.08,160.24,117.28,196.16,31.25,520.02,1.31
Langtang North,Lowland,Tomato,6.5,116.13,106.77,232.74,27.38,378.94,0.38
Langtang North,Lowland,Tomato,6.52,150.12,70.76,200.91,29.99,300.0,1.09
Langtang North,Lowland,Tomato,7.96,134.11,82.64,204.81,27.88,376.28,1.7
Langtang North,Lowland,Tomato,6.52,138.76,113.81,191.41,20.63,455.29,1.19
Langtang North,Lowland,Tomato,5.73,144.86,129.98,197.94,24.53,300.0,1.13
Langtang North,Lowland,Tomato,6.5,128.92,86.94,238.92,24.74,701.73,1.43
Langtang North,Lowland,Tomato,3.75,97.09,110.41,175.19,22.12,300.0,0.95
Langtang North,Lowland,Tomato,6.47,140.76,69.67,242.63,19.62,451.04,1.52
Langtang North,Lowland,Tomato,5.17,98.8,106.48,179.07,23.72,480.11,1.62
Langtang North,Lowland,Tomato,5.19,127.95,71.91,245.63,30.79,301.5,1.26
Langtang North,Lowland,Tomato,7.3,130.22,111.18,207.54,20.17,413.86,2.07
Langtang North,Lowland,Tomato,6.61,176.85,49.94,222.78,21.85,300.0,2.22
Langtang North,Lowland,Tomato,5.95,119.26,105.46,120.0,30.05,621.96,1.92
Langtang North,Lowland,Tomato,6.72,123.2,68.22,260.72,28.25,452.46,1.52
Langtang North,Lowland,Tomato,6.59,114.18,137.5,191.84,22.75,530.61,1.26
Langtang North,Lowland,Tomato,6.22,170.75,114.26,239.09,18.69,446.68,0.58
Langtang North,Lowland,Tomato,5.72,134.63,95.49,235.59,27.66,498.56,0.38
Langtang North,Lowland,Tomato,8.75,128.8,128.28,120.0,23.41,300.0,0.68
Langtang North,Lowland,Tomato,6.3,119.75,130.94,287.48,20.54,343.15,0.56
Langtang North,Lowland,Tomato,7.58,134.15,97.29,219.68,23.23,300.18,1.32
Langtang North,Lowland,Tomato,5.94,139.63,53.61,213.81,21.68,417.63,1.92
Langtang North,Lowland,Tomato,5.6,164.4,50.75,277.0,29.57,300.0,0.67
Langtang North,Lowland,Tomato,4.52,156.38,87.77,186.34,19.9,611.19,0.6
Langtang North,Lowland,Tomato,6.27,135.81,85.98,177.16,22.99,465.89,1.04
Langtang North,Lowland,Tomato,8.12,106.86,116.24,123.37,21.32,304.86,0.51
Langtang North,Lowland,Tomato,6.57,126.3,48.75,298.03,25.22,400.14,2.2
Langtang North,Lowland,Tomato,7.39,120.82,48.75,231.41,20.56,544.44,0.74
Langtang North,Lowland,Tomato,5.72,90.35,63.31,200.06,23.67,344.54,2.5
Langtang North,Lowland,Tomato,6.94,129.81,48.75,243.57,31.25,378.09,0.72
Langtang North,Lowland,Tomato,6.43,87.78,108.57,274.97,21.75,325.57,1.23
Langtang North,Lowland,Tomato,5.67,85.42,86.33,177.81,30.1,534.66,2.26
Langtang North,Lowland,Tomato,7.17,135.51,73.49,266.87,25.92,300.0,0.64
Langtang North,Lowland,Tomato,4.78,75.0,106.64,147.51,21.4,404.53,1.15
Langtang North,Lowland,Tomato,5.42,173.8,56.37,136.08,26.37,327.02,0.82
Langtang North,Lowland,Tomato,5.0,139.37,102.37,210.68,22.11,312.47,1.17
Langtang North,Lowland,Tomato,7.36,175.23,125.62,228.68,28.52,300.0,0.78
Langtang North,Lowland,Tomato,6.85,126.07,105.3,250.73,27.87,300.0,1.29
Langtang North,Lowland,Tomato,5.18,106.85,51.53,211.35,17.19,445.94,2.24
Langtang North,Lowland,Tomato,6.86,131.03,136.72,220.38,20.97,414.58,2.5
Langtang North,Lowland,Tomato,4.98,89.27,112.59,194.71,22.32,300.0,0.38
Langtang North,Lowland,Tomato,4.56,176.6,96.21,120.0,29.35,543.92,2.14
Langtang North,Lowland,Tomato,5.76,121.68,100.06,270.35,22.23,312.07,1.77
Langtang North,Lowland,Tomato,7.64,127.97,114.04,210.37,23.47,303.35,0.48
Langtang North,Lowland,Tomato,5.53,101.06,103.89,261.81,25.34,300.0,1.88
Langtang North,Lowland,Tomato,6.59,143.94,82.81,257.89,29.12,378.55,1.79
Langtang North,Lowland,Tomato,7.52,115.94,94.31,208.85,20.0,451.48,2.0
Langtang North,Lowland,Tomato,6.08,139.42,133.16,186.28,25.98,333.59,0.87
Langtang North,Lowland,Tomato,6.64,136.55,111.02,208.68,26.4,594.12,2.03
Langtang North,Lowland,Tomato,6.64,144.23,88.6,197.72,26.52,410.22,1.84
Langtang North,Lowland,Groundnut,7.5,18.92,11.25,50.0,25.72,522.75,1.14
Langtang North,Lowland,Groundnut,7.58,25.0,31.13,48.04,28.69,819.72,1.27
Langtang North,Lowland,Groundnut,6.64,14.88,11.25,43.54,31.53,586.88,0.15
Langtang North,Lowland,Groundnut,6.0,22.32,50.0,37.15,31.82,379.44,0.96
Langtang North,Lowland,Groundnut,6.58,25.0,28.57,50.0,26.92,375.31,0.52
Langtang North,Lowland,Groundnut,6.37,21.68,27.54,30.46,31.11,375.0,0.73
Langtang North,Lowland,Groundnut,5.95,14.44,40.0,35.84,26.97,638.64,0.88
Langtang North,Lowland,Groundnut,7.82,23.68,22.34,50.0,28.97,718.15,0.79
Langtang North,Lowland,Groundnut,6.91,22.04,33.99,48.76,34.76,375.0,1.17
Langtang North,Lowland,Groundnut,6.21,7.5,43.99,42.18,30.38,543.24,1.19
Langtang North,Lowland,Groundnut,6.39,21.05,46.63,49.47,28.15,475.08,0.86
Langtang North,Lowland,Groundnut,6.03,24.01,15.18,41.06,28.3,375.0,0.36
Langtang North,Lowland,Groundnut,6.24,17.5,50.0,36.67,29.91,647.62,1.26
Langtang North,Lowland,Groundnut,6.74,15.39,43.73,31.64,34.35,601.14,0.96
Langtang North,Lowland,Groundnut,7.05,20.55,31.07,42.0,27.15,725.72,0.64
Langtang North,Lowland,Groundnut,7.05,14.94,24.87,22.01,29.44,437.94,1.26
Langtang North,Lowland,Groundnut,6.99,20.38,15.86,42.75,25.68,375.0,1.03
Langtang North,Lowland,Groundnut,6.0,7.5,50.0,32.73,21.89,387.81,0.63
Langtang North,Lowland,Groundnut,7.43,9.79,16.9,46.21,26.43,526.57,0.71
Langtang North,Lowland,Groundnut,7.95,11.97,40.56,50.0,26.69,412.15,1.15
Langtang North,Lowland,Groundnut,7.34,14.84,50.0,38.08,29.78,673.46,1.15
Langtang North,Lowland,Groundnut,6.74,15.59,50.0,30.73,29.11,559.44,1.08
Langtang North,Lowland,Groundnut,8.01,19.79,35.06,50.0,27.52,602.1,0.95
Langtang North,Lowland,Groundnut,7.29,23.75,30.56,21.5,22.14,375.0,0.85
Langtang North,Lowland,Groundnut,5.34,18.58,38.4,45.13,29.77,605.11,1.03
Langtang North,Lowland,Groundnut,6.55,18.89,24.02,39.63,22.46,624.25,0.55
Langtang North,Lowland,Groundnut,6.84,21.39,50.0,22.92,26.86,564.08,1.5
Langtang North,Lowland,Groundnut,6.72,16.04,50.0,44.66,32.81,375.0,1.07
Langtang North,Lowland,Groundnut,6.1,11.88,44.94,43.34,26.31,666.9,0.76
Langtang North,Lowland,Groundnut,6.58,19.3,32.9,48.81,24.35,412.08,0.47
Langtang North,Lowland,Groundnut,7.87,17.62,25.23,35.12,30.97,577.36,0.68
Langtang North,Lowland,Groundnut,6.51,11.01,38.47,48.86,25.96,574.1,0.68
Langtang North,Lowland,Groundnut,6.09,23.49,50.0,42.39,26.55,459.28,1.5
Langtang North,Lowland,Groundnut,6.93,15.04,35.54,39.52,29.64,676.23,1.33
Langtang North,Lowland,Groundnut,6.86,19.27,42.22,32.31,31.43,476.29,1.06
Langtang North,Lowland,Groundnut,7.76,22.74,39.81,33.11,27.73,375.0,1.07
Langtang North,Lowland,Groundnut,5.47,25.0,47.12,38.49,26.13,498.1,0.26
Langtang North,Lowland,Groundnut,7.23,18.55,50.0,41.06,28.81,546.73,0.54
Langtang North,Lowland,Groundnut,6.48,20.29,32.03,32.59,27.01,505.14,1.5
Langtang North,Lowland,Groundnut,6.55,15.55,34.22,50.0,33.51,727.17,0.91
Langtang North,Lowland,Groundnut,7.13,13.37,31.29,27.88,29.66,504.48,0.96
Langtang North,Lowland,Groundnut,6.24,24.48,11.25,35.43,27.63,375.0,1.02
Langtang North,Lowland,Groundnut,6.64,22.79,50.0,40.48,31.4,660.95,1.06
Langtang North,Lowland,Groundnut,6.23,9.93,41.91,34.13,32.49,444.62,0.88
Langtang North,Lowland,Groundnut,6.05,17.5,22.68,30.18,27.82,429.26,1.5
Langtang North,Lowland,Groundnut,7.24,25.0,34.83,38.56,26.5,805.87,0.85
Langtang North,Lowland,Groundnut,6.39,15.11,41.34,50.0,31.8,411.85,0.61
Langtang North,Lowland,Groundnut,7.49,25.0,34.33,48.19,22.87,401.69,0.53
Langtang North,Lowland,Groundnut,6.99,18.47,39.92,48.3,25.71,510.95,0.42
Langtang North,Lowland,Groundnut,7.44,25.0,41.73,38.68,26.22,375.0,0.99
Langtang North,Lowland,Pepper,7.16,212.5,40.7,89.73,31.35,1258.84,1.05
Langtang North,Lowland,Pepper,6.25,118.01,33.28,121.27,25.83,796.86,1.66
Langtang North,Lowland,Pepper,6.54,130.46,35.33,123.72,22.51,472.29,1.43
Langtang North,Lowland,Pepper,8.38,105.87,56.8,76.17,26.79,1174.55,0.45
Langtang North,Lowland,Pepper,5.71,176.7,47.87,88.2,29.23,487.8,2.22
Langtang North,Lowland,Pepper,7.21,149.27,53.28,113.22,22.38,1075.69,2.5
Langtang North,Lowland,Pepper,7.05,130.41,62.5,88.69,32.84,665.22,2.23
Langtang North,Lowland,Pepper,6.02,152.75,37.59,125.0,24.34,450.0,1.55
Langtang North,Lowland,Pepper,6.96,138.42,34.57,109.86,32.11,450.0,0.87
Langtang North,Lowland,Pepper,6.35,117.77,54.12,125.0,23.5,1422.66,0.46
Langtang North,Lowland,Pepper,6.89,115.16,53.41,41.25,18.75,1005.17,1.04
Langtang North,Lowland,Pepper,6.21,212.5,48.45,106.3,21.51,450.0,1.43
Langtang North,Lowland,Pepper,5.19,110.91,49.91,79.71,27.26,1052.55,0.65
Langtang North,Lowland,Pepper,5.67,75.0,41.04,101.97,33.33,897.2,2.45
Langtang North,Lowland,Pepper,6.83,143.91,37.52,41.25,31.92,804.83,2.46
Langtang North,Lowland,Pepper,5.66,212.5,42.81,64.47,24.37,889.61,1.44
Langtang North,Lowland,Pepper,6.04,75.0,34.71,110.84,20.88,450.0,0.75
Langtang North,Lowland,Pepper,6.42,108.42,42.36,61.68,30.8,1011.06,2.5
Langtang North,Lowland,Pepper,6.16,127.85,62.5,92.9,20.56,1035.91,1.76
Langtang North,Lowland,Pepper,4.92,112.84,49.22,120.6,29.16,611.2,0.99
Langtang North,Lowland,Pepper,7.19,75.0,34.66,119.63,27.06,537.43,0.64
Langtang North,Lowland,Pepper,7.23,142.7,43.25,92.45,26.36,858.32,0.56
Langtang North,Lowland,Pepper,5.6,170.15,54.61,92.67,22.42,1115.05,1.22
Langtang North,Lowland,Pepper,7.63,108.93,38.78,78.66,29.95,811.7,1.51
Langtang North,Lowland,Pepper,6.15,150.49,45.41,62.05,26.17,882.16,2.5
Langtang North,Lowland,Pepper,5.96,105.14,50.52,56.57,19.87,450.0,0.94
Langtang North,Lowland,Pepper,5.84,86.96,42.79,41.25,28.08,613.95,1.2
Langtang North,Lowland,Pepper,7.01,154.74,37.25,94.49,33.63,450.0,2.01
Langtang North,Lowland,Pepper,5.52,187.65,36.05,62.94,31.53,1098.51,1.01
Langtang North,Lowland,Pepper,6.61,110.44,23.2,87.6,23.63,466.48,2.4
Langtang North,Lowland,Pepper,5.7,145.41,62.21,75.91,21.65,937.86,1.8
Langtang North,Lowland,Pepper,7.26,212.5,39.77,87.78,18.84,1077.59,1.61
Langtang North,Lowland,Pepper,6.34,114.2,41.36,88.84,20.43,708.59,1.5
Langtang North,Lowland,Pepper,5.15,96.46,36.81,123.8,21.14,803.85,0.76
Langtang North,Lowland,Pepper,5.81,80.5,56.23,47.84,30.26,1002.36,1.43
Langtang North,Lowland,Pepper,7.32,212.5,53.41,53.23,33.32,895.55,2.5
Langtang North,Lowland,Pepper,6.05,192.01,46.44,125.0,24.02,1562.5,1.79
Langtang North,Lowland,Pepper,7.24,209.14,34.95,108.07,23.96,882.28,1.54
Langtang North,Lowland,Pepper,7.0,161.22,38.05,85.91,13.5,1200.33,2.5
Langtang North,Lowland,Pepper,6.66,75.0,57.29,62.59,26.46,1084.84,1.87
Langtang North,Lowland,Pepper,7.44,145.51,48.98,101.98,25.13,564.25,1.8
Langtang North,Lowland,Pepper,5.51,136.2,26.34,68.07,22.8,451.93,2.25
Langtang North,Lowland,Pepper,7.39,193.32,43.7,71.25,29.72,873.67,1.57
Langtang North,Lowland,Pepper,4.27,170.49,55.55,82.49,29.78,1053.08,1.0
Langtang North,Lowland,Pepper,6.3,98.24,62.5,108.29,21.23,1059.58,1.68
Langtang North,Lowland,Pepper,5.89,144.6,58.97,107.31,33.75,860.74,1.32
Langtang North,Lowland,Pepper,6.99,132.02,37.91,58.33,13.5,1103.54,0.45
Langtang North,Lowland,Pepper,5.72,151.49,41.75,125.0,17.58,1562.5,2.45
Langtang North,Lowland,Pepper,7.29,198.45,52.35,41.25,28.2,450.0,1.11
Langtang North,Lowland,Pepper,6.43,102.2,60.25,77.02,27.65,821.43,1.57
Langtang North,Lowland,Cabbage,6.22,95.28,65.1,103.23,30.0,285.0,1.62
Langtang North,Lowland,Cabbage,6.92,131.53,61.72,131.63,18.33,361.03,1.34
Langtang North,Lowland,Cabbage,7.14,165.66,71.15,103.49,7.5,354.77,1.08
Langtang North,Lowland,Cabbage,7.89,126.14,69.72,133.74,24.19,399.08,0.64
Langtang North,Lowland,Cabbage,6.16,121.33,47.42,119.44,14.62,362.55,0.87
Langtang North,Lowland,Cabbage,6.14,167.73,67.17,135.24,21.5,372.48,0.41
Langtang North,Lowland,Cabbage,7.5,155.13,66.28,125.18,28.18,313.96,0.32
Langtang North,Lowland,Cabbage,6.53,133.96,66.16,143.19,12.17,285.0,0.54
Langtang North,Lowland,Cabbage,7.0,85.02,72.95,103.81,13.7,463.92,1.5
Langtang North,Lowland,Cabbage,6.82,91.29,81.25,116.7,22.02,403.84,0.16
Langtang North,Lowland,Cabbage,6.36,127.53,67.59,97.32,22.66,342.36,1.62
Langtang North,Lowland,Cabbage,7.34,121.66,64.73,137.89,22.31,285.0,1.62
Langtang North,Lowland,Cabbage,6.16,187.5,70.19,109.01,7.5,394.37,0.33
Langtang North,Lowland,Cabbage,6.96,185.89,56.49,133.05,13.38,419.32,1.01
Langtang North,Lowland,Cabbage,6.73,164.71,71.92,106.05,30.0,285.0,1.1
Langtang North,Lowland,Cabbage,6.25,86.15,56.52,119.27,22.85,414.13,1.6
Langtang North,Lowland,Cabbage,6.91,116.59,75.54,109.38,7.5,405.73,1.54
Langtang North,Lowland,Cabbage,6.26,186.68,71.55,127.73,15.79,411.21,0.34
Langtang North,Lowland,Cabbage,6.54,108.14,54.99,135.24,22.78,396.33,0.87
Langtang North,Lowland,Cabbage,7.33,131.76,62.31,108.95,7.5,421.51,1.43
Langtang North,Lowland,Cabbage,8.49,119.76,60.61,90.36,27.83,391.09,1.62
Langtang North,Lowland,Cabbage,6.2,150.4,61.88,143.65,24.37,285.0,0.93
Langtang North,Lowland,Cabbage,5.59,95.6,56.8,108.92,17.86,351.52,1.03
Langtang North,Lowland,Cabbage,6.73,139.2,55.51,121.42,30.0,328.39,1.19
Langtang North,Lowland,Cabbage,6.98,154.65,68.96,134.93,24.14,386.01,1.17
Langtang North,Lowland,Cabbage,6.15,95.38,63.35,147.29,18.6,361.67,0.16
Langtang North,Lowland,Cabbage,6.86,132.02,43.05,125.23,7.5,289.23,1.4
Langtang North,Lowland,Cabbage,6.84,116.44,61.77,112.82,21.31,285.0,1.46
Langtang North,Lowland,Cabbage,6.06,79.16,75.12,112.49,20.57,385.82,0.68
Langtang North,Lowland,Cabbage,6.83,148.41,80.82,111.19,16.22,379.43,1.07
Langtang North,Lowland,Cabbage,6.66,175.95,51.72,95.25,7.5,424.12,1.2
Langtang North,Lowland,Cabbage,5.93,125.93,66.2,81.47,21.54,285.0,1.28
Langtang North,Lowland,Cabbage,6.06,135.9,77.77,137.19,24.14,334.31,0.35
Langtang North,Lowland,Cabbage,6.48,122.92,63.84,93.3,23.54,285.0,1.62
Langtang North,Lowland,Cabbage,6.83,158.06,74.83,156.5,21.48,312.7,0.83
Langtang North,Lowland,Cabbage,7.63,91.02,58.76,124.28,18.75,407.74,0.42
Langtang North,Lowland,Cabbage,6.7,124.06,57.06,135.51,19.25,330.61,0.64
Langtang North,Lowland,Cabbage,6.52,99.73,74.0,138.21,30.0,370.38,0.84
Langtang North,Lowland,Cabbage,6.47,143.82,68.2,117.09,17.86,421.98,0.8
Langtang North,Lowland,Cabbage,7.55,134.82,63.23,106.39,18.74,375.24,0.83
Langtang North,Lowland,Cabbage,7.25,117.06,65.35,97.62,24.56,321.3,1.62
Langtang North,Lowland,Cabbage,7.16,131.98,77.17,127.22,28.22,285.0,1.18
Langtang North,Lowland,Cabbage,7.04,84.48,79.63,99.83,9.41,285.0,1.18
Langtang North,Lowland,Cabbage,5.77,114.44,73.78,123.5,14.91,285.0,0.94
Langtang North,Lowland,Cabbage,7.25,149.95,81.25,108.7,9.26,361.7,1.07
Langtang North,Lowland,Cabbage,6.74,107.75,43.23,102.52,24.54,359.88,1.39
Langtang North,Lowland,Cabbage,6.95,150.97,73.14,120.49,20.22,285.0,0.71
Langtang North,Lowland,Cabbage,6.38,126.34,58.3,136.54,12.81,417.17,0.58
Langtang North,Lowland,Cabbage,6.39,109.69,62.1,140.76,17.33,318.88,0.67
Langtang North,Lowland,Cabbage,6.59,135.82,64.56,117.5,28.29,359.16,0.5
Langtang North,Lowland,Maize,6.65,163.82,83.06,87.54,32.26,420.49,1.15
Langtang North,Lowland,Maize,5.52,178.29,47.05,92.64,26.74,577.16,1.84
Langtang North,Lowland,Maize,7.0,142.29,64.22,83.26,25.47,513.96,2.42
Langtang North,Lowland,Maize,6.86,190.66,38.79,102.55,35.0,785.49,0.98
Langtang North,Lowland,Maize,9.38,180.31,79.31,78.89,25.63,375.0,1.84
Langtang North,Lowland,Maize,6.4,174.03,78.73,75.46,28.23,760.54,1.57
Langtang North,Lowland,Maize,6.57,175.91,77.46,65.71,27.97,669.8,1.35
Langtang North,Lowland,Maize,6.25,171.14,85.36,59.45,23.2,375.0,1.31
Langtang North,Lowland,Maize,7.74,218.33,100.0,69.02,28.16,479.6,2.44
Langtang North,Lowland,Maize,8.25,184.41,63.11,45.0,20.33,375.0,0.3
Langtang North,Lowland,Maize,8.91,141.76,55.38,63.65,35.0,539.07,1.98
Langtang North,Lowland,Maize,6.95,121.66,100.0,94.5,26.43,858.02,1.04
Langtang North,Lowland,Maize,6.58,169.45,92.78,104.13,28.3,375.0,1.03
Langtang North,Lowland,Maize,5.53,213.34,46.39,122.36,32.99,389.26,0.99
Langtang North,Lowland,Maize,5.92,192.06,98.66,112.81,24.98,769.59,2.1
Langtang North,Lowland,Maize,6.53,179.24,100.0,109.84,32.7,1000.0,1.67
Langtang North,Lowland,Maize,7.12,219.1,100.0,70.86,26.06,375.0,1.52
Langtang North,Lowland,Maize,7.77,151.85,93.79,74.55,24.51,747.74,0.85
Langtang North,Lowland,Maize,5.12,201.19,71.64,113.1,30.88,375.0,2.21
Langtang North,Lowland,Maize,8.94,209.65,92.74,79.35,24.78,587.18,1.93
Langtang North,Lowland,Maize,7.78,166.75,64.51,50.35,30.01,481.79,1.07
Langtang North,Lowland,Maize,8.74,196.96,79.6,104.52,33.61,375.0,0.89
Langtang North,Lowland,Maize,6.48,150.99,69.3,48.92,31.29,459.44,1.42
Langtang North,Lowland,Maize,6.8,195.76,37.5,95.65,25.72,621.2,0.46
Langtang North,Lowland,Maize,7.22,217.37,77.27,68.39,23.86,650.84,1.68
Langtang North,Lowland,Maize,7.16,178.42,77.5,83.62,25.23,682.56,1.5
Langtang North,Lowland,Maize,8.23,212.07,78.8,99.03,22.54,536.42,1.52
Langtang North,Lowland,Maize,4.92,192.03,57.16,65.3,24.54,544.66,0.35
Langtang North,Lowland,Maize,7.73,184.69,100.0,92.14,29.66,400.57,0.46
Langtang North,Lowland,Maize,7.46,147.64,85.18,124.97,31.4,649.83,1.47
Langtang North,Lowland,Maize,6.3,176.17,64.05,54.43,27.16,743.88,0.38
Langtang North,Lowland,Maize,8.36,215.0,80.89,94.59,26.13,557.35,0.96
Langtang North,Lowland,Maize,6.78,183.59,100.0,98.34,26.03,532.69,0.78
Langtang North,Lowland,Maize,6.11,206.06,65.3,70.72,24.24,422.39,2.07
Langtang North,Lowland,Maize,6.91,171.28,74.46,90.21,23.52,375.0,2.22
Langtang North,Lowland,Maize,7.89,190.53,90.03,125.0,24.51,375.0,1.75
Langtang North,Lowland,Maize,5.05,180.62,68.72,100.87,24.76,759.96,0.76
Langtang North,Lowland,Maize,7.56,160.08,83.54,61.45,26.89,781.37,1.36
Langtang North,Lowland,Maize,8.11,178.75,65.11,89.15,29.88,375.0,1.65
Langtang North,Lowland,Maize,5.66,144.86,83.37,116.38,28.01,375.0,0.81
Langtang North,Lowland,Maize,6.26,185.23,72.69,96.7,31.65,610.33,1.91
Langtang North,Lowland,Maize,6.43,250.0,83.63,101.1,35.0,565.43,0.83
Langtang North,Lowland,Maize,8.25,219.31,76.63,125.0,26.61,713.15,2.35
Langtang North,Lowland,Maize,6.86,192.83,91.9,76.59,23.21,783.27,1.5
Langtang North,Lowland,Maize,6.16,182.26,82.84,48.5,30.33,621.48,2.44
Langtang North,Lowland,Maize,6.49,219.66,73.16,88.38,28.31,916.32,0.42
Langtang North,Lowland,Maize,7.32,180.74,73.45,98.75,32.15,643.04,2.15
Langtang North,Lowland,Maize,6.45,178.1,56.43,125.0,26.13,497.99,1.71
Langtang North,Lowland,Maize,8.02,159.33,94.71,78.05,33.66,455.34,1.8
Langtang North,Lowland,Maize,6.79,146.67,49.17,67.79,31.62,375.0,1.52
Langtang North,Lowland,Wheat,7.53,80.47,44.29,30.98,20.65,620.9,2.72
Langtang North,Lowland,Wheat,6.83,105.33,39.84,37.11,17.89,445.79,1.79
Langtang North,Lowland,Wheat,6.7,116.26,44.89,35.16,24.67,510.35,2.25
Langtang North,Lowland,Wheat,8.41,156.44,56.25,51.22,21.1,381.15,1.06
Langtang North,Lowland,Wheat,8.26,126.27,41.0,18.75,25.0,337.5,1.18
Langtang North,Lowland,Wheat,8.66,94.28,52.05,62.5,25.0,397.85,1.77
Langtang North,Lowland,Wheat,6.79,128.99,56.25,22.21,22.38,427.21,2.98
Langtang North,Lowland,Wheat,8.76,117.64,48.3,55.66,23.36,337.5,2.56
Langtang North,Lowland,Wheat,9.15,136.96,54.5,61.3,21.14,544.9,1.8
Langtang North,Lowland,Wheat,7.18,110.23,49.96,62.5,17.88,521.9,2.07
Langtang North,Lowland,Wheat,8.95,177.99,43.54,34.25,18.99,393.57,1.44
Langtang North,Lowland,Wheat,7.65,104.69,44.79,31.1,21.93,442.57,1.57
Langtang North,Lowland,Wheat,6.27,82.75,56.25,38.42,25.0,540.07,3.12
Langtang North,Lowland,Wheat,8.39,134.13,45.45,28.38,23.75,480.89,2.32
Langtang North,Lowland,Wheat,8.19,139.89,46.19,57.42,19.92,460.56,2.41
Langtang North,Lowland,Wheat,7.18,76.51,55.03,60.95,15.18,337.5,3.12
Langtang North,Lowland,Wheat,7.51,129.62,46.45,27.59,19.94,563.57,1.77
Langtang North,Lowland,Wheat,7.95,180.99,45.55,47.06,23.42,341.27,1.94
Langtang North,Lowland,Wheat,9.41,119.59,55.19,40.58,25.0,337.5,1.84
Langtang North,Lowland,Wheat,5.54,109.08,44.81,38.74,17.05,441.64,2.19
Langtang North,Lowland,Wheat,5.47,111.0,56.25,47.44,15.22,337.5,1.98
Langtang North,Lowland,Wheat,7.36,112.39,56.25,62.5,19.73,551.74,2.59
Langtang North,Lowland,Wheat,8.46,110.85,56.25,41.63,21.73,450.24,1.66
Langtang North,Lowland,Wheat,7.57,94.94,37.42,39.52,17.94,513.81,2.16
Langtang North,Lowland,Wheat,7.26,172.71,48.91,21.35,19.85,586.48,0.6
Langtang North,Lowland,Wheat,7.14,146.29,56.25,60.27,20.89,510.69,0.6
Langtang North,Lowland,Wheat,6.03,148.49,49.89,46.85,20.6,449.41,1.87
Langtang North,Lowland,Wheat,6.02,122.84,41.67,33.59,23.97,428.93,2.31
Langtang North,Lowland,Wheat,7.38,118.29,43.05,36.8,21.03,517.62,1.89
Langtang North,Lowland,Wheat,7.99,85.19,54.01,26.17,23.36,508.56,0.6
Langtang North,Lowland,Wheat,8.1,158.52,56.25,31.42,21.02,530.94,2.43
Langtang North,Lowland,Wheat,7.72,117.07,54.72,57.14,20.05,358.68,1.15
Langtang North,Lowland,Wheat,8.82,157.23,48.83,39.73,15.36,440.16,0.74
Langtang North,Lowland,Wheat,7.43,164.07,43.21,46.12,23.4,475.68,1.33
Langtang North,Lowland,Wheat,7.26,157.42,50.48,42.59,23.86,510.01,0.73
Langtang North,Lowland,Wheat,7.97,157.2,41.71,18.75,17.47,438.05,2.67
Langtang North,Lowland,Wheat,6.22,145.7,32.04,45.27,19.32,694.59,0.6
Langtang North,Lowland,Wheat,7.23,75.0,45.73,18.75,25.0,408.56,1.6
Langtang North,Lowland,Wheat,7.19,96.5,55.11,51.98,23.17,337.5,2.78
Langtang North,Lowland,Wheat,8.42,122.74,54.18,46.61,15.87,428.69,1.36
Langtang North,Lowland,Wheat,7.34,159.28,39.35,36.16,18.11,359.22,1.06
Langtang North,Lowland,Wheat,7.32,144.77,50.98,45.34,22.31,727.43,1.9
Langtang North,Lowland,Wheat,8.42,157.62,56.25,50.82,18.05,485.53,2.0
Langtang North,Lowland,Wheat,8.19,104.05,56.25,42.71,22.94,486.09,1.89
Langtang North,Lowland,Wheat,7.51,149.1,56.25,18.75,22.07,455.12,1.63
Langtang North,Lowland,Wheat,4.51,146.43,48.21,30.46,20.62,415.88,0.6
Langtang North,Lowland,Wheat,7.35,146.42,45.73,46.45,20.81,571.85,1.69
Langtang North,Lowland,Wheat,8.17,120.38,56.25,36.26,18.51,438.29,1.15
Langtang North,Lowland,Wheat,5.8,150.73,31.04,32.16,16.6,466.57,0.6
Langtang North,Lowland,Wheat,7.88,148.64,39.4,45.42,22.0,559.59,0.6
Langtang North,Lowland,Pineapple,3.89,331.05,54.37,136.35,28.48,545.39,0.69
Langtang North,Lowland,Pineapple,6.77,211.32,58.12,97.97,25.19,957.49,1.25
Langtang North,Lowland,Pineapple,6.04,291.31,69.83,127.07,27.56,525.0,0.45
Langtang North,Lowland,Pineapple,5.64,226.07,49.11,124.54,29.69,1022.5,0.77
Langtang North,Lowland,Pineapple,6.42,246.44,39.87,112.9,26.28,774.67,0.75
Langtang North,Lowland,Pineapple,5.42,245.98,67.95,82.78,28.88,647.39,1.25
Langtang North,Lowland,Pineapple,5.38,249.85,57.39,140.02,28.42,742.6,1.13
Langtang North,Lowland,Pineapple,6.28,270.8,68.29,246.76,28.54,799.1,0.93
Langtang North,Lowland,Pineapple,4.41,374.82,70.1,210.35,26.93,525.0,0.69
Langtang North,Lowland,Pineapple,5.83,235.82,54.25,148.41,28.81,969.76,0.84
Langtang North,Lowland,Pineapple,5.09,254.67,65.1,184.1,28.02,673.11,0.97
Langtang North,Lowland,Pineapple,6.26,253.33,43.9,113.45,30.68,525.0,1.25
Langtang North,Lowland,Pineapple,3.75,237.85,59.58,275.0,27.06,712.55,0.46
Langtang North,Lowland,Pineapple,6.35,248.52,61.28,147.18,28.69,883.31,0.47
Langtang North,Lowland,Pineapple,5.02,239.79,66.08,228.21,27.46,525.0,1.05
Langtang North,Lowland,Pineapple,4.19,240.22,66.26,164.76,29.05,643.12,0.45
Langtang North,Lowland,Pineapple,5.38,309.52,71.28,175.72,30.11,950.35,1.06
Langtang North,Lowland,Pineapple,4.38,301.59,61.59,144.84,25.4,719.95,0.57
Langtang North,Lowland,Pineapple,5.94,262.43,66.52,205.57,26.31,620.97,0.08
Langtang North,Lowland,Pineapple,6.63,272.74,61.89,245.2,23.98,759.84,0.45
Langtang North,Lowland,Pineapple,6.5,178.35,73.32,218.98,24.84,761.61,0.47
Langtang North,Lowland,Pineapple,6.24,303.1,52.23,87.08,29.57,1089.7,0.96
Langtang North,Lowland,Pineapple,6.4,255.92,66.04,192.6,26.57,986.23,0.85
Langtang North,Lowland,Pineapple,6.1,262.88,63.24,248.19,27.34,779.63,0.85
Langtang North,Lowland,Pineapple,5.32,211.86,81.25,238.56,29.93,562.31,1.25
Langtang North,Lowland,Pineapple,8.02,312.3,81.25,221.24,25.01,838.84,0.43
Langtang North,Lowland,Pineapple,5.05,282.46,66.07,199.8,22.8,723.01,0.98
Langtang North,Lowland,Pineapple,6.61,302.84,66.87,145.85,28.18,697.55,1.1
Langtang North,Lowland,Pineapple,6.24,266.98,54.98,241.84,28.31,1118.02,0.97
Langtang North,Lowland,Pineapple,6.45,209.51,67.56,149.86,28.94,808.57,1.13
Langtang North,Lowland,Pineapple,8.12,236.82,74.98,213.92,31.64,873.44,0.99
Langtang North,Lowland,Pineapple,6.73,307.24,80.9,117.65,26.08,1053.68,0.1
Langtang North,Lowland,Pineapple,5.65,275.64,61.88,271.39,28.12,682.22,0.56
Langtang North,Lowland,Pineapple,6.07,317.26,65.56,161.53,25.37,815.46,0.9
Langtang North,Lowland,Pineapple,4.91,311.54,81.25,173.27,27.71,556.64,1.04
Langtang North,Lowland,Pineapple,6.28,256.16,55.28,275.0,27.9,589.41,1.08
Langtang North,Lowland,Pineapple,6.01,271.92,75.35,82.5,22.76,991.36,0.74
Langtang North,Lowland,Pineapple,5.25,214.73,66.2,190.46,30.38,815.18,0.68
Langtang North,Lowland,Pineapple,6.21,314.95,74.33,209.94,27.64,648.27,0.42
Langtang North,Lowland,Pineapple,4.37,285.65,69.75,240.23,28.32,933.9,0.74
Langtang North,Lowland,Pineapple,6.63,228.5,63.24,82.5,27.07,964.34,0.81
Langtang North,Lowland,Pineapple,6.58,280.7,57.3,158.18,29.77,875.42,0.57
Langtang North,Lowland,Pineapple,4.14,277.98,57.16,158.77,23.59,932.13,0.75
Langtang North,Lowland,Pineapple,5.81,235.4,60.71,177.98,25.56,712.22,1.25
Langtang North,Lowland,Pineapple,3.72,277.07,54.79,255.74,26.58,566.75,0.71
Langtang North,Lowland,Pineapple,6.15,375.0,39.36,93.33,30.06,525.0,0.79
Langtang North,Lowland,Pineapple,5.19,243.29,61.94,148.83,29.48,982.45,0.93
Langtang North,Lowland,Pineapple,5.47,280.1,73.33,234.29,27.87,1017.34,0.57
Langtang North,Lowland,Pineapple,7.06,298.36,56.84,185.04,27.71,725.14,0.73
Langtang North,Lowland,Pineapple,3.98,241.29,61.17,133.46,24.99,935.69,0.75
Langtang North,Lowland,Onion,8.03,89.71,56.07,63.39,18.58,380.64,1.86
Langtang North,Lowland,Onion,6.69,94.94,46.95,65.64,20.36,262.5,1.18
Langtang North,Lowland,Onion,7.13,91.42,46.09,82.43,21.07,351.62,1.57
Langtang North,Lowland,Onion,6.83,78.99,49.4,66.92,19.68,368.11,1.27
Langtang North,Lowland,Onion,6.09,92.29,56.25,47.65,19.04,674.01,0.75
Langtang North,Lowland,Onion,7.51,79.17,44.65,64.96,21.74,262.5,1.28
Langtang North,Lowland,Onion,6.5,45.0,56.25,33.75,25.0,421.91,0.47
Langtang North,Lowland,Onion,7.54,66.99,35.73,33.75,17.99,263.03,1.61
Langtang North,Lowland,Onion,7.44,55.55,47.1,33.75,21.3,601.99,0.3
Langtang North,Lowland,Onion,6.14,101.49,53.8,48.43,24.78,262.5,2.06
Langtang North,Lowland,Onion,7.02,114.19,48.27,81.04,22.56,483.42,1.17
Langtang North,Lowland,Onion,6.21,82.67,36.17,55.35,25.0,422.58,1.49
Langtang North,Lowland,Onion,7.38,98.93,56.25,33.75,17.6,268.34,0.46
Langtang North,Lowland,Onion,6.81,88.25,56.25,86.08,19.03,407.62,0.3
Langtang North,Lowland,Onion,6.83,86.59,33.43,63.53,18.49,262.5,1.54
Langtang North,Lowland,Onion,7.36,96.42,38.84,54.12,19.32,324.36,0.73
Langtang North,Lowland,Onion,7.37,79.79,52.86,39.07,18.5,450.16,1.64
Langtang North,Lowland,Onion,6.03,91.59,47.78,53.18,21.54,262.5,0.7
Langtang North,Lowland,Onion,7.1,85.2,44.89,64.06,22.06,418.19,1.6
Langtang North,Lowland,Onion,6.82,75.44,37.45,46.07,19.33,279.33,2.03
Langtang North,Lowland,Onion,6.12,108.73,40.82,63.42,21.67,262.5,0.76
Langtang North,Lowland,Onion,6.01,75.64,33.35,94.51,18.81,262.5,1.01
Langtang North,Lowland,Onion,7.22,122.57,41.27,57.09,20.46,398.37,0.59
Langtang North,Lowland,Onion,6.6,83.36,44.48,64.69,17.78,389.48,1.16
Langtang North,Lowland,Onion,6.72,59.24,51.41,48.29,25.0,262.5,1.58
Langtang North,Lowland,Onion,5.61,45.0,37.48,33.75,22.62,347.46,1.92
Langtang North,Lowland,Onion,6.64,90.19,40.82,49.8,19.32,262.5,1.39
Langtang North,Lowland,Onion,6.56,82.17,56.25,59.41,21.41,343.69,1.79
Langtang North,Lowland,Onion,6.89,78.18,56.25,50.09,19.94,456.82,0.75
Langtang North,Lowland,Onion,7.2,73.32,55.64,87.57,20.24,262.5,0.98
Langtang North,Lowland,Onion,6.74,105.25,47.68,78.61,21.51,448.63,1.08
Langtang North,Lowland,Onion,6.84,85.17,38.84,88.28,23.38,490.53,0.78
Langtang North,Lowland,Onion,6.95,110.01,56.25,36.85,20.49,327.95,2.02
Langtang North,Lowland,Onion,5.43,60.06,56.25,58.05,16.72,526.23,0.43
Langtang North,Lowland,Onion,7.35,48.09,27.13,71.72,18.04,381.74,2.13
Langtang North,Lowland,Onion,6.65,122.51,47.72,87.14,13.66,424.16,1.44
Langtang North,Lowland,Onion,6.53,125.0,38.2,34.81,22.77,262.5,1.22
Langtang North,Lowland,Onion,7.54,96.15,41.06,60.47,24.18,262.5,1.59
Langtang North,Lowland,Onion,8.05,97.2,41.17,64.37,19.1,274.12,1.25
Langtang North,Lowland,Onion,7.15,122.12,21.14,33.75,25.0,356.66,1.24
Langtang North,Lowland,Onion,7.04,80.15,56.25,77.67,19.2,308.25,1.11
Langtang North,Lowland,Onion,6.28,123.95,45.39,43.75,21.68,517.72,1.74
Langtang North,Lowland,Onion,6.29,58.62,56.25,34.49,21.58,283.74,1.87
Langtang North,Lowland,Onion,6.12,65.92,51.14,83.87,24.45,405.12,1.37
Langtang North,Lowland,Onion,7.37,52.52,33.69,41.38,12.7,448.15,1.93
Langtang North,Lowland,Onion,7.08,93.39,44.94,68.76,25.0,530.56,0.88
Langtang North,Lowland,Onion,7.4,113.21,51.53,75.54,21.53,262.5,0.36
Langtang North,Lowland,Onion,7.21,58.82,27.75,33.75,19.12,393.63,1.42
Langtang North,Lowland,Onion,7.25,75.37,45.2,84.89,21.85,281.83,1.34
Langtang North,Lowland,Onion,5.56,84.52,36.74,98.62,17.66,363.6,0.96
Langtang South,Lowland,Irish-potato,4.55,114.59,51.31,225.0,11.09,510.45,1.25
Langtang South,Lowland,Irish-potato,4.96,111.96,75.0,163.41,21.5,408.12,0.75
Langtang South,Lowland,Irish-potato,4.93,141.73,51.44,92.64,20.17,458.91,0.89
Langtang South,Lowland,Irish-potato,4.81,95.02,58.74,183.44,16.58,522.19,1.02
Langtang South,Lowland,Irish-potato,6.34,150.0,43.64,90.0,21.42,445.13,1.59
Langtang South,Lowland,Irish-potato,4.47,96.75,52.59,165.46,13.64,382.62,0.64
Langtang South,Lowland,Irish-potato,4.59,97.98,67.51,180.48,20.66,300.0,1.88
Langtang South,Lowland,Irish-potato,4.48,81.37,63.33,131.8,19.27,495.79,0.9
Langtang South,Lowland,Irish-potato,4.85,95.99,75.0,125.07,16.22,300.0,0.82
Langtang South,Lowland,Irish-potato,3.91,76.77,75.0,185.76,22.47,300.0,0.27
Langtang South,Lowland,Irish-potato,5.26,150.0,50.13,154.84,12.51,404.94,1.23
Langtang South,Lowland,Irish-potato,3.32,65.08,39.08,90.0,15.46,489.03,0.96
Langtang South,Lowland,Irish-potato,5.93,88.69,64.34,175.61,23.37,300.0,1.53
Langtang South,Lowland,Irish-potato,4.24,150.0,40.43,169.63,23.46,300.0,1.61
Langtang South,Lowland,Irish-potato,4.2,150.0,30.0,90.0,14.07,300.0,1.57
Langtang South,Lowland,Irish-potato,6.45,141.81,62.72,149.99,15.88,468.44,1.19
Langtang South,Lowland,Irish-potato,5.15,75.45,37.59,150.83,18.01,300.0,0.89
Langtang South,Lowland,Irish-potato,5.45,117.31,75.0,221.99,13.82,366.61,0.58
Langtang South,Lowland,Irish-potato,3.52,150.0,75.0,116.43,22.35,643.55,0.29
Langtang South,Lowland,Irish-potato,5.69,84.17,65.33,225.0,23.55,377.56,1.88
Langtang South,Lowland,Irish-potato,3.45,119.01,67.86,186.54,16.22,466.85,1.75
Langtang South,Lowland,Irish-potato,3.13,90.32,42.82,184.25,22.82,300.0,0.72
Langtang South,Lowland,Irish-potato,5.1,61.02,54.66,132.07,20.03,455.16,1.38
Langtang South,Lowland,Irish-potato,6.32,110.82,51.31,133.99,15.32,300.0,0.57
Langtang South,Lowland,Irish-potato,5.91,76.24,64.15,133.75,17.9,601.92,1.39
Langtang South,Lowland,Irish-potato,4.26,81.64,73.68,174.86,21.23,358.26,0.56
Langtang South,Lowland,Irish-potato,5.41,110.23,63.51,90.0,15.76,300.0,1.51
Langtang South,Lowland,Irish-potato,5.35,99.86,75.0,225.0,19.24,517.44,1.01
Langtang South,Lowland,Irish-potato,4.42,136.72,43.32,186.09,24.02,514.36,1.25
Langtang South,Lowland,Irish-potato,3.92,107.1,75.0,140.1,21.58,463.88,1.45
Langtang South,Lowland,Irish-potato,4.75,60.0,51.19,126.76,20.01,397.34,1.86
Langtang South,Lowland,Irish-potato,5.23,83.73,44.37,117.81,18.56,334.76,0.73
Langtang South,Lowland,Irish-potato,5.81,106.71,63.43,106.3,14.35,371.61,0.23
Langtang South,Lowland,Irish-potato,5.63,76.74,53.94,171.9,17.21,300.0,1.88
Langtang South,Lowland,Irish-potato,3.77,60.0,73.93,90.0,22.38,465.96,1.44
Langtang South,Lowland,Irish-potato,4.54,72.49,52.04,103.44,22.23,300.0,1.56
Langtang South,Lowland,Irish-potato,5.81,70.54,65.22,102.56,17.39,319.74,0.93
Langtang South,Lowland,Irish-potato,5.13,60.0,74.89,92.71,13.57,355.85,1.1
Langtang South,Lowland,Irish-potato,5.29,104.35,30.15,201.29,17.03,442.26,1.88
Langtang South,Lowland,Irish-potato,6.04,108.75,34.6,90.0,22.07,329.68,1.21
Langtang South,Lowland,Irish-potato,4.08,116.99,75.0,225.0,16.43,512.85,1.25
Langtang South,Lowland,Irish-potato,5.71,101.24,44.2,218.8,18.34,338.49,1.39
Langtang South,Lowland,Irish-potato,4.41,115.92,55.19,107.76,25.0,300.0,1.48
Langtang South,Lowland,Irish-potato,5.05,65.49,52.72,90.0,25.0,353.11,1.2
Langtang South,Lowland,Irish-potato,6.57,72.54,75.0,180.6,11.07,335.06,1.53
Langtang South,Lowland,Irish-potato,5.03,102.72,48.0,112.07,16.92,743.23,0.82
Langtang South,Lowland,Irish-potato,4.61,102.39,33.02,172.17,13.49,300.0,0.7
Langtang South,Lowland,Irish-potato,3.68,145.77,67.75,197.92,20.91,370.58,1.28
Langtang South,Lowland,Irish-potato,5.82,150.0,36.61,225.0,13.4,319.16,1.33
Langtang South,Lowland,Irish-potato,5.13,150.0,75.0,171.16,21.62,460.51,0.94
Langtang South,Lowland,Tomato,6.88,128.35,74.0,258.27,24.28,300.0,0.82
Langtang South,Lowland,Tomato,6.94,156.98,108.77,222.13,21.18,410.83,1.26
Langtang South,Lowland,Tomato,6.1,123.12,78.8,234.48,20.37,300.0,0.95
Langtang South,Lowland,Tomato,7.34,136.27,49.32,227.29,24.3,351.35,1.33
Langtang South,Lowland,Tomato,4.78,131.43,62.85,183.2,23.07,489.73,1.52
Langtang South,Lowland,Tomato,7.14,91.52,93.3,224.18,29.59,300.0,0.91
Langtang South,Lowland,Tomato,6.9,173.37,103.63,147.82,20.03,415.72,1.75
Langtang South,Lowland,Tomato,6.07,94.92,125.04,183.26,26.66,300.0,2.34
Langtang South,Lowland,Tomato,5.53,165.59,112.21,132.98,25.51,593.07,1.08
Langtang South,Lowland,Tomato,8.24,137.63,131.31,206.92,23.99,614.12,2.0
Langtang South,Lowland,Tomato,6.05,138.74,81.3,204.51,29.4,381.14,0.88
Langtang South,Lowland,Tomato,5.2,128.53,74.93,132.8,19.59,536.96,1.4
Langtang South,Lowland,Tomato,6.39,98.2,80.86,170.92,23.37,300.0,2.26
Langtang South,Lowland,Tomato,6.3,132.27,120.13,238.49,22.15,470.45,1.91
Langtang South,Lowland,Tomato,6.69,157.32,117.11,233.35,30.09,403.34,1.54
Langtang South,Lowland,Tomato,7.27,121.18,108.77,173.42,15.17,469.68,0.41
Langtang South,Lowland,Tomato,5.51,150.29,117.96,254.2,16.23,434.5,1.32
Langtang South,Lowland,Tomato,7.46,169.43,61.77,200.23,27.91,360.61,2.5
Langtang South,Lowland,Tomato,5.86,117.63,67.95,206.66,13.5,371.12,2.38
Langtang South,Lowland,Tomato,4.71,79.2,125.43,257.76,18.95,601.95,1.8
Langtang South,Lowland,Tomato,7.53,103.3,135.21,187.01,23.22,456.22,1.22
Langtang South,Lowland,Tomato,4.56,130.22,87.77,163.74,29.58,678.83,0.85
Langtang South,Lowland,Tomato,6.55,114.77,137.5,222.38,28.3,537.74,1.59
Langtang South,Lowland,Tomato,6.11,170.67,116.55,160.11,21.53,354.59,2.31
Langtang South,Lowland,Tomato,8.02,187.5,77.52,206.02,22.86,378.75,2.15
Langtang South,Lowland,Tomato,6.27,164.75,82.57,234.0,22.69,300.0,0.78
Langtang South,Lowland,Tomato,6.46,182.4,84.06,191.62,26.51,330.14,1.16
Langtang South,Lowland,Tomato,6.4,113.65,49.32,169.23,27.02,475.29,2.43
Langtang South,Lowland,Tomato,7.77,100.14,76.56,166.85,23.88,327.36,1.37
Langtang South,Lowland,Tomato,5.31,149.25,71.24,153.05,26.63,484.18,1.34
Langtang South,Lowland,Tomato,7.33,149.61,137.5,233.61,31.25,407.22,2.48
Langtang South,Lowland,Tomato,7.96,122.22,78.05,175.63,26.2,300.0,1.18
Langtang South,Lowland,Tomato,7.7,145.82,48.75,137.46,31.25,537.48,1.09
Langtang South,Lowland,Tomato,4.6,89.95,109.49,291.52,31.25,300.0,1.29
Langtang South,Lowland,Tomato,5.33,130.37,61.19,174.08,20.95,461.03,1.14
Langtang South,Lowland,Tomato,5.89,141.28,137.5,297.98,26.37,389.68,2.42
Langtang South,Lowland,Tomato,7.67,152.09,54.67,255.73,25.97,300.0,1.03
Langtang South,Lowland,Tomato,6.99,75.0,92.83,169.0,21.4,346.71,0.46
Langtang South,Lowland,Tomato,7.54,75.0,100.57,160.04,31.25,402.64,0.38
Langtang South,Lowland,Tomato,6.95,94.53,121.98,228.25,30.53,421.8,2.07
Langtang South,Lowland,Tomato,6.37,109.19,124.1,142.21,24.35,333.73,2.09
Langtang South,Lowland,Tomato,5.23,114.46,97.28,268.74,22.32,353.28,0.55
Langtang South,Lowland,Tomato,5.19,138.42,96.97,201.73,31.25,300.0,2.5
Langtang South,Lowland,Tomato,7.68,116.88,106.4,167.7,25.81,650.56,1.04
Langtang South,Lowland,Tomato,6.05,104.32,80.48,180.75,20.02,369.28,1.53
Langtang South,Lowland,Tomato,5.86,75.0,92.08,197.29,31.25,403.13,2.15
Langtang South,Lowland,Tomato,5.83,164.23,71.33,223.0,27.94,480.84,2.5
Langtang South,Lowland,Tomato,5.65,167.6,126.46,201.79,31.25,382.92,1.51
Langtang South,Lowland,Tomato,6.32,89.26,116.12,227.67,24.07,605.42,1.19
Langtang South,Lowland,Tomato,4.32,181.84,122.67,228.63,23.11,439.87,0.61
Langtang South,Lowland,Groundnut,6.69,11.1,39.95,40.07,24.33,584.49,1.17
Langtang South,Lowland,Groundnut,7.23,14.97,46.4,25.9,22.11,375.0,0.92
Langtang South,Lowland,Groundnut,5.86,25.0,34.92,40.03,30.75,500.75,1.5
Langtang South,Lowland,Groundnut,8.56,24.52,22.92,44.53,21.88,662.79,0.2
Langtang South,Lowland,Groundnut,6.63,23.45,41.75,19.05,28.6,544.94,1.17
Langtang South,Lowland,Groundnut,6.58,21.38,50.0,30.64,33.32,481.79,0.92
Langtang South,Lowland,Groundnut,7.63,24.1,27.08,25.3,34.18,488.03,1.1
Langtang South,Lowland,Groundnut,6.67,24.11,50.0,32.6,35.0,435.37,1.0
Langtang South,Lowland,Groundnut,7.22,11.61,45.76,27.45,22.6,375.0,0.98
Langtang South,Lowland,Groundnut,7.07,8.43,38.73,33.58,27.41,392.05,1.18
Langtang South,Lowland,Groundnut,6.74,22.12,17.26,32.99,23.55,472.37,0.71
Langtang South,Lowland,Groundnut,6.28,16.36,27.87,44.82,32.13,593.79,1.37
Langtang South,Lowland,Groundnut,6.9,24.01,31.83,50.0,24.7,375.0,0.61
Langtang South,Lowland,Groundnut,6.09,7.5,39.25,39.46,28.12,375.0,0.93
Langtang South,Lowland,Groundnut,7.32,14.38,24.47,18.75,26.52,418.12,1.07
Langtang South,Lowland,Groundnut,7.1,14.73,38.82,36.12,23.7,719.82,0.84
Langtang South,Lowland,Groundnut,7.13,9.74,37.73,33.27,33.81,472.89,1.5
Langtang South,Lowland,Groundnut,6.99,25.0,11.25,36.21,18.64,493.23,1.45
Langtang South,Lowland,Groundnut,7.68,20.7,31.89,36.76,35.0,508.79,1.43
Langtang South,Lowland,Groundnut,6.57,22.64,49.35,26.65,30.72,596.13,1.36
Langtang South,Lowland,Groundnut,6.8,23.57,22.48,32.08,28.39,636.52,0.76
Langtang South,Lowland,Groundnut,6.96,13.5,37.72,35.42,23.53,647.33,1.25
Langtang South,Lowland,Groundnut,6.31,14.39,50.0,35.63,24.62,408.68,1.31
Langtang South,Lowland,Groundnut,7.26,18.5,31.87,39.08,26.91,400.39,1.5
Langtang South,Lowland,Groundnut,7.11,11.8,38.09,32.23,26.78,527.22,0.77
Langtang South,Lowland,Groundnut,7.34,16.35,12.64,29.99,25.84,375.0,1.04
Langtang South,Lowland,Groundnut,7.44,15.75,46.46,32.07,26.4,414.73,0.65
Langtang South,Lowland,Groundnut,7.37,20.65,32.06,18.75,29.65,394.55,1.15
Langtang South,Lowland,Groundnut,5.9,16.92,34.21,18.75,33.66,462.04,1.01
Langtang South,Lowland,Groundnut,7.14,16.09,41.44,21.98,27.5,375.0,1.01
Langtang South,Lowland,Groundnut,7.68,7.58,31.01,18.75,28.03,554.33,1.23
Langtang South,Lowland,Groundnut,6.46,7.5,18.01,42.99,31.08,489.35,1.15
Langtang South,Lowland,Groundnut,6.21,23.93,25.63,35.82,23.35,479.23,1.5
Langtang South,Lowland,Groundnut,6.26,20.76,20.35,24.1,27.97,613.24,0.99
Langtang South,Lowland,Groundnut,7.19,23.07,24.87,18.75,26.76,648.38,0.81
Langtang South,Lowland,Groundnut,7.43,14.85,50.0,50.0,31.61,375.0,0.25
Langtang South,Lowland,Groundnut,6.86,21.68,43.44,25.66,22.8,608.37,1.5
Langtang South,Lowland,Groundnut,6.42,21.21,50.0,30.33,27.41,565.24,1.0
Langtang South,Lowland,Groundnut,7.62,14.02,35.67,19.37,27.18,382.57,1.22
Langtang South,Lowland,Groundnut,5.83,22.11,23.41,47.6,32.8,562.43,0.56
Langtang South,Lowland,Groundnut,6.45,11.14,24.87,45.79,27.47,423.33,0.83
Langtang South,Lowland,Groundnut,6.5,19.5,12.38,32.85,29.48,375.0,0.6
Langtang South,Lowland,Groundnut,6.79,24.8,50.0,26.67,32.93,462.75,0.98
Langtang South,Lowland,Groundnut,6.88,21.29,27.24,28.51,23.63,540.91,1.42
Langtang South,Lowland,Groundnut,7.41,8.39,30.54,42.89,28.81,503.97,1.1
Langtang South,Lowland,Groundnut,7.14,18.05,27.73,39.7,23.79,654.09,0.78
Langtang South,Lowland,Groundnut,7.15,15.42,29.17,43.87,30.6,493.13,1.5
Langtang South,Lowland,Groundnut,7.4,11.67,11.25,32.93,32.84,571.17,1.5
Langtang South,Lowland,Groundnut,6.47,15.7,34.77,34.1,30.69,690.25,1.5
Langtang South,Lowland,Groundnut,7.81,20.29,31.13,33.97,30.29,515.74,0.78
Langtang South,Lowland,Pepper,6.17,171.93,42.53,77.63,25.09,486.81,1.58
Langtang South,Lowland,Pepper,6.17,108.05,30.68,74.35,28.75,1249.76,0.72
Langtang South,Lowland,Pepper,7.98,148.38,29.68,66.39,15.64,450.0,2.5
Langtang South,Lowland,Pepper,5.96,158.37,44.5,77.46,27.43,450.0,2.5
Langtang South,Lowland,Pepper,6.48,115.73,52.96,58.06,26.59,762.31,2.19
Langtang South,Lowland,Pepper,6.38,94.2,51.41,69.89,15.94,899.92,1.32
Langtang South,Lowland,Pepper,6.87,101.37,28.52,107.97,29.93,822.51,2.0
Langtang South,Lowland,Pepper,7.28,135.96,28.49,84.85,30.76,1049.85,1.74
Langtang South,Lowland,Pepper,7.07,127.24,61.37,112.35,18.7,1247.99,2.5
Langtang South,Lowland,Pepper,7.03,176.67,36.68,63.77,24.4,672.45,0.78
Langtang South,Lowland,Pepper,6.42,170.63,27.17,81.69,26.28,710.79,2.04
Langtang South,Lowland,Pepper,6.92,121.13,61.61,91.71,33.75,799.82,1.47
Langtang South,Lowland,Pepper,6.39,184.63,43.96,74.69,33.75,450.0,1.95
Langtang South,Lowland,Pepper,6.52,126.12,32.21,59.56,23.36,1012.91,2.29
Langtang South,Lowland,Pepper,5.01,87.18,54.12,93.59,17.82,1156.4,1.69
Langtang South,Lowland,Pepper,7.23,101.5,25.84,68.89,24.11,703.64,1.42
Langtang South,Lowland,Pepper,8.05,75.0,33.8,66.0,25.63,1094.51,2.3
Langtang South,Lowland,Pepper,7.51,156.1,20.88,41.25,31.52,1235.37,2.14
Langtang South,Lowland,Pepper,5.85,123.17,40.3,50.09,26.86,1562.5,1.35
Langtang South,Lowland,Pepper,7.71,100.13,23.7,102.91,24.35,1306.87,2.5
Langtang South,Lowland,Pepper,6.33,191.38,33.34,53.58,31.13,450.0,1.69
Langtang South,Lowland,Pepper,7.66,190.3,39.81,103.48,19.6,572.03,1.86
Langtang South,Lowland,Pepper,6.9,93.48,62.5,41.25,25.78,899.26,0.47
Langtang South,Lowland,Pepper,7.73,106.06,47.56,85.6,17.87,450.0,2.5
Langtang South,Lowland,Pepper,6.51,75.0,41.72,76.13,26.65,450.0,1.68
Langtang South,Lowland,Pepper,5.84,145.43,53.52,87.49,32.87,1562.5,0.9
Langtang South,Lowland,Pepper,6.24,166.81,44.28,41.25,24.49,1292.8,0.72
Langtang South,Lowland,Pepper,6.76,75.0,58.82,83.33,22.52,666.58,0.65
Langtang South,Lowland,Pepper,7.45,103.65,53.43,51.74,33.75,1416.19,2.5
Langtang South,Lowland,Pepper,8.49,110.4,33.22,125.0,24.76,1140.83,1.26
Langtang South,Lowland,Pepper,6.04,170.37,18.75,97.55,28.25,624.04,1.71
Langtang South,Lowland,Pepper,6.73,146.09,56.2,55.6,33.75,747.07,1.6
Langtang South,Lowland,Pepper,8.27,75.0,62.5,79.44,22.72,450.0,0.81
Langtang South,Lowland,Pepper,6.27,147.77,55.21,83.97,22.82,1332.74,2.5
Langtang South,Lowland,Pepper,7.88,121.67,53.45,91.85,33.75,696.81,1.02
Langtang South,Lowland,Pepper,7.56,153.02,29.94,95.51,33.75,562.03,1.07
Langtang South,Lowland,Pepper,6.6,164.24,45.03,106.77,26.87,1208.47,1.19
Langtang South,Lowland,Pepper,5.5,122.46,26.47,87.74,14.91,653.39,1.5
Langtang South,Lowland,Pepper,5.66,123.84,46.19,110.31,20.04,960.45,2.09
Langtang South,Lowland,Pepper,6.55,115.99,29.5,125.0,25.88,705.39,2.5
Langtang South,Lowland,Pepper,6.77,212.5,25.46,70.77,18.31,778.71,1.61
Langtang South,Lowland,Pepper,6.17,138.59,40.15,74.09,21.53,1371.9,0.92
Langtang South,Lowland,Pepper,6.76,87.54,33.94,57.87,24.81,891.49,0.92
Langtang South,Lowland,Pepper,6.21,95.79,31.02,106.75,18.19,853.31,2.5
Langtang South,Lowland,Pepper,7.63,153.8,45.89,96.33,27.44,1364.25,1.6
Langtang South,Lowland,Pepper,7.45,123.04,62.5,72.74,17.0,854.45,2.23
Langtang South,Lowland,Pepper,8.0,95.59,20.67,90.03,27.95,450.0,1.47
Langtang South,Lowland,Pepper,6.32,170.09,40.09,65.56,26.1,450.0,2.5
Langtang South,Lowland,Pepper,7.39,107.64,29.81,49.69,28.58,450.0,1.52
Langtang South,Lowland,Pepper,5.09,158.55,54.57,72.15,26.52,1126.63,1.81
Langtang South,Lowland,Cabbage,7.29,92.33,69.44,117.88,29.8,342.13,1.16
Langtang South,Lowland,Cabbage,6.49,169.86,45.51,123.44,19.83,327.15,1.06
Langtang South,Lowland,Cabbage,6.79,140.33,59.17,116.85,22.86,285.0,1.41
Langtang South,Lowland,Cabbage,7.03,103.09,55.73,100.28,21.1,334.68,1.62
Langtang South,Lowland,Cabbage,6.6,100.46,71.88,97.34,13.55,285.56,0.15
Langtang South,Lowland,Cabbage,7.16,153.79,74.15,147.49,30.0,316.62,1.62
Langtang South,Lowland,Cabbage,6.76,113.96,59.52,109.81,22.68,450.68,1.5
Langtang South,Lowland,Cabbage,6.36,95.94,71.1,130.28,30.0,321.19,1.39
Langtang South,Lowland,Cabbage,7.33,86.99,68.56,130.32,24.16,334.35,1.62
Langtang South,Lowland,Cabbage,7.97,126.66,64.47,126.75,19.53,429.01,0.66
Langtang South,Lowland,Cabbage,6.68,146.36,74.91,88.57,12.22,285.0,0.83
Langtang South,Lowland,Cabbage,6.06,142.1,68.13,111.8,20.21,423.6,0.76
Langtang South,Lowland,Cabbage,5.67,147.1,62.71,96.67,24.52,285.0,0.84
Langtang South,Lowland,Cabbage,5.4,133.94,79.9,104.46,13.54,464.92,1.46
Langtang South,Lowland,Cabbage,8.24,131.07,68.11,139.78,18.79,357.3,0.18
Langtang South,Lowland,Cabbage,7.86,137.78,65.19,130.37,10.37,301.4,1.43
Langtang South,Lowland,Cabbage,6.85,139.4,68.31,125.53,9.23,429.47,0.99
Langtang South,Lowland,Cabbage,6.86,108.87,63.61,118.5,26.0,403.09,1.38
Langtang South,Lowland,Cabbage,6.47,137.15,68.23,115.52,24.36,285.0,0.34
Langtang South,Lowland,Cabbage,7.53,122.55,69.77,99.31,30.0,364.51,1.12
Langtang South,Lowland,Cabbage,6.99,75.6,69.39,140.51,22.57,353.03,1.06
Langtang South,Lowland,Cabbage,7.47,162.27,62.35,120.77,21.89,368.12,0.87
Langtang South,Lowland,Cabbage,7.5,142.86,76.65,94.97,11.38,484.16,1.62
Langtang South,Lowland,Cabbage,6.34,151.69,62.05,84.76,7.5,338.46,1.62
Langtang South,Lowland,Cabbage,7.73,163.12,73.39,120.04,29.39,285.0,1.61
Langtang South,Lowland,Cabbage,6.15,99.77,72.22,130.74,15.03,385.23,1.43
Langtang South,Lowland,Cabbage,6.64,130.87,81.25,109.56,17.98,350.5,1.12
Langtang South,Lowland,Cabbage,7.29,169.22,63.97,99.5,30.0,348.39,0.48
Langtang South,Lowland,Cabbage,7.93,159.22,80.14,139.59,30.0,285.0,0.86
Langtang South,Lowland,Cabbage,6.53,111.2,67.2,105.92,10.3,285.0,1.07
Langtang South,Lowland,Cabbage,7.5,109.61,73.21,91.37,7.5,330.68,0.94
Langtang South,Lowland,Cabbage,6.3,97.26,59.94,97.21,12.69,285.0,0.3
Langtang South,Lowland,Cabbage,5.51,187.5,65.57,141.17,18.55,329.9,1.32
Langtang South,Lowland,Cabbage,7.2,90.04,62.8,119.82,7.5,430.81,1.62
Langtang South,Lowland,Cabbage,5.57,100.75,67.04,129.22,30.0,295.39,1.62
Langtang South,Lowland,Cabbage,6.79,119.85,71.04,119.93,22.08,479.73,1.3
Langtang South,Lowland,Cabbage,6.24,101.9,79.01,126.46,7.5,285.0,1.21
Langtang South,Lowland,Cabbage,7.19,106.61,51.42,94.8,30.0,374.79,1.62
Langtang South,Lowland,Cabbage,7.51,108.13,62.86,111.55,23.4,416.27,1.62
Langtang South,Lowland,Cabbage,7.31,150.34,81.25,110.9,29.7,380.48,1.45
Langtang South,Lowland,Cabbage,6.69,85.73,69.14,120.6,15.31,333.23,0.83
Langtang South,Lowland,Cabbage,6.3,112.36,54.5,104.28,25.82,441.93,1.62
Langtang South,Lowland,Cabbage,6.58,161.37,69.07,110.34,23.28,417.15,0.99
Langtang South,Lowland,Cabbage,6.51,114.44,60.64,135.47,13.77,298.87,1.33
Langtang South,Lowland,Cabbage,6.96,114.43,80.86,103.45,18.6,285.0,1.07
Langtang South,Lowland,Cabbage,6.03,99.67,49.01,98.87,19.39,322.91,1.02
Langtang South,Lowland,Cabbage,6.63,111.66,65.82,112.56,22.24,325.93,1.01
Langtang South,Lowland,Cabbage,7.28,143.96,65.84,135.41,20.67,328.72,1.17
Langtang South,Lowland,Cabbage,6.92,99.64,49.73,119.42,26.8,285.0,1.62
Langtang South,Lowland,Cabbage,5.84,110.09,81.05,120.72,17.53,357.66,1.62
Langtang South,Lowland,Maize,5.15,214.8,65.05,96.03,24.14,844.65,1.47
Langtang South,Lowland,Maize,5.29,190.09,96.4,107.23,27.44,692.11,1.2
Langtang South,Lowland,Maize,7.5,186.96,37.5,56.13,27.97,578.87,1.48
Langtang South,Lowland,Maize,6.92,211.59,79.82,45.0,35.0,375.0,2.17
Langtang South,Lowland,Maize,5.01,217.88,68.76,88.46,17.75,677.67,1.79
Langtang South,Lowland,Maize,7.53,204.07,76.75,74.57,23.23,472.46,2.34
Langtang South,Lowland,Maize,5.85,122.65,56.34,93.64,25.59,655.79,0.3
Langtang South,Lowland,Maize,4.12,184.08,91.21,45.0,29.45,758.3,1.49
Langtang South,Lowland,Maize,7.86,181.93,69.03,98.66,35.0,452.38,1.43
Langtang South,Lowland,Maize,5.68,180.91,70.89,106.54,33.61,687.9,2.23
Langtang South,Lowland,Maize,6.01,148.54,81.27,79.96,35.0,375.0,1.93
Langtang South,Lowland,Maize,7.52,154.17,56.69,71.57,19.36,805.03,2.5
Langtang South,Lowland,Maize,6.43,157.74,50.69,53.9,24.26,761.53,2.5
Langtang South,Lowland,Maize,5.99,150.08,53.19,90.01,28.6,567.66,1.19
Langtang South,Lowland,Maize,8.39,198.66,86.24,88.13,26.12,424.85,1.86
Langtang South,Lowland,Maize,7.31,192.92,46.25,87.41,25.56,396.25,2.01
Langtang South,Lowland,Maize,7.03,245.02,82.1,72.55,26.5,375.0,2.36
Langtang South,Lowland,Maize,7.19,186.07,55.0,97.68,22.65,453.07,1.58
Langtang South,Lowland,Maize,6.15,153.28,72.75,103.07,31.17,673.8,1.84
Langtang South,Lowland,Maize,6.27,209.06,43.25,89.62,30.92,534.2,0.99
Langtang South,Lowland,Maize,6.78,154.29,82.63,101.57,29.08,617.75,2.03
Langtang South,Lowland,Maize,7.83,153.69,46.71,85.98,31.3,375.0,1.54
Langtang South,Lowland,Maize,8.12,172.99,100.0,110.63,26.15,485.65,1.25
Langtang South,Lowland,Maize,6.98,142.17,49.85,45.0,26.9,906.8,0.3
Langtang South,Lowland,Maize,6.61,170.14,70.97,108.83,22.86,375.0,1.12
Langtang South,Lowland,Maize,6.05,112.5,77.92,51.8,26.61,486.5,0.74
Langtang South,Lowland,Maize,7.85,168.18,74.58,93.18,28.34,575.38,0.92
Langtang South,Lowland,Maize,5.54,180.98,56.79,98.04,26.4,663.51,0.81
Langtang South,Lowland,Maize,5.5,225.33,71.01,100.81,20.43,500.47,2.41
Langtang South,Lowland,Maize,5.01,242.72,77.17,60.37,28.64,744.1,0.92
Langtang South,Lowland,Maize,6.03,183.65,81.73,74.86,28.87,699.37,1.62
Langtang South,Lowland,Maize,6.02,175.77,100.0,87.27,32.77,459.99,1.68
Langtang South,Lowland,Maize,7.74,220.05,95.11,53.36,32.36,845.05,1.09
Langtang South,Lowland,Maize,5.79,175.67,76.77,71.32,21.48,807.67,0.89
Langtang South,Lowland,Maize,6.24,179.56,47.86,45.0,24.99,694.49,1.63
Langtang South,Lowland,Maize,4.44,216.89,87.58,83.95,27.76,667.85,2.5
Langtang South,Lowland,Maize,7.84,185.02,52.15,83.33,30.6,529.84,1.13
Langtang South,Lowland,Maize,7.46,147.58,88.82,69.32,17.12,470.42,1.46
Langtang South,Lowland,Maize,7.46,189.12,51.04,82.34,24.51,486.96,0.8
Langtang South,Lowland,Maize,6.76,250.0,100.0,56.18,27.31,495.05,1.6
Langtang South,Lowland,Maize,7.88,172.61,61.16,106.49,21.26,583.13,0.46
Langtang South,Lowland,Maize,5.64,198.1,61.74,45.0,23.64,404.79,0.61
Langtang South,Lowland,Maize,7.46,131.28,63.34,82.61,25.4,479.27,0.99
Langtang South,Lowland,Maize,5.41,157.82,85.13,69.36,27.78,745.5,1.92
Langtang South,Lowland,Maize,5.35,189.44,91.96,65.9,19.62,472.88,1.63
Langtang South,Lowland,Maize,7.51,161.2,38.01,49.69,28.68,898.37,1.48
Langtang South,Lowland,Maize,8.34,145.57,62.29,45.0,28.72,393.62,1.92
Langtang South,Lowland,Maize,6.24,235.33,100.0,45.0,29.75,419.92,1.95
Langtang South,Lowland,Maize,5.27,218.4,91.66,46.49,26.16,578.42,2.0
Langtang South,Lowland,Maize,6.81,199.31,72.39,93.77,20.63,545.45,2.3
Langtang South,Lowland,Wheat,8.95,131.43,48.05,56.96,20.21,583.39,1.9
Langtang South,Lowland,Wheat,7.37,94.17,41.32,51.27,25.0,462.32,1.85
Langtang South,Lowland,Wheat,8.5,136.22,34.61,51.49,16.62,448.63,1.61
Langtang South,Lowland,Wheat,6.58,127.75,53.85,37.45,24.6,628.79,3.12
Langtang South,Lowland,Wheat,7.26,112.44,48.43,53.42,23.59,337.5,2.26
Langtang South,Lowland,Wheat,4.59,125.83,45.53,24.78,22.97,374.56,1.99
Langtang South,Lowland,Wheat,6.24,128.53,54.24,24.18,22.36,456.58,2.04
Langtang South,Lowland,Wheat,6.92,148.93,52.55,35.04,21.09,536.59,2.47
Langtang South,Lowland,Wheat,6.97,160.37,53.68,62.5,15.94,531.82,3.0
Langtang South,Lowland,Wheat,8.48,119.01,40.66,59.46,19.1,415.57,3.12
Langtang South,Lowland,Wheat,5.85,150.26,44.22,25.67,20.99,528.83,2.83
Langtang South,Lowland,Wheat,8.57,105.78,41.94,31.99,21.51,426.03,0.6
Langtang South,Lowland,Wheat,5.21,119.37,53.63,23.79,22.63,337.5,2.22
Langtang South,Lowland,Wheat,7.62,140.05,42.73,18.75,22.61,337.5,1.32
Langtang South,Lowland,Wheat,8.93,131.34,50.78,46.11,22.21,447.52,1.21
Langtang South,Lowland,Wheat,10.0,117.85,50.56,43.41,18.95,400.39,3.12
Langtang South,Lowland,Wheat,6.47,138.41,53.86,33.87,20.23,561.53,1.88
Langtang South,Lowland,Wheat,4.92,170.23,42.92,40.14,16.67,390.46,1.61
Langtang South,Lowland,Wheat,7.52,100.81,56.25,37.35,23.06,448.97,2.87
Langtang South,Lowland,Wheat,4.9,105.84,45.58,29.26,22.01,518.43,1.93
Langtang South,Lowland,Wheat,7.26,187.5,50.52,18.75,22.74,515.21,3.01
Langtang South,Lowland,Wheat,8.01,100.0,53.83,38.44,23.54,630.41,1.89
Langtang South,Lowland,Wheat,8.33,156.52,49.55,62.5,23.54,381.77,2.22
Langtang South,Lowland,Wheat,8.31,182.36,52.26,41.22,24.17,424.42,1.13
Langtang South,Lowland,Wheat,8.13,115.36,56.25,40.68,22.56,376.77,3.1
Langtang South,Lowland,Wheat,7.29,122.75,48.04,18.75,19.77,513.66,0.64
Langtang South,Lowland,Wheat,8.5,118.56,50.06,18.75,21.15,337.5,1.69
Langtang South,Lowland,Wheat,5.51,100.67,47.67,33.02,23.07,337.5,1.95
Langtang South,Lowland,Wheat,7.21,113.03,43.29,53.08,25.0,337.5,1.19
Langtang South,Lowland,Wheat,6.16,118.17,55.97,44.69,20.05,451.91,1.72
Langtang South,Lowland,Wheat,8.17,151.47,52.08,18.75,20.54,428.26,2.86
Langtang South,Lowland,Wheat,7.6,142.61,45.73,50.7,24.08,337.5,0.86
Langtang South,Lowland,Wheat,8.2,121.36,54.64,40.52,22.51,362.91,2.29
Langtang South,Lowland,Wheat,7.72,106.3,54.48,18.75,21.1,337.5,1.1
Langtang South,Lowland,Wheat,8.46,94.31,41.95,45.46,17.27,568.67,2.56
Langtang South,Lowland,Wheat,6.42,154.97,37.3,43.89,16.88,389.01,1.59
Langtang South,Lowland,Wheat,8.8,111.77,48.17,30.6,17.65,337.5,2.27
Langtang South,Lowland,Wheat,7.29,148.61,47.21,33.93,22.72,406.63,0.74
Langtang South,Lowland,Wheat,8.3,106.64,49.02,27.85,17.67,337.5,2.29
Langtang South,Lowland,Wheat,4.5,164.24,54.66,23.72,25.0,690.19,1.76
Langtang South,Lowland,Wheat,7.8,130.36,56.25,18.75,19.84,557.16,2.71
Langtang South,Lowland,Wheat,7.27,166.98,49.99,38.65,22.52,442.9,2.04
Langtang South,Lowland,Wheat,6.41,187.5,45.86,47.63,25.0,337.5,2.53
Langtang South,Lowland,Wheat,7.35,178.71,43.31,26.01,20.36,392.48,1.59
Langtang South,Lowland,Wheat,9.66,130.09,44.04,31.3,21.68,489.32,1.49
Langtang South,Lowland,Wheat,5.44,124.91,48.17,27.56,24.22,516.97,2.11
Langtang South,Lowland,Wheat,6.9,176.91,41.88,29.74,19.19,484.84,2.57
Langtang South,Lowland,Wheat,5.78,106.42,51.24,27.28,19.33,470.12,1.14
Langtang South,Lowland,Wheat,7.64,144.24,48.85,57.79,22.61,445.23,1.71
Langtang South,Lowland,Wheat,9.35,107.1,47.04,31.01,21.66,712.84,2.21
Langtang South,Lowland,Pineapple,5.45,274.11,48.32,152.46,31.0,865.85,1.25
Langtang South,Lowland,Pineapple,6.99,237.36,81.25,82.5,27.78,525.0,0.4
Langtang South,Lowland,Pineapple,6.9,238.07,78.14,82.5,26.79,537.21,0.88
Langtang South,Lowland,Pineapple,7.61,339.76,69.6,82.5,24.17,778.01,0.71
Langtang South,Lowland,Pineapple,6.58,335.01,52.17,107.16,24.23,705.5,1.01
Langtang South,Lowland,Pineapple,5.85,303.14,68.21,160.73,27.1,764.96,0.98
Langtang South,Lowland,Pineapple,5.04,217.12,65.28,132.51,28.23,762.6,1.0
Langtang South,Lowland,Pineapple,6.96,208.86,81.25,82.5,30.4,785.15,0.81
Langtang South,Lowland,Pineapple,4.12,241.83,61.72,176.98,30.39,762.85,1.11
Langtang South,Lowland,Pineapple,6.23,252.97,61.39,157.64,28.47,590.24,0.82
Langtang South,Lowland,Pineapple,6.23,222.3,64.95,129.54,28.18,990.42,0.81
Langtang South,Lowland,Pineapple,6.7,274.6,59.15,164.92,30.04,719.93,1.25
Langtang South,Lowland,Pineapple,5.68,208.54,61.92,82.5,26.25,687.68,1.25
Langtang South,Lowland,Pineapple,7.68,269.88,77.74,139.02,23.65,842.37,1.12
Langtang South,Lowland,Pineapple,4.74,229.8,74.58,82.5,28.31,694.97,1.19
Langtang South,Lowland,Pineapple,6.96,230.58,50.34,258.41,26.87,807.36,1.25
Langtang South,Lowland,Pineapple,4.71,303.32,71.09,258.65,30.41,761.1,1.25
Langtang South,Lowland,Pineapple,5.87,272.33,50.47,150.11,22.79,725.94,1.25
Langtang South,Lowland,Pineapple,6.72,270.98,61.27,129.88,24.85,893.27,0.46
Langtang South,Lowland,Pineapple,4.02,303.42,66.05,167.36,27.49,1101.76,1.02
Langtang South,Lowland,Pineapple,6.16,350.66,62.89,275.0,22.06,546.67,0.76
Langtang South,Lowland,Pineapple,6.5,339.03,56.74,227.15,32.25,1023.83,0.85
Langtang South,Lowland,Pineapple,6.82,280.28,55.94,191.86,25.89,771.76,0.51
Langtang South,Lowland,Pineapple,3.79,254.65,67.33,92.25,28.23,757.48,1.22
Langtang South,Lowland,Pineapple,6.91,321.4,70.66,145.58,27.44,1157.61,1.25
Langtang South,Lowland,Pineapple,5.9,260.22,56.65,88.45,31.01,833.74,0.55
Langtang South,Lowland,Pineapple,5.68,318.41,58.42,112.32,27.84,865.18,0.84
Langtang South,Lowland,Pineapple,5.13,285.24,50.52,130.02,26.72,879.33,0.85
Langtang South,Lowland,Pineapple,6.47,314.13,57.72,275.0,30.33,797.68,0.93
Langtang South,Lowland,Pineapple,5.18,334.41,66.08,82.5,22.99,769.68,1.04
Langtang South,Lowland,Pineapple,4.76,204.37,40.75,115.86,26.15,871.06,0.95
Langtang South,Lowland,Pineapple,7.05,291.16,69.61,227.21,23.75,656.16,1.25
Langtang South,Lowland,Pineapple,3.62,254.19,69.18,82.5,25.23,1099.3,1.06
Langtang South,Lowland,Pineapple,5.16,275.0,56.91,274.18,24.68,658.51,0.47
Langtang South,Lowland,Pineapple,5.48,259.23,77.56,99.37,28.13,765.18,0.33
Langtang South,Lowland,Pineapple,4.98,235.05,81.25,199.44,27.34,525.0,0.33
Langtang South,Lowland,Pineapple,6.66,298.41,54.98,166.26,26.9,779.65,0.87
Langtang South,Lowland,Pineapple,6.76,311.68,52.44,87.99,25.13,758.53,1.12
Langtang South,Lowland,Pineapple,6.73,306.16,67.85,179.2,30.87,750.88,1.2
Langtang South,Lowland,Pineapple,6.19,259.29,61.68,249.16,26.79,688.28,0.74
Langtang South,Lowland,Pineapple,6.31,245.41,67.49,175.87,26.0,525.0,0.64
Langtang South,Lowland,Pineapple,4.81,225.27,68.93,275.0,25.8,682.75,0.79
Langtang South,Lowland,Pineapple,6.81,283.84,63.43,86.79,24.73,780.68,1.07
Langtang South,Lowland,Pineapple,5.8,293.61,49.38,183.94,27.58,582.36,0.78
Langtang South,Lowland,Pineapple,6.62,219.76,81.25,200.09,26.87,705.87,1.25
Langtang South,Lowland,Pineapple,5.35,251.22,80.56,134.29,27.32,616.96,1.09
Langtang South,Lowland,Pineapple,6.49,335.3,52.7,82.5,26.37,642.01,0.99
Langtang South,Lowland,Pineapple,6.42,359.13,58.36,82.5,26.44,811.34,0.66
Langtang South,Lowland,Pineapple,6.09,272.01,66.65,215.18,26.81,845.82,0.37
Langtang South,Lowland,Pineapple,4.71,252.4,51.91,164.91,26.19,670.35,1.25
Langtang South,Lowland,Onion,6.87,56.08,36.59,77.36,21.08,489.39,1.84
Langtang South,Lowland,Onion,6.59,114.89,56.25,33.75,20.59,285.92,1.26
Langtang South,Lowland,Onion,6.34,59.4,54.13,38.16,20.77,262.5,2.06
Langtang South,Lowland,Onion,6.84,98.78,45.9,56.82,20.7,525.68,0.92
Langtang South,Lowland,Onion,5.3,63.01,29.53,81.74,19.99,446.44,1.41
Langtang South,Lowland,Onion,6.83,85.21,56.25,65.8,23.72,471.81,1.31
Langtang South,Lowland,Onion,6.78,72.56,56.25,42.79,18.4,317.8,0.79
Langtang South,Lowland,Onion,6.47,107.9,51.22,53.41,22.83,592.65,1.56
Langtang South,Lowland,Onion,7.67,101.26,40.19,66.02,22.03,263.17,0.3
Langtang South,Lowland,Onion,6.33,45.0,34.87,33.75,23.06,262.5,1.68
Langtang South,Lowland,Onion,7.28,97.76,21.85,84.9,21.72,443.74,2.25
Langtang South,Lowland,Onion,7.29,53.77,51.24,33.75,20.32,291.35,1.4
Langtang South,Lowland,Onion,5.92,48.83,38.39,57.45,19.26,519.05,1.62
Langtang South,Lowland,Onion,7.06,72.46,27.4,61.91,25.0,376.15,1.98
Langtang South,Lowland,Onion,7.56,94.44,46.19,41.84,19.89,307.94,1.57
Langtang South,Lowland,Onion,5.98,68.84,48.34,47.66,17.84,262.5,1.25
Langtang South,Lowland,Onion,5.4,63.96,54.73,68.6,21.72,262.5,1.18
Langtang South,Lowland,Onion,6.75,92.22,56.25,81.47,18.8,284.44,2.14
Langtang South,Lowland,Onion,6.61,56.11,41.21,89.52,17.87,300.01,0.94
Langtang South,Lowland,Onion,7.39,88.1,54.42,93.93,16.11,262.5,1.17
Langtang South,Lowland,Onion,6.86,93.19,37.9,47.87,23.28,413.65,1.56
Langtang South,Lowland,Onion,5.54,109.55,45.77,58.69,18.12,276.23,0.93
Langtang South,Lowland,Onion,5.63,62.3,24.99,60.76,17.16,435.07,0.52
Langtang South,Lowland,Onion,7.53,100.91,31.2,60.07,18.02,417.44,2.25
Langtang South,Lowland,Onion,7.52,65.33,44.96,93.05,22.02,467.73,1.74
Langtang South,Lowland,Onion,6.87,79.76,29.51,46.36,17.88,309.05,1.45
Langtang South,Lowland,Onion,6.76,86.42,51.37,53.51,22.64,482.65,1.61
Langtang South,Lowland,Onion,6.5,103.48,49.25,74.62,24.96,432.69,2.22
Langtang South,Lowland,Onion,6.73,71.31,56.25,41.88,25.0,501.74,1.44
Langtang South,Lowland,Onion,7.54,96.84,28.59,45.33,21.33,368.59,2.08
Langtang South,Lowland,Onion,7.0,51.76,37.27,77.15,15.21,262.5,1.2
Langtang South,Lowland,Onion,7.37,76.32,49.0,62.09,20.09,273.8,1.84
Langtang South,Lowland,Onion,6.08,75.93,56.25,46.4,15.98,262.5,1.75
Langtang South,Lowland,Onion,7.26,73.35,28.81,59.01,23.92,262.5,1.95
Langtang South,Lowland,Onion,5.81,54.84,44.9,81.33,24.78,465.59,2.21
Langtang South,Lowland,Onion,6.93,66.87,56.25,89.81,23.2,421.39,2.13
Langtang South,Lowland,Onion,7.02,80.9,52.08,71.74,23.07,334.62,1.87
Langtang South,Lowland,Onion,7.33,86.36,34.88,87.31,16.99,262.5,1.48
Langtang South,Lowland,Onion,5.33,117.4,43.8,93.4,25.0,331.95,2.1
Langtang South,Lowland,Onion,6.19,91.5,38.11,76.2,23.06,331.36,1.68
Langtang South,Lowland,Onion,7.38,85.77,56.25,59.19,25.0,483.5,0.42
Langtang South,Lowland,Onion,7.71,106.45,44.96,69.52,21.93,510.29,1.18
Langtang South,Lowland,Onion,7.77,56.07,23.11,74.1,24.16,329.07,0.3
Langtang South,Lowland,Onion,5.93,91.57,43.51,88.2,20.71,263.68,1.56
Langtang South,Lowland,Onion,7.43,112.93,42.33,63.37,22.76,262.75,1.78
Langtang South,Lowland,Onion,6.68,79.62,43.66,64.64,25.0,295.34,1.18
Langtang South,Lowland,Onion,7.68,91.76,52.57,40.97,21.22,444.45,1.04
Langtang South,Lowland,Onion,7.2,76.61,36.1,82.67,23.81,365.0,1.63
Langtang South,Lowland,Onion,7.61,72.15,47.69,54.11,17.54,304.0,0.81
Langtang South,Lowland,Onion,7.07,63.36,27.34,77.15,22.47,311.51,1.77
Pankshin,Highland,Irish-potato,3.87,69.74,46.19,202.58,10.66,495.72,1.23
Pankshin,Highland,Irish-potato,5.01,87.97,59.74,225.0,13.28,496.77,0.97
Pankshin,Highland,Irish-potato,3.86,126.24,30.0,138.17,9.07,631.88,0.83
Pankshin,Highland,Irish-potato,5.11,86.96,39.88,118.18,11.0,356.24,1.44
Pankshin,Highland,Irish-potato,4.44,140.19,36.95,90.0,10.42,599.54,0.75
Pankshin,Highland,Irish-potato,5.06,88.85,33.17,100.27,10.58,705.79,1.16
Pankshin,Highland,Irish-potato,3.97,118.01,49.02,101.74,12.86,664.71,0.22
Pankshin,Highland,Irish-potato,3.42,99.35,31.12,225.0,18.02,682.6,1.21
Pankshin,Highland,Irish-potato,3.69,60.0,36.59,90.0,13.08,462.86,0.81
Pankshin,Highland,Irish-potato,4.38,105.08,44.78,127.1,7.5,628.44,0.22
Pankshin,Highland,Irish-potato,5.52,101.28,53.81,97.41,13.25,483.34,0.79
Pankshin,Highland,Irish-potato,3.71,79.85,30.0,139.91,7.5,750.0,0.8
Pankshin,Highland,Irish-potato,4.52,106.43,30.0,107.32,13.86,628.25,0.33
Pankshin,Highland,Irish-potato,5.04,93.36,47.91,168.77,9.62,586.73,0.22
Pankshin,Highland,Irish-potato,4.1,74.18,50.03,175.2,9.37,464.51,1.4
Pankshin,Highland,Irish-potato,4.28,86.77,52.81,144.14,11.47,544.82,0.44
Pankshin,Highland,Irish-potato,4.63,60.0,32.75,176.67,13.48,750.0,1.15
Pankshin,Highland,Irish-potato,4.84,83.77,31.08,174.73,13.13,534.5,0.26
Pankshin,Highland,Irish-potato,4.47,123.23,40.99,149.8,13.48,684.23,0.84
Pankshin,Highland,Irish-potato,4.48,64.98,56.65,125.89,17.5,627.01,0.74
Pankshin,Highland,Irish-potato,5.13,60.0,49.11,154.36,13.44,480.37,0.35
Pankshin,Highland,Irish-potato,3.04,66.77,30.15,113.27,11.6,611.25,0.97
Pankshin,Highland,Irish-potato,4.97,105.54,51.18,162.76,12.19,750.0,1.08
Pankshin,Highland,Irish-potato,3.32,76.72,30.0,90.0,10.22,577.6,0.49
Pankshin,Highland,Irish-potato,3.09,109.9,30.0,174.0,9.62,512.91,0.94
Pankshin,Highland,Irish-potato,4.24,88.74,43.92,90.0,13.67,435.92,0.22
Pankshin,Highland,Irish-potato,3.93,111.28,30.0,182.49,13.19,613.01,0.84
Pankshin,Highland,Irish-potato,4.28,106.65,31.6,90.0,11.73,740.24,0.97
Pankshin,Highland,Irish-potato,5.98,73.91,36.25,136.06,9.28,517.2,0.22
Pankshin,Highland,Irish-potato,3.0,62.46,39.48,181.42,9.99,501.29,1.25
Pankshin,Highland,Irish-potato,3.44,77.05,55.82,111.12,7.5,750.0,1.13
Pankshin,Highland,Irish-potato,5.18,79.64,50.28,90.0,10.47,750.0,0.22
Pankshin,Highland,Irish-potato,4.25,93.96,30.0,148.7,13.35,652.85,0.5
Pankshin,Highland,Irish-potato,3.85,96.63,45.0,163.54,12.4,659.53,1.17
Pankshin,Highland,Irish-potato,4.77,86.19,30.0,221.07,8.07,564.51,0.44
Pankshin,Highland,Irish-potato,3.05,95.15,35.51,149.98,11.37,731.82,1.17
Pankshin,Highland,Irish-potato,3.63,144.56,34.86,179.16,12.63,618.5,1.0
Pankshin,Highland,Irish-potato,5.58,109.97,34.81,143.89,10.03,725.16,1.02
Pankshin,Highland,Irish-potato,4.24,129.2,57.86,225.0,9.24,582.47,0.61
Pankshin,Highland,Irish-potato,6.61,83.11,61.21,202.63,11.71,609.71,0.99
Pankshin,Highland,Irish-potato,5.53,76.75,30.17,197.25,7.99,644.23,1.27
Pankshin,Highland,Irish-potato,4.86,62.93,30.0,210.63,11.39,442.25,1.31
Pankshin,Highland,Irish-potato,5.16,60.0,75.0,119.93,14.74,750.0,1.18
Pankshin,Highland,Irish-potato,4.72,60.0,74.78,193.73,7.5,750.0,0.74
Pankshin,Highland,Irish-potato,4.29,62.75,42.06,190.73,10.27,622.33,1.88
Pankshin,Highland,Irish-potato,4.9,116.58,30.0,90.0,17.13,750.0,1.61
Pankshin,Highland,Irish-potato,4.45,126.67,30.0,176.72,15.62,479.55,1.27
Pankshin,Highland,Irish-potato,4.37,79.98,34.54,225.0,10.41,499.08,0.26
Pankshin,Highland,Irish-potato,4.22,89.59,50.24,108.76,13.31,707.09,0.22
Pankshin,Highland,Irish-potato,4.57,79.8,40.36,120.48,11.53,605.44,1.69
Pankshin,Highland,Tomato,5.89,146.79,113.69,136.91,17.31,750.0,1.04
Pankshin,Highland,Tomato,5.7,129.64,104.59,196.94,17.36,324.53,0.94
Pankshin,Highland,Tomato,5.4,78.42,71.18,178.88,19.19,567.48,1.22
Pankshin,Highland,Tomato,6.04,144.9,62.54,281.16,22.87,750.0,1.09
Pankshin,Highland,Tomato,5.51,92.09,122.57,249.36,14.37,713.94,0.38
Pankshin,Highland,Tomato,6.21,131.85,114.84,209.37,17.95,605.14,1.66
Pankshin,Highland,Tomato,6.75,107.29,48.75,120.0,19.42,462.33,0.54
Pankshin,Highland,Tomato,5.57,168.31,79.78,231.82,20.57,317.73,0.63
Pankshin,Highland,Tomato,4.43,158.13,48.75,178.72,17.43,485.1,0.98
Pankshin,Highland,Tomato,5.79,112.52,89.76,209.33,20.06,729.63,0.38
Pankshin,Highland,Tomato,6.64,77.28,59.7,203.95,20.18,661.66,0.38
Pankshin,Highland,Tomato,7.72,95.59,57.68,139.1,13.5,436.85,1.13
Pankshin,Highland,Tomato,6.53,82.57,48.75,188.46,18.9,630.65,0.38
Pankshin,Highland,Tomato,5.64,153.46,48.75,196.95,20.55,487.19,1.34
Pankshin,Highland,Tomato,4.29,126.27,77.7,132.24,21.32,495.59,0.8
Pankshin,Highland,Tomato,6.56,79.65,62.7,250.73,13.5,750.0,0.38
Pankshin,Highland,Tomato,5.03,116.0,92.4,212.18,18.69,549.18,2.0
Pankshin,Highland,Tomato,6.73,142.04,65.51,120.0,22.68,641.54,1.04
Pankshin,Highland,Tomato,5.18,97.62,60.84,200.41,13.85,688.88,2.34
Pankshin,Highland,Tomato,5.15,75.0,73.89,212.98,20.36,750.0,1.48
Pankshin,Highland,Tomato,3.75,75.0,87.21,177.17,24.7,490.78,1.58
Pankshin,Highland,Tomato,5.09,115.41,54.83,224.32,22.89,629.49,2.25
Pankshin,Highland,Tomato,5.0,110.63,98.77,154.1,18.76,677.39,1.56
Pankshin,Highland,Tomato,7.15,82.43,84.13,137.1,15.53,579.71,1.71
Pankshin,Highland,Tomato,6.45,108.94,88.34,222.57,20.01,532.97,0.38
Pankshin,Highland,Tomato,5.58,84.62,92.87,269.48,20.81,389.03,0.47
Pankshin,Highland,Tomato,5.86,75.0,77.39,220.16,24.27,750.0,0.38
Pankshin,Highland,Tomato,5.7,104.74,57.85,202.9,18.17,671.54,1.86
Pankshin,Highland,Tomato,5.99,93.48,49.65,293.39,22.21,646.59,0.8
Pankshin,Highland,Tomato,7.7,103.12,48.75,210.65,13.5,631.32,1.85
Pankshin,Highland,Tomato,3.9,81.54,99.27,175.06,20.2,648.64,1.53
Pankshin,Highland,Tomato,5.09,75.0,86.98,125.27,22.33,595.07,0.7
Pankshin,Highland,Tomato,6.63,75.0,71.31,219.16,19.54,543.03,0.58
Pankshin,Highland,Tomato,7.62,134.38,59.13,261.08,21.59,656.92,1.28
Pankshin,Highland,Tomato,4.51,151.66,101.54,209.72,19.5,589.34,0.51
Pankshin,Highland,Tomato,6.45,84.58,80.52,202.84,20.08,709.7,1.19
Pankshin,Highland,Tomato,6.64,75.0,88.65,201.8,20.02,538.34,1.72
Pankshin,Highland,Tomato,6.13,86.05,61.65,240.33,18.15,599.45,0.77
Pankshin,Highland,Tomato,7.0,121.83,48.75,152.89,18.52,525.05,0.38
Pankshin,Highland,Tomato,4.98,99.65,66.07,231.86,13.5,509.98,1.47
Pankshin,Highland,Tomato,5.06,75.0,58.7,219.08,17.46,515.51,1.25
Pankshin,Highland,Tomato,6.27,75.0,79.05,137.82,23.29,743.5,0.71
Pankshin,Highland,Tomato,7.07,85.72,72.89,171.09,18.4,607.72,0.91
Pankshin,Highland,Tomato,5.73,111.48,109.52,120.0,26.37,559.12,0.86
Pankshin,Highland,Tomato,7.37,125.46,90.61,256.29,17.83,707.11,0.38
Pankshin,Highland,Tomato,6.32,124.15,106.65,231.26,19.34,562.98,0.68
Pankshin,Highland,Tomato,5.47,75.0,122.33,244.8,19.54,694.98,1.44
Pankshin,Highland,Tomato,4.69,126.33,109.9,166.75,13.5,464.56,0.84
Pankshin,Highland,Tomato,4.43,102.75,59.38,198.27,16.41,595.81,1.33
Pankshin,Highland,Tomato,4.73,115.97,54.19,198.04,18.16,641.44,1.04
Pankshin,Highland,Groundnut,7.07,7.5,11.25,38.94,23.16,803.05,0.47
Pankshin,Highland,Groundnut,5.56,10.88,11.25,20.65,24.51,589.84,0.37
Pankshin,Highland,Groundnut,6.41,7.5,11.26,44.72,21.61,595.17,0.85
Pankshin,Highland,Groundnut,5.91,7.5,11.25,32.66,22.14,696.62,0.56
Pankshin,Highland,Groundnut,6.82,7.5,11.25,24.91,25.24,608.76,0.68
Pankshin,Highland,Groundnut,6.84,7.5,11.25,37.94,21.49,652.89,0.8
Pankshin,Highland,Groundnut,6.99,7.5,42.36,18.75,16.73,647.04,0.39
Pankshin,Highland,Groundnut,6.16,7.5,11.25,28.88,19.94,779.48,0.52
Pankshin,Highland,Groundnut,6.2,7.5,32.83,26.58,17.54,586.09,0.43
Pankshin,Highland,Groundnut,6.62,7.5,40.63,37.28,18.91,676.31,0.15
Pankshin,Highland,Groundnut,6.15,7.5,11.25,49.25,20.68,454.4,0.42
Pankshin,Highland,Groundnut,7.32,8.92,17.42,31.65,26.29,682.46,0.67
Pankshin,Highland,Groundnut,6.84,7.5,39.0,23.11,19.78,711.63,0.84
Pankshin,Highland,Groundnut,6.74,7.5,20.71,40.2,22.03,605.35,0.3
Pankshin,Highland,Groundnut,6.88,7.5,11.25,28.15,21.74,800.29,0.15
Pankshin,Highland,Groundnut,6.54,7.5,11.25,31.52,16.5,801.77,0.79
Pankshin,Highland,Groundnut,6.32,7.5,26.3,28.67,16.5,790.7,0.92
Pankshin,Highland,Groundnut,7.13,7.5,11.25,27.22,23.81,590.12,0.15
Pankshin,Highland,Groundnut,6.77,7.5,25.65,30.95,21.42,692.52,0.39
Pankshin,Highland,Groundnut,6.06,7.5,23.62,41.73,20.25,875.0,0.64
Pankshin,Highland,Groundnut,6.49,7.5,30.8,26.83,23.94,821.99,0.38
Pankshin,Highland,Groundnut,6.34,7.5,11.25,27.75,18.84,692.66,0.63
Pankshin,Highland,Groundnut,6.59,7.5,11.25,38.25,19.87,796.06,0.26
Pankshin,Highland,Groundnut,6.56,7.5,11.25,38.41,26.56,664.0,0.63
Pankshin,Highland,Groundnut,5.84,7.5,50.0,18.75,20.25,792.86,0.95
Pankshin,Highland,Groundnut,5.51,7.5,11.25,25.1,21.59,533.49,0.42
Pankshin,Highland,Groundnut,5.78,7.5,11.25,29.33,18.37,811.04,0.4
Pankshin,Highland,Groundnut,6.34,7.5,16.67,30.83,24.82,666.66,0.26
Pankshin,Highland,Groundnut,6.36,7.5,15.47,21.6,25.67,609.03,0.93
Pankshin,Highland,Groundnut,6.3,7.5,11.25,18.75,16.5,875.0,0.3
Pankshin,Highland,Groundnut,6.99,7.5,19.18,33.86,31.93,662.95,0.26
Pankshin,Highland,Groundnut,6.54,7.5,22.54,30.34,19.36,757.62,0.55
Pankshin,Highland,Groundnut,6.79,7.5,11.25,27.21,17.29,760.73,0.29
Pankshin,Highland,Groundnut,6.54,7.5,11.25,26.66,25.55,782.45,0.72
Pankshin,Highland,Groundnut,6.1,7.5,11.25,21.98,24.04,733.16,0.3
Pankshin,Highland,Groundnut,6.08,7.5,11.91,25.72,28.93,635.94,0.75
Pankshin,Highland,Groundnut,6.57,7.5,11.25,37.98,21.54,529.26,0.65
Pankshin,Highland,Groundnut,5.99,7.5,50.0,34.16,24.14,670.4,0.15
Pankshin,Highland,Groundnut,6.95,7.5,13.22,46.5,20.82,841.65,0.65
Pankshin,Highland,Groundnut,6.01,7.5,11.25,38.73,26.36,705.71,0.98
Pankshin,Highland,Groundnut,6.43,7.5,50.0,50.0,21.36,734.21,0.15
Pankshin,Highland,Groundnut,6.81,7.5,11.25,41.19,21.07,639.29,0.65
Pankshin,Highland,Groundnut,6.06,7.5,42.05,25.43,24.36,631.99,0.17
Pankshin,Highland,Groundnut,6.29,13.46,27.97,34.85,20.16,655.18,0.15
Pankshin,Highland,Groundnut,7.4,7.5,19.22,32.59,29.32,734.91,0.44
Pankshin,Highland,Groundnut,7.41,7.5,11.25,18.75,21.33,733.99,0.8
Pankshin,Highland,Groundnut,5.79,7.5,11.25,40.55,26.49,875.0,0.64
Pankshin,Highland,Groundnut,7.45,7.5,19.72,21.53,24.01,733.19,0.15
Pankshin,Highland,Groundnut,7.0,7.5,11.25,33.27,16.77,610.23,1.1
Pankshin,Highland,Groundnut,5.65,7.5,11.25,33.77,23.97,784.4,0.68
Pankshin,Highland,Pepper,7.33,95.08,18.75,60.4,13.5,1054.86,1.01
Pankshin,Highland,Pepper,6.5,75.0,26.38,107.69,22.5,450.0,1.1
Pankshin,Highland,Pepper,5.44,118.3,21.01,121.47,19.95,1145.07,1.08
Pankshin,Highland,Pepper,6.5,108.89,37.86,65.52,26.73,1213.18,1.01
Pankshin,Highland,Pepper,6.82,137.96,38.64,78.06,18.23,1076.28,0.76
Pankshin,Highland,Pepper,6.94,177.93,35.02,113.04,25.42,923.32,1.7
Pankshin,Highland,Pepper,4.96,125.39,18.75,72.93,13.5,1439.8,0.84
Pankshin,Highland,Pepper,6.88,114.68,18.75,63.1,16.71,1019.4,2.17
Pankshin,Highland,Pepper,7.55,108.3,18.75,56.28,22.02,983.97,0.45
Pankshin,Highland,Pepper,5.65,171.48,30.83,77.05,17.46,850.65,1.49
Pankshin,Highland,Pepper,6.21,149.34,34.54,76.33,21.52,800.4,1.08
Pankshin,Highland,Pepper,7.26,118.21,23.4,81.33,13.5,1108.71,2.3
Pankshin,Highland,Pepper,5.38,128.71,26.22,74.52,19.15,1295.76,0.45
Pankshin,Highland,Pepper,6.69,120.6,18.75,85.78,20.1,694.56,1.22
Pankshin,Highland,Pepper,4.93,89.73,27.11,41.25,13.5,645.24,1.17
Pankshin,Highland,Pepper,6.47,81.21,18.75,79.43,20.08,759.57,2.39
Pankshin,Highland,Pepper,6.25,110.8,20.93,102.29,22.36,450.0,0.62
Pankshin,Highland,Pepper,5.7,117.28,35.72,47.72,19.08,1562.5,1.13
Pankshin,Highland,Pepper,5.48,75.0,19.46,47.49,17.43,1230.51,1.14
Pankshin,Highland,Pepper,5.67,75.0,38.71,66.56,20.07,679.41,0.83
Pankshin,Highland,Pepper,5.58,75.0,18.75,75.42,21.07,765.75,0.45
Pankshin,Highland,Pepper,5.77,149.69,18.75,76.15,16.03,1452.76,0.76
Pankshin,Highland,Pepper,6.67,159.34,49.06,41.25,13.5,1466.68,1.81
Pankshin,Highland,Pepper,5.55,75.0,27.75,41.25,15.15,1093.68,1.33
Pankshin,Highland,Pepper,7.47,102.51,18.75,99.89,21.48,887.35,1.13
Pankshin,Highland,Pepper,5.76,146.11,51.2,56.77,21.71,450.0,0.45
Pankshin,Highland,Pepper,6.58,114.89,18.75,76.04,24.11,476.54,2.33
Pankshin,Highland,Pepper,6.59,142.05,26.55,121.67,24.55,885.67,1.64
Pankshin,Highland,Pepper,5.44,106.29,47.97,85.98,22.97,1468.35,1.5
Pankshin,Highland,Pepper,5.38,185.8,34.1,91.21,19.79,1446.03,2.45
Pankshin,Highland,Pepper,5.76,161.4,27.07,41.25,13.5,1185.83,1.82
Pankshin,Highland,Pepper,6.62,149.26,62.5,89.68,18.11,977.0,2.26
Pankshin,Highland,Pepper,4.98,168.46,26.8,53.98,13.5,1562.5,0.51
Pankshin,Highland,Pepper,6.14,77.85,55.26,78.39,13.5,862.46,2.09
Pankshin,Highland,Pepper,5.23,102.97,43.89,84.79,13.5,1109.66,1.01
Pankshin,Highland,Pepper,6.13,156.53,30.08,73.37,18.75,1433.16,0.61
Pankshin,Highland,Pepper,4.19,108.54,32.09,64.88,16.74,886.93,1.09
Pankshin,Highland,Pepper,4.95,144.85,18.75,89.98,21.14,1213.4,0.45
Pankshin,Highland,Pepper,6.34,95.55,49.95,85.3,13.5,450.0,0.68
Pankshin,Highland,Pepper,6.8,164.96,29.21,77.91,17.76,1016.91,1.96
Pankshin,Highland,Pepper,5.78,144.75,18.85,102.41,22.54,1393.48,2.43
Pankshin,Highland,Pepper,4.12,148.64,33.41,87.56,20.76,1115.93,1.35
Pankshin,Highland,Pepper,6.88,151.61,26.2,70.89,19.61,868.5,2.36
Pankshin,Highland,Pepper,4.97,148.47,37.42,61.89,21.05,1503.72,0.88
Pankshin,Highland,Pepper,7.23,163.56,18.75,46.72,20.37,554.86,0.45
Pankshin,Highland,Pepper,5.66,206.8,20.04,85.77,23.17,1009.39,0.88
Pankshin,Highland,Pepper,7.16,119.4,25.23,96.74,14.09,546.22,0.45
Pankshin,Highland,Pepper,6.58,111.07,38.63,77.15,13.5,890.2,1.74
Pankshin,Highland,Pepper,5.86,166.37,19.95,94.69,13.5,939.17,0.84
Pankshin,Highland,Pepper,4.86,163.3,18.75,56.3,26.33,1086.2,1.66
Pankshin,Highland,Cabbage,5.32,84.49,64.82,128.26,7.5,555.75,0.19
Pankshin,Highland,Cabbage,7.17,75.0,48.98,117.86,7.5,520.88,0.77
Pankshin,Highland,Cabbage,5.28,75.0,45.21,98.73,10.22,538.59,0.23
Pankshin,Highland,Cabbage,6.32,116.46,53.38,91.51,8.88,581.2,0.15
Pankshin,Highland,Cabbage,6.4,108.59,37.5,104.66,16.7,525.17,0.41
Pankshin,Highland,Cabbage,6.43,136.6,51.27,100.08,7.5,576.36,0.15
Pankshin,Highland,Cabbage,6.02,113.63,56.6,135.81,14.49,504.34,0.15
Pankshin,Highland,Cabbage,7.5,99.32,52.5,116.75,9.96,502.34,0.15
Pankshin,Highland,Cabbage,7.0,104.26,59.08,105.46,11.57,460.67,0.48
Pankshin,Highland,Cabbage,5.6,119.51,47.51,139.12,7.5,625.0,0.2
Pankshin,Highland,Cabbage,6.54,75.0,48.34,75.0,8.53,547.43,1.35
Pankshin,Highland,Cabbage,5.07,107.7,42.03,79.78,7.5,507.02,0.81
Pankshin,Highland,Cabbage,6.39,75.0,37.5,120.62,12.41,625.0,0.46
Pankshin,Highland,Cabbage,7.02,123.62,53.76,120.88,17.71,379.57,0.51
Pankshin,Highland,Cabbage,5.94,144.82,37.8,108.4,20.53,561.07,0.68
Pankshin,Highland,Cabbage,7.0,115.35,41.8,90.62,17.97,486.09,0.51
Pankshin,Highland,Cabbage,6.98,101.32,42.68,108.42,11.94,470.62,1.32
Pankshin,Highland,Cabbage,6.01,130.64,37.65,122.93,15.38,541.75,0.69
Pankshin,Highland,Cabbage,6.58,101.15,45.02,123.41,7.5,449.26,0.69
Pankshin,Highland,Cabbage,5.14,75.0,62.36,140.42,9.35,609.94,1.05
Pankshin,Highland,Cabbage,6.62,105.47,52.05,127.27,19.24,431.55,1.47
Pankshin,Highland,Cabbage,7.77,75.0,51.04,149.11,22.17,610.91,0.15
Pankshin,Highland,Cabbage,6.81,114.74,53.39,95.19,7.5,530.02,0.45
Pankshin,Highland,Cabbage,6.24,93.79,44.81,101.65,13.61,440.35,0.83
Pankshin,Highland,Cabbage,6.49,75.0,58.17,98.84,23.7,563.06,1.03
Pankshin,Highland,Cabbage,6.44,124.3,55.23,146.69,22.76,571.38,0.15
Pankshin,Highland,Cabbage,4.9,103.97,40.31,101.45,13.33,586.4,0.35
Pankshin,Highland,Cabbage,6.87,108.75,46.9,146.12,15.45,536.21,0.83
Pankshin,Highland,Cabbage,7.41,106.41,50.41,111.41,13.16,505.69,0.38
Pankshin,Highland,Cabbage,7.35,91.62,37.5,115.5,22.3,625.0,0.15
Pankshin,Highland,Cabbage,7.0,167.8,40.58,110.26,7.5,625.0,0.15
Pankshin,Highland,Cabbage,6.1,130.65,40.58,96.0,13.57,625.0,0.5
Pankshin,Highland,Cabbage,6.21,75.25,49.94,128.77,9.06,577.5,0.36
Pankshin,Highland,Cabbage,5.21,121.1,64.72,92.38,15.46,625.0,0.57
Pankshin,Highland,Cabbage,5.49,109.08,59.61,104.44,15.89,466.25,0.57
Pankshin,Highland,Cabbage,6.57,111.44,42.79,121.06,19.46,591.49,0.49
Pankshin,Highland,Cabbage,5.97,165.0,47.77,108.8,7.5,474.73,0.34
Pankshin,Highland,Cabbage,6.6,97.38,46.7,88.23,25.45,488.38,0.71
Pankshin,Highland,Cabbage,6.02,98.49,39.62,118.49,7.5,562.0,0.56
Pankshin,Highland,Cabbage,6.71,129.01,43.79,119.71,10.34,625.0,0.46
Pankshin,Highland,Cabbage,6.22,94.1,40.15,148.9,17.97,544.77,0.41
Pankshin,Highland,Cabbage,7.0,91.86,47.62,151.86,7.5,577.77,0.73
Pankshin,Highland,Cabbage,6.65,99.46,41.38,117.27,10.28,376.79,0.27
Pankshin,Highland,Cabbage,6.15,76.34,47.89,100.05,13.65,625.0,1.13
Pankshin,Highland,Cabbage,6.69,160.52,45.93,112.22,7.5,625.0,1.43
Pankshin,Highland,Cabbage,6.88,149.27,37.5,154.25,13.15,625.0,1.34
Pankshin,Highland,Cabbage,6.8,97.77,47.95,79.88,21.59,361.15,0.49
Pankshin,Highland,Cabbage,7.25,128.78,37.5,89.85,9.13,545.49,0.98
Pankshin,Highland,Cabbage,6.7,76.9,51.98,126.0,17.98,625.0,0.92
Pankshin,Highland,Cabbage,6.91,162.46,54.0,103.67,24.13,511.9,0.2
Pankshin,Highland,Maize,5.3,193.67,64.92,103.07,23.91,783.05,1.13
Pankshin,Highland,Maize,7.02,140.2,37.5,66.98,23.53,636.63,2.4
Pankshin,Highland,Maize,6.85,161.25,43.46,99.69,15.36,805.26,0.61
Pankshin,Highland,Maize,6.48,171.95,37.5,45.0,16.66,903.87,1.17
Pankshin,Highland,Maize,5.87,215.15,76.56,102.67,17.63,930.66,1.15
Pankshin,Highland,Maize,5.5,154.73,37.5,61.65,15.67,917.4,0.86
Pankshin,Highland,Maize,5.25,172.85,54.09,102.83,21.62,498.49,0.56
Pankshin,Highland,Maize,5.0,174.18,73.04,45.0,20.42,951.73,0.3
Pankshin,Highland,Maize,5.83,157.76,72.75,91.02,24.49,855.43,0.65
Pankshin,Highland,Maize,8.23,138.21,37.5,45.0,20.46,691.98,0.54
Pankshin,Highland,Maize,6.51,192.77,62.01,93.45,15.97,659.1,1.4
Pankshin,Highland,Maize,6.46,171.68,64.81,82.19,28.36,656.98,0.34
Pankshin,Highland,Maize,4.3,179.59,44.09,107.86,22.15,690.7,0.3
Pankshin,Highland,Maize,7.31,156.2,58.75,92.42,22.24,601.28,1.28
Pankshin,Highland,Maize,7.28,168.27,65.13,95.25,19.16,674.13,2.47
Pankshin,Highland,Maize,7.87,156.36,66.02,56.42,18.21,531.79,1.11
Pankshin,Highland,Maize,6.68,189.37,50.36,103.21,24.04,1000.0,2.08
Pankshin,Highland,Maize,8.06,182.13,38.42,85.14,31.46,838.72,0.34
Pankshin,Highland,Maize,6.72,128.92,39.08,87.95,24.44,610.36,0.52
Pankshin,Highland,Maize,4.69,154.0,37.5,71.33,21.37,442.74,0.3
Pankshin,Highland,Maize,6.27,152.04,51.43,85.03,15.0,874.02,0.69
Pankshin,Highland,Maize,5.65,112.5,49.38,90.26,21.66,779.89,0.67
Pankshin,Highland,Maize,6.27,125.48,53.98,66.84,15.76,882.08,0.3
Pankshin,Highland,Maize,6.94,174.89,44.84,102.36,18.45,643.05,0.3
Pankshin,Highland,Maize,6.33,129.82,40.21,76.78,20.89,969.79,1.56
Pankshin,Highland,Maize,6.97,153.5,47.0,77.69,18.41,627.34,0.86
Pankshin,Highland,Maize,5.32,133.95,70.78,46.1,16.16,972.82,0.64
Pankshin,Highland,Maize,7.93,123.73,55.36,96.33,16.78,1000.0,0.64
Pankshin,Highland,Maize,6.92,138.0,80.17,85.39,30.76,956.34,1.5
Pankshin,Highland,Maize,5.23,160.21,48.52,78.92,21.69,592.38,0.8
Pankshin,Highland,Maize,6.22,128.32,68.07,83.5,24.79,835.26,0.3
Pankshin,Highland,Maize,5.37,205.97,67.81,45.0,23.19,604.41,0.3
Pankshin,Highland,Maize,8.25,159.97,57.86,48.97,15.63,471.46,1.9
Pankshin,Highland,Maize,4.44,204.91,37.5,49.64,20.74,630.26,0.98
Pankshin,Highland,Maize,5.32,148.63,40.79,98.41,23.39,793.35,1.65
Pankshin,Highland,Maize,6.64,162.98,51.97,61.59,17.68,775.75,1.62
Pankshin,Highland,Maize,6.99,174.23,37.5,90.51,19.14,780.75,1.3
Pankshin,Highland,Maize,5.0,162.36,58.2,101.62,18.59,739.29,1.03
Pankshin,Highland,Maize,5.74,142.17,44.03,75.33,29.13,733.89,1.25
Pankshin,Highland,Maize,6.37,148.8,53.64,96.27,20.75,721.84,0.75
Pankshin,Highland,Maize,5.19,188.09,46.24,112.61,22.14,996.03,0.77
Pankshin,Highland,Maize,5.49,188.18,44.25,108.32,23.69,1000.0,0.3
Pankshin,Highland,Maize,7.44,136.11,37.5,99.22,20.97,918.42,0.98
Pankshin,Highland,Maize,6.36,201.43,56.14,67.21,20.59,777.59,0.3
Pankshin,Highland,Maize,6.9,197.39,53.21,68.49,22.81,1000.0,1.24
Pankshin,Highland,Maize,6.58,146.38,37.5,78.86,21.19,411.88,0.4
Pankshin,Highland,Maize,7.67,150.25,37.5,115.69,16.85,667.7,1.66
Pankshin,Highland,Maize,5.48,112.5,57.87,96.91,18.82,728.5,0.3
Pankshin,Highland,Maize,5.19,148.39,65.42,80.59,25.75,1000.0,1.53
Pankshin,Highland,Maize,4.5,149.5,69.41,75.52,15.0,653.4,0.3
Pankshin,Highland,Wheat,6.52,87.8,26.96,53.05,11.25,566.29,0.6
Pankshin,Highland,Wheat,8.07,140.75,31.17,40.31,11.25,673.22,0.6
Pankshin,Highland,Wheat,6.88,97.76,26.25,36.22,16.47,812.5,1.89
Pankshin,Highland,Wheat,9.47,113.63,39.49,42.17,15.2,630.39,1.67
Pankshin,Highland,Wheat,7.33,75.0,33.16,18.75,16.54,719.81,2.66
Pankshin,Highland,Wheat,5.84,78.99,35.54,20.12,11.25,674.31,1.37
Pankshin,Highland,Wheat,7.02,123.45,32.24,34.67,14.64,642.19,1.44
Pankshin,Highland,Wheat,5.23,129.82,35.2,45.11,16.13,534.55,0.6
Pankshin,Highland,Wheat,7.8,108.6,30.06,38.94,15.25,725.35,1.33
Pankshin,Highland,Wheat,4.64,127.84,32.44,18.75,11.25,752.91,2.39
Pankshin,Highland,Wheat,4.5,120.62,27.78,36.89,14.88,561.17,1.98
Pankshin,Highland,Wheat,6.04,129.55,34.73,23.08,12.04,663.25,2.73
Pankshin,Highland,Wheat,6.15,96.01,30.94,45.39,16.03,653.76,1.14
Pankshin,Highland,Wheat,7.22,75.0,39.99,33.1,15.03,812.5,0.76
Pankshin,Highland,Wheat,9.53,129.33,31.68,45.21,12.06,457.81,0.6
Pankshin,Highland,Wheat,8.09,80.49,26.25,34.65,16.17,654.5,1.94
Pankshin,Highland,Wheat,8.17,124.42,28.17,27.86,16.74,682.09,0.66
Pankshin,Highland,Wheat,8.34,115.41,32.88,30.09,17.78,465.23,2.88
Pankshin,Highland,Wheat,4.6,75.0,30.54,28.06,13.55,588.1,0.73
Pankshin,Highland,Wheat,7.2,106.35,34.24,36.98,13.29,740.26,0.6
Pankshin,Highland,Wheat,4.5,75.0,27.06,41.52,11.25,648.65,1.1
Pankshin,Highland,Wheat,6.99,75.0,44.35,36.28,11.25,665.09,2.72
Pankshin,Highland,Wheat,5.35,75.0,28.38,35.33,16.56,812.5,2.09
Pankshin,Highland,Wheat,5.23,76.54,26.25,47.16,16.26,797.03,1.9
Pankshin,Highland,Wheat,6.11,102.03,26.25,44.98,12.68,792.69,1.94
Pankshin,Highland,Wheat,9.07,120.01,31.41,33.15,13.38,619.85,2.29
Pankshin,Highland,Wheat,5.28,109.62,26.25,41.25,13.17,708.7,0.76
Pankshin,Highland,Wheat,6.54,126.21,29.8,58.33,13.1,583.8,2.49
Pankshin,Highland,Wheat,6.41,95.72,31.31,33.42,13.59,569.23,2.6
Pankshin,Highland,Wheat,6.66,91.38,27.33,40.99,18.75,630.29,0.66
Pankshin,Highland,Wheat,9.05,111.72,28.45,36.86,11.25,644.71,2.08
Pankshin,Highland,Wheat,8.25,97.33,30.16,53.88,14.61,733.85,1.78
Pankshin,Highland,Wheat,6.07,81.06,35.26,18.75,12.56,487.38,2.34
Pankshin,Highland,Wheat,8.41,86.65,45.23,55.91,15.07,812.5,0.85
Pankshin,Highland,Wheat,6.52,121.27,26.25,18.75,11.78,627.08,1.82
Pankshin,Highland,Wheat,6.45,75.0,31.82,54.39,12.58,812.5,2.17
Pankshin,Highland,Wheat,5.62,88.88,27.24,33.11,11.25,562.22,0.93
Pankshin,Highland,Wheat,9.02,114.39,26.25,29.41,15.73,605.95,0.9
Pankshin,Highland,Wheat,6.2,121.76,26.25,19.95,11.81,521.32,0.69
Pankshin,Highland,Wheat,7.87,137.98,30.65,38.94,12.55,407.45,1.54
Pankshin,Highland,Wheat,7.18,88.13,26.25,18.75,14.99,659.55,2.46
Pankshin,Highland,Wheat,5.91,99.37,29.17,27.78,16.94,794.31,0.6
Pankshin,Highland,Wheat,6.31,146.39,30.96,37.52,15.49,726.44,1.75
Pankshin,Highland,Wheat,7.08,108.05,36.95,31.92,14.5,812.5,1.7
Pankshin,Highland,Wheat,6.76,126.16,30.39,25.02,15.21,555.74,3.01
Pankshin,Highland,Wheat,7.11,80.42,26.77,46.9,11.33,812.5,0.6
Pankshin,Highland,Wheat,7.91,93.58,26.25,43.66,13.18,812.5,0.6
Pankshin,Highland,Wheat,7.49,99.75,30.8,43.31,11.25,677.27,2.36
Pankshin,Highland,Wheat,7.37,97.02,26.25,43.22,19.95,727.14,2.43
Pankshin,Highland,Wheat,7.91,96.31,29.6,48.49,11.25,725.96,2.51
Pankshin,Highland,Pineapple,5.28,281.1,37.61,165.76,20.36,1030.47,0.38
Pankshin,Highland,Pineapple,3.4,218.36,66.71,199.66,16.5,1161.37,0.08
Pankshin,Highland,Pineapple,6.37,300.69,45.25,99.46,19.32,1060.12,0.08
Pankshin,Highland,Pineapple,4.66,268.77,36.48,254.31,18.57,525.0,0.14
Pankshin,Highland,Pineapple,5.69,283.12,39.31,145.55,20.93,1250.0,0.54
Pankshin,Highland,Pineapple,4.77,331.79,44.2,82.5,17.75,1047.69,0.08
Pankshin,Highland,Pineapple,5.91,215.83,57.79,174.04,17.16,1109.99,0.89
Pankshin,Highland,Pineapple,3.86,214.89,49.92,206.97,26.52,1105.91,1.25
Pankshin,Highland,Pineapple,5.36,263.48,37.44,129.84,21.34,848.06,0.08
Pankshin,Highland,Pineapple,4.57,291.86,44.91,168.33,19.21,1008.27,0.99
Pankshin,Highland,Pineapple,6.95,262.75,34.12,275.0,23.48,690.85,0.08
Pankshin,Highland,Pineapple,3.69,227.55,54.58,219.54,21.8,925.42,1.24
Pankshin,Highland,Pineapple,5.38,244.21,38.15,275.0,22.69,768.96,0.08
Pankshin,Highland,Pineapple,3.4,243.81,33.75,88.52,23.51,1105.92,0.93
Pankshin,Highland,Pineapple,3.64,206.72,36.74,268.36,21.15,1250.0,0.63
Pankshin,Highland,Pineapple,5.21,271.27,33.75,82.5,21.61,952.52,1.09
Pankshin,Highland,Pineapple,3.74,263.02,52.17,185.27,23.58,839.33,0.7
Pankshin,Highland,Pineapple,5.98,295.51,38.11,87.33,19.53,763.96,0.21
Pankshin,Highland,Pineapple,4.95,210.45,44.16,87.79,20.83,863.34,0.37
Pankshin,Highland,Pineapple,5.79,230.64,35.0,121.39,23.4,1173.36,0.23
Pankshin,Highland,Pineapple,5.16,177.97,41.95,82.5,19.85,1138.54,0.08
Pankshin,Highland,Pineapple,4.29,211.03,33.75,218.57,21.65,1250.0,0.08
Pankshin,Highland,Pineapple,3.38,286.32,39.86,133.42,24.47,979.71,0.73
Pankshin,Highland,Pineapple,4.62,218.07,39.81,206.25,21.12,1031.89,0.08
Pankshin,Highland,Pineapple,3.38,172.5,39.65,82.5,24.96,946.26,0.49
Pankshin,Highland,Pineapple,4.08,201.86,62.15,275.0,21.98,594.44,0.26
Pankshin,Highland,Pineapple,5.7,238.43,33.75,275.0,19.04,715.3,0.4
Pankshin,Highland,Pineapple,6.7,268.78,33.75,82.5,16.5,898.97,0.25
Pankshin,Highland,Pineapple,5.93,219.7,55.41,205.24,19.29,1018.46,0.88
Pankshin,Highland,Pineapple,4.23,239.03,41.35,140.4,22.88,1104.19,0.55
Pankshin,Highland,Pineapple,5.75,224.75,47.92,82.5,26.81,1186.3,0.75
Pankshin,Highland,Pineapple,5.81,264.53,33.75,82.7,18.34,960.21,0.31
Pankshin,Highland,Pineapple,6.27,208.23,56.03,110.76,20.02,1106.7,0.59
Pankshin,Highland,Pineapple,3.89,291.34,45.1,82.5,19.02,878.32,0.08
Pankshin,Highland,Pineapple,6.89,232.42,49.43,176.54,22.65,1242.78,0.65
Pankshin,Highland,Pineapple,7.35,276.53,45.6,183.9,16.5,870.35,0.36
Pankshin,Highland,Pineapple,5.84,246.72,47.96,82.5,17.29,742.95,0.96
Pankshin,Highland,Pineapple,3.87,215.48,45.29,82.5,18.95,1068.44,0.26
Pankshin,Highland,Pineapple,7.28,178.21,40.04,135.27,20.98,735.32,0.21
Pankshin,Highland,Pineapple,6.25,236.74,33.75,275.0,21.12,1057.34,0.68
Pankshin,Highland,Pineapple,5.25,215.43,46.39,118.47,21.87,921.26,0.77
Pankshin,Highland,Pineapple,4.02,277.19,51.22,148.0,22.71,1023.31,0.65
Pankshin,Highland,Pineapple,6.03,249.82,37.12,124.38,20.5,1097.55,0.63
Pankshin,Highland,Pineapple,6.5,293.07,41.54,275.0,20.76,863.57,0.53
Pankshin,Highland,Pineapple,5.89,217.4,42.22,134.68,21.33,1089.28,0.32
Pankshin,Highland,Pineapple,6.0,190.9,54.44,134.27,19.89,1020.06,0.57
Pankshin,Highland,Pineapple,5.21,211.37,38.48,169.41,22.15,805.98,0.19
Pankshin,Highland,Pineapple,5.64,244.36,45.77,82.5,20.31,1099.32,0.2
Pankshin,Highland,Pineapple,5.9,198.27,33.75,190.07,20.87,891.22,0.71
Pankshin,Highland,Pineapple,4.98,221.86,35.43,102.31,22.09,895.38,0.81
Pankshin,Highland,Onion,4.58,84.31,28.26,58.96,11.25,356.54,1.21
Pankshin,Highland,Onion,6.48,67.98,22.87,78.15,12.8,510.79,0.72
Pankshin,Highland,Onion,6.21,93.97,18.75,33.75,11.25,629.68,0.76
Pankshin,Highland,Onion,5.38,65.1,20.29,72.23,16.81,687.5,0.3
Pankshin,Highland,Onion,5.23,76.52,35.57,34.78,11.25,590.14,1.71
Pankshin,Highland,Onion,5.81,64.8,18.75,56.76,14.17,687.5,0.44
Pankshin,Highland,Onion,6.74,45.0,25.12,100.0,19.71,687.5,1.02
Pankshin,Highland,Onion,6.21,69.42,29.5,68.75,12.43,462.41,0.5
Pankshin,Highland,Onion,6.97,90.29,56.25,69.49,12.21,494.19,0.73
Pankshin,Highland,Onion,7.23,79.88,18.75,59.65,11.25,619.05,0.44
Pankshin,Highland,Onion,5.97,45.0,32.89,85.47,12.49,531.12,0.56
Pankshin,Highland,Onion,6.21,45.0,18.75,88.74,11.25,608.75,0.96
Pankshin,Highland,Onion,7.32,57.25,19.74,44.31,15.53,467.46,0.3
Pankshin,Highland,Onion,5.9,45.0,18.75,62.55,13.93,614.06,0.89
Pankshin,Highland,Onion,5.62,45.0,18.75,76.39,16.65,664.76,1.25
Pankshin,Highland,Onion,6.98,72.25,45.08,66.8,20.31,476.99,0.47
Pankshin,Highland,Onion,6.22,61.89,20.32,71.82,14.2,479.23,0.6
Pankshin,Highland,Onion,7.06,70.17,18.75,91.63,15.76,624.49,1.3
Pankshin,Highland,Onion,6.92,45.0,18.75,100.0,12.47,594.13,1.67
Pankshin,Highland,Onion,6.07,54.36,34.86,65.15,15.94,540.63,0.54
Pankshin,Highland,Onion,6.14,90.64,20.62,69.56,11.69,687.5,0.98
Pankshin,Highland,Onion,6.54,84.39,18.75,85.17,11.25,478.39,0.39
Pankshin,Highland,Onion,5.22,50.43,23.46,38.57,11.25,554.79,0.77
Pankshin,Highland,Onion,6.18,45.0,19.47,47.21,14.75,484.87,0.79
Pankshin,Highland,Onion,5.56,45.0,30.56,76.43,13.36,553.22,0.58
Pankshin,Highland,Onion,6.99,58.03,18.75,80.53,12.25,568.25,0.3
Pankshin,Highland,Onion,6.73,81.81,18.75,33.75,15.34,687.5,1.28
Pankshin,Highland,Onion,6.21,45.0,18.75,75.44,17.18,476.44,0.68
Pankshin,Highland,Onion,6.36,105.09,24.83,40.79,11.25,443.8,1.48
Pankshin,Highland,Onion,6.64,54.7,18.75,43.41,15.5,591.05,0.99
Pankshin,Highland,Onion,5.53,66.9,18.75,60.85,12.27,674.76,0.99
Pankshin,Highland,Onion,6.25,94.99,19.72,33.75,17.57,579.4,0.64
Pankshin,Highland,Onion,5.95,74.69,33.55,45.16,16.14,579.21,0.38
Pankshin,Highland,Onion,6.34,50.01,38.52,47.57,18.88,565.32,0.3
Pankshin,Highland,Onion,5.04,57.9,39.61,85.92,14.98,464.09,0.59
Pankshin,Highland,Onion,6.46,88.15,30.7,80.57,16.37,659.43,0.3
Pankshin,Highland,Onion,5.81,45.0,18.75,60.92,11.25,440.0,0.76
Pankshin,Highland,Onion,5.38,51.42,31.51,35.8,16.81,456.04,0.95
Pankshin,Highland,Onion,5.68,73.35,20.53,70.32,12.92,614.81,1.26
Pankshin,Highland,Onion,6.41,51.57,21.34,35.01,15.09,622.61,1.63
Pankshin,Highland,Onion,7.11,45.0,26.54,58.1,18.04,467.35,1.27
Pankshin,Highland,Onion,5.75,60.3,18.75,33.75,11.87,519.99,1.56
Pankshin,Highland,Onion,5.69,48.63,18.75,84.38,13.16,510.56,0.63
Pankshin,Highland,Onion,5.18,45.0,18.75,73.38,11.25,613.09,0.99
Pankshin,Highland,Onion,5.26,55.37,37.63,38.97,12.9,687.5,0.98
Pankshin,Highland,Onion,6.18,51.63,28.41,74.78,11.25,289.63,0.3
Pankshin,Highland,Onion,6.24,64.53,18.75,56.63,14.29,450.95,0.53
Pankshin,Highland,Onion,5.9,73.61,24.15,37.5,17.27,390.64,0.3
Pankshin,Highland,Onion,6.19,56.93,24.91,36.7,17.09,687.5,0.8
Pankshin,Highland,Onion,6.52,45.0,19.0,46.61,12.01,473.37,0.52
Jos North,Highland,Irish-potato,3.32,79.46,30.0,180.56,13.16,658.05,1.05
Jos North,Highland,Irish-potato,3.83,105.95,58.62,92.12,7.5,479.13,1.04
Jos North,Highland,Irish-potato,3.73,80.23,30.0,129.18,8.33,340.45,0.3
Jos North,Highland,Irish-potato,4.28,135.59,41.05,90.0,9.44,724.86,0.31
Jos North,Highland,Irish-potato,3.61,99.39,30.0,164.27,13.27,399.21,1.47
Jos North,Highland,Irish-potato,4.4,60.0,46.55,90.0,15.64,609.99,0.46
Jos North,Highland,Irish-potato,4.43,114.07,30.0,134.19,12.12,300.0,0.8
Jos North,Highland,Irish-potato,5.04,109.37,45.08,218.52,11.55,583.44,0.22
Jos North,Highland,Irish-potato,3.0,109.56,30.0,90.0,11.44,567.08,0.37
Jos North,Highland,Irish-potato,4.54,60.0,55.76,157.47,16.05,488.07,0.72
Jos North,Highland,Irish-potato,3.0,64.37,30.0,148.35,7.84,508.59,0.49
Jos North,Highland,Irish-potato,4.1,60.0,67.21,140.77,17.5,404.56,0.29
Jos North,Highland,Irish-potato,4.5,147.17,67.24,111.92,9.15,584.19,1.12
Jos North,Highland,Irish-potato,4.54,104.68,59.25,188.77,15.44,708.86,1.24
Jos North,Highland,Irish-potato,3.52,150.0,58.44,130.75,15.88,539.2,0.78
Jos North,Highland,Irish-potato,4.97,126.69,31.84,185.55,10.45,727.92,0.53
Jos North,Highland,Irish-potato,3.03,70.72,54.73,123.23,16.25,387.67,0.9
Jos North,Highland,Irish-potato,4.46,87.87,30.0,150.2,8.47,488.69,0.46
Jos North,Highland,Irish-potato,4.2,132.48,30.0,129.8,10.73,598.51,0.25
Jos North,Highland,Irish-potato,5.32,87.49,42.22,186.01,12.18,377.89,0.31
Jos North,Highland,Irish-potato,4.39,60.0,30.0,135.59,19.04,664.94,0.62
Jos North,Highland,Irish-potato,5.86,117.09,52.64,117.81,7.57,645.79,1.49
Jos North,Highland,Irish-potato,5.71,119.53,30.0,90.0,9.12,638.1,0.29
Jos North,Highland,Irish-potato,5.3,60.0,37.64,98.92,15.47,694.96,0.22
Jos North,Highland,Irish-potato,5.18,60.0,30.0,92.7,7.5,580.3,0.49
Jos North,Highland,Irish-potato,4.17,115.37,30.0,90.0,9.21,386.43,0.22
Jos North,Highland,Irish-potato,4.97,60.0,33.94,189.44,15.75,480.65,1.7
Jos North,Highland,Irish-potato,3.65,88.51,30.0,161.91,21.8,750.0,0.98
Jos North,Highland,Irish-potato,4.01,90.63,59.42,178.52,12.29,624.83,1.09
Jos North,Highland,Irish-potato,5.54,60.0,43.86,169.52,10.14,750.0,0.38
Jos North,Highland,Irish-potato,5.55,83.62,44.43,151.63,17.82,729.67,0.29
Jos North,Highland,Irish-potato,4.28,86.84,40.21,90.0,11.72,750.0,1.23
Jos North,Highland,Irish-potato,3.23,60.0,30.0,90.0,7.58,661.46,0.51
Jos North,Highland,Irish-potato,3.11,137.46,32.5,111.96,15.56,671.9,0.51
Jos North,Highland,Irish-potato,4.1,116.45,32.31,127.18,7.88,750.0,1.35
Jos North,Highland,Irish-potato,4.67,79.5,56.26,170.07,10.45,750.0,0.31
Jos North,Highland,Irish-potato,3.46,94.21,58.86,144.56,7.9,529.45,1.16
Jos North,Highland,Irish-potato,4.71,95.85,37.61,195.86,15.55,354.79,1.03
Jos North,Highland,Irish-potato,4.91,150.0,38.68,198.77,13.64,405.07,1.07
Jos North,Highland,Irish-potato,5.15,73.76,44.95,225.0,10.31,727.08,0.22
Jos North,Highland,Irish-potato,4.04,124.88,44.38,128.6,17.96,438.68,0.46
Jos North,Highland,Irish-potato,4.89,66.01,48.8,195.59,11.6,480.08,0.37
Jos North,Highland,Irish-potato,3.0,131.72,44.52,129.91,7.5,750.0,0.31
Jos North,Highland,Irish-potato,4.95,96.11,30.0,205.77,15.78,733.71,0.7
Jos North,Highland,Irish-potato,3.53,126.92,75.0,145.27,12.47,407.18,0.22
Jos North,Highland,Irish-potato,4.21,148.37,63.4,135.74,13.51,386.79,0.59
Jos North,Highland,Irish-potato,4.07,98.42,35.08,123.81,15.49,750.0,0.45
Jos North,Highland,Irish-potato,5.64,60.0,38.27,90.0,10.91,725.25,1.12
Jos North,Highland,Irish-potato,3.87,112.54,61.41,196.28,12.91,496.89,0.22
Jos North,Highland,Irish-potato,3.82,95.4,30.0,174.77,12.8,632.03,0.22
Jos North,Highland,Tomato,5.85,108.12,134.26,129.59,17.66,644.65,0.38
Jos North,Highland,Tomato,8.04,178.33,54.86,161.62,27.29,750.0,0.48
Jos North,Highland,Tomato,6.31,81.08,135.05,192.56,20.9,491.02,0.38
Jos North,Highland,Tomato,6.34,177.38,63.2,143.59,19.75,750.0,0.38
Jos North,Highland,Tomato,5.53,145.92,102.18,175.93,22.99,661.63,0.75
Jos North,Highland,Tomato,6.86,143.8,49.9,258.23,19.91,750.0,0.77
Jos North,Highland,Tomato,6.1,133.14,91.74,260.31,20.41,596.74,1.44
Jos North,Highland,Tomato,6.31,187.5,85.04,246.78,22.11,361.08,0.38
Jos North,Highland,Tomato,5.31,77.79,67.01,125.34,13.96,628.16,2.08
Jos North,Highland,Tomato,4.24,86.07,63.4,182.32,13.5,518.52,0.38
Jos North,Highland,Tomato,6.18,133.92,73.38,171.58,15.59,606.01,0.38
Jos North,Highland,Tomato,7.6,77.84,60.16,229.58,16.87,678.32,1.94
Jos North,Highland,Tomato,6.78,86.47,48.75,180.45,20.31,740.58,0.38
Jos North,Highland,Tomato,5.25,114.2,70.28,258.79,18.07,617.84,1.37
Jos North,Highland,Tomato,7.65,120.48,110.44,274.25,18.05,534.31,2.27
Jos North,Highland,Tomato,7.11,121.87,94.45,140.53,23.04,390.21,1.48
Jos North,Highland,Tomato,4.98,75.0,48.75,167.0,21.41,438.01,0.38
Jos North,Highland,Tomato,5.24,145.05,101.87,195.68,22.53,680.14,0.44
Jos North,Highland,Tomato,6.86,84.07,90.16,134.89,19.08,742.02,0.88
Jos North,Highland,Tomato,5.8,128.1,94.8,288.51,21.17,541.43,0.59
Jos North,Highland,Tomato,4.77,85.38,48.75,167.68,13.5,611.31,0.38
Jos North,Highland,Tomato,4.56,75.0,68.22,120.0,21.39,629.71,0.58
Jos North,Highland,Tomato,7.49,121.8,87.52,221.17,16.38,540.41,0.76
Jos North,Highland,Tomato,4.26,173.56,81.61,179.82,27.04,471.62,1.81
Jos North,Highland,Tomato,6.75,154.08,72.78,191.77,17.09,716.12,1.01
Jos North,Highland,Tomato,5.17,106.57,77.0,173.7,24.4,694.2,1.3
Jos North,Highland,Tomato,6.08,97.41,95.66,120.0,19.21,505.35,0.38
Jos North,Highland,Tomato,5.28,119.06,76.77,225.95,17.79,588.14,0.38
Jos North,Highland,Tomato,4.35,129.88,93.94,177.04,22.32,435.91,1.01
Jos North,Highland,Tomato,4.83,94.37,57.31,185.41,20.3,642.31,0.53
Jos North,Highland,Tomato,6.54,170.69,74.25,193.58,15.99,554.32,1.61
Jos North,Highland,Tomato,7.27,115.65,90.26,232.02,16.67,447.8,1.22
Jos North,Highland,Tomato,6.85,143.36,67.57,260.07,19.66,466.25,0.38
Jos North,Highland,Tomato,5.47,128.06,69.83,281.97,20.15,486.58,0.38
Jos North,Highland,Tomato,6.09,150.34,126.31,179.75,25.55,441.62,0.49
Jos North,Highland,Tomato,4.64,144.6,48.75,207.87,13.5,750.0,0.47
Jos North,Highland,Tomato,6.25,75.0,48.75,153.17,21.98,676.82,1.49
Jos North,Highland,Tomato,4.07,136.29,62.69,151.55,16.3,586.43,1.2
Jos North,Highland,Tomato,7.11,136.7,94.01,274.03,21.35,575.08,1.14
Jos North,Highland,Tomato,7.79,96.14,66.08,256.67,17.31,689.08,1.64
Jos North,Highland,Tomato,4.36,109.6,109.01,183.28,13.5,540.56,1.29
Jos North,Highland,Tomato,7.29,122.99,90.09,171.99,22.2,750.0,1.27
Jos North,Highland,Tomato,5.68,134.17,102.39,190.46,21.78,643.16,1.73
Jos North,Highland,Tomato,6.62,106.98,114.26,210.58,17.93,442.19,0.9
Jos North,Highland,Tomato,7.93,75.0,48.75,224.89,19.47,678.37,0.38
Jos North,Highland,Tomato,3.75,97.25,118.34,168.15,16.69,300.0,0.38
Jos North,Highland,Tomato,7.1,113.95,103.41,154.08,13.5,569.59,0.38
Jos North,Highland,Tomato,4.85,97.98,73.85,166.29,14.68,750.0,1.06
Jos North,Highland,Tomato,6.0,119.57,94.86,213.93,14.26,421.41,0.38
Jos North,Highland,Tomato,7.88,108.53,92.93,198.58,22.24,592.48,0.38
Jos North,Highland,Groundnut,5.7,9.46,11.25,18.75,17.8,661.69,0.16
Jos North,Highland,Groundnut,6.39,16.5,13.85,18.75,16.5,718.92,0.15
Jos North,Highland,Groundnut,6.22,13.44,38.45,18.75,18.46,690.07,0.15
Jos North,Highland,Groundnut,5.43,19.16,11.25,18.75,17.98,826.57,0.15
Jos North,Highland,Groundnut,5.49,7.5,16.69,29.47,24.83,609.35,0.15
Jos North,Highland,Groundnut,7.57,17.33,13.71,18.75,20.39,545.38,0.15
Jos North,Highland,Groundnut,5.74,10.16,18.41,18.75,17.53,679.15,0.16
Jos North,Highland,Groundnut,5.19,15.06,11.25,19.31,21.23,698.2,0.39
Jos North,Highland,Groundnut,5.54,13.34,12.37,31.16,24.85,854.17,0.15
Jos North,Highland,Groundnut,7.08,12.06,27.46,27.57,23.61,573.17,0.67
Jos North,Highland,Groundnut,6.52,7.5,11.25,18.75,17.01,799.45,0.15
Jos North,Highland,Groundnut,5.53,23.07,11.25,27.42,25.94,790.23,0.39
Jos North,Highland,Groundnut,6.29,14.65,14.11,27.75,21.09,683.04,0.99
Jos North,Highland,Groundnut,6.03,11.62,23.67,26.0,23.03,554.27,0.39
Jos North,Highland,Groundnut,6.46,18.17,28.18,32.22,18.49,583.91,0.45
Jos North,Highland,Groundnut,6.99,10.34,11.25,18.75,23.27,686.84,0.18
Jos North,Highland,Groundnut,6.85,11.0,17.4,29.54,29.67,648.2,0.15
Jos North,Highland,Groundnut,5.73,14.3,11.25,18.75,21.0,875.0,0.75
Jos North,Highland,Groundnut,5.4,20.77,11.25,23.07,19.08,654.74,0.15
Jos North,Highland,Groundnut,7.31,10.69,20.68,18.75,17.05,648.23,0.52
Jos North,Highland,Groundnut,6.24,17.21,19.2,21.73,23.87,711.69,0.67
Jos North,Highland,Groundnut,6.64,16.84,27.85,33.57,24.9,875.0,0.15
Jos North,Highland,Groundnut,6.81,7.5,31.21,22.16,25.28,875.0,0.62
Jos North,Highland,Groundnut,6.07,7.5,25.21,19.17,24.32,640.94,0.15
Jos North,Highland,Groundnut,6.17,14.44,19.17,18.75,28.3,683.83,0.15
Jos North,Highland,Groundnut,6.87,11.45,14.9,20.0,21.35,875.0,0.5
Jos North,Highland,Groundnut,6.47,9.97,42.62,29.04,25.46,732.42,0.68
Jos North,Highland,Groundnut,6.55,9.34,22.78,40.02,22.71,848.04,0.75
Jos North,Highland,Groundnut,6.65,21.19,11.25,18.75,28.05,624.54,0.37
Jos North,Highland,Groundnut,7.36,12.68,42.05,18.75,24.16,706.78,0.86
Jos North,Highland,Groundnut,6.16,7.5,11.25,18.75,19.73,619.73,0.73
Jos North,Highland,Groundnut,7.15,13.8,11.25,18.75,16.5,744.25,0.15
Jos North,Highland,Groundnut,7.19,7.5,11.25,20.83,23.63,875.0,0.15
Jos North,Highland,Groundnut,6.13,7.5,28.92,18.75,21.64,679.92,0.38
Jos North,Highland,Groundnut,6.22,7.5,18.63,18.75,24.85,706.69,0.15
Jos North,Highland,Groundnut,7.75,21.21,50.0,18.75,19.08,794.0,0.72
Jos North,Highland,Groundnut,6.43,7.5,11.25,25.37,19.69,540.91,0.24
Jos North,Highland,Groundnut,4.5,7.98,11.25,24.39,23.92,744.02,0.65
Jos North,Highland,Groundnut,6.21,7.5,18.03,18.75,17.25,767.48,0.15
Jos North,Highland,Groundnut,6.72,7.5,13.15,18.75,25.98,769.27,0.15
Jos North,Highland,Groundnut,6.22,19.28,39.18,18.75,26.61,844.48,0.4
Jos North,Highland,Groundnut,6.26,8.29,11.25,24.64,21.4,750.69,0.5
Jos North,Highland,Groundnut,7.81,18.51,25.37,18.75,23.37,875.0,0.19
Jos North,Highland,Groundnut,7.62,14.69,21.69,18.75,27.26,603.19,0.15
Jos North,Highland,Groundnut,5.2,16.75,25.97,21.76,24.59,775.29,0.21
Jos North,Highland,Groundnut,5.85,7.5,14.8,18.75,22.57,681.3,0.19
Jos North,Highland,Groundnut,6.94,7.5,11.25,19.7,19.41,714.17,0.15
Jos North,Highland,Groundnut,6.56,7.5,11.25,27.06,21.84,561.65,0.15
Jos North,Highland,Groundnut,6.09,7.5,13.19,19.46,18.79,775.76,0.15
Jos North,Highland,Groundnut,7.06,10.23,11.25,26.39,22.12,788.57,0.15
Jos North,Highland,Pepper,6.52,110.25,27.94,64.35,26.57,450.0,2.06
Jos North,Highland,Pepper,6.68,137.74,18.75,41.25,16.56,1265.74,0.93
Jos North,Highland,Pepper,6.57,75.0,28.04,95.42,27.12,549.68,0.69
Jos North,Highland,Pepper,5.77,105.86,40.64,125.0,13.65,1186.01,1.14
Jos North,Highland,Pepper,6.34,186.1,32.84,41.25,13.5,620.58,0.45
Jos North,Highland,Pepper,5.94,122.72,18.75,41.25,13.5,450.0,1.63
Jos North,Highland,Pepper,5.83,92.5,18.75,41.25,22.69,1205.3,0.76
Jos North,Highland,Pepper,5.83,75.0,18.75,81.25,15.96,1562.5,1.78
Jos North,Highland,Pepper,5.67,120.64,59.83,88.91,19.87,1095.39,1.04
Jos North,Highland,Pepper,6.05,87.65,21.52,41.25,23.31,974.78,1.48
Jos North,Highland,Pepper,4.95,189.74,46.33,41.25,16.84,874.39,0.45
Jos North,Highland,Pepper,5.84,154.36,20.54,41.25,23.56,724.91,0.45
Jos North,Highland,Pepper,7.54,147.75,18.75,41.25,24.57,1365.02,0.58
Jos North,Highland,Pepper,4.96,147.3,36.06,56.88,13.71,1034.38,1.26
Jos North,Highland,Pepper,5.64,142.24,32.66,96.74,17.29,593.16,0.89
Jos North,Highland,Pepper,7.54,75.0,18.75,63.83,17.51,946.02,0.76
Jos North,Highland,Pepper,6.94,129.77,39.35,41.25,16.72,715.96,0.45
Jos North,Highland,Pepper,6.15,127.4,20.57,63.36,20.04,1409.02,1.38
Jos North,Highland,Pepper,6.35,212.5,18.75,41.25,25.66,1562.5,0.49
Jos North,Highland,Pepper,7.27,109.67,35.92,83.48,16.19,1562.5,2.31
Jos North,Highland,Pepper,5.17,139.74,40.74,41.25,19.64,450.0,1.4
Jos North,Highland,Pepper,6.14,116.2,18.75,50.96,22.23,1009.47,1.77
Jos North,Highland,Pepper,7.05,175.95,19.54,74.41,14.43,547.42,1.76
Jos North,Highland,Pepper,5.03,78.52,28.92,59.56,18.53,1562.5,0.45
Jos North,Highland,Pepper,6.5,135.06,42.12,46.04,18.32,1068.27,0.45
Jos North,Highland,Pepper,4.48,130.66,46.91,57.42,18.37,1461.18,0.83
Jos North,Highland,Pepper,6.74,212.5,18.97,62.02,21.58,1562.5,0.85
Jos North,Highland,Pepper,6.7,145.76,26.33,55.63,16.3,1562.5,0.45
Jos North,Highland,Pepper,4.8,141.53,30.36,77.86,14.91,635.92,0.73
Jos North,Highland,Pepper,6.86,89.83,29.59,53.22,13.5,539.28,1.57
Jos North,Highland,Pepper,5.54,182.44,26.84,41.25,22.01,721.25,0.67
Jos North,Highland,Pepper,7.06,78.7,20.83,41.25,13.5,845.64,0.45
Jos North,Highland,Pepper,5.82,157.67,18.75,41.25,22.87,737.84,2.21
Jos North,Highland,Pepper,5.71,125.94,18.75,41.25,13.5,1136.47,0.88
Jos North,Highland,Pepper,6.62,164.57,41.42,60.76,19.95,1244.45,0.45
Jos North,Highland,Pepper,5.24,194.58,18.75,79.79,21.29,599.21,0.47
Jos North,Highland,Pepper,5.75,140.38,32.52,65.86,20.49,1274.96,1.36
Jos North,Highland,Pepper,7.41,174.23,27.65,83.49,21.73,1087.32,0.45
Jos North,Highland,Pepper,6.21,75.0,43.04,75.87,18.66,865.53,1.39
Jos North,Highland,Pepper,7.67,146.87,55.15,87.26,15.27,1209.87,1.21
Jos North,Highland,Pepper,5.36,114.81,21.15,69.3,18.03,1126.84,1.24
Jos North,Highland,Pepper,7.17,154.0,18.75,122.09,15.85,878.08,1.35
Jos North,Highland,Pepper,8.6,147.96,18.75,41.25,13.5,1029.15,1.32
Jos North,Highland,Pepper,4.82,140.6,18.75,42.4,22.82,741.61,1.85
Jos North,Highland,Pepper,5.55,176.94,60.45,47.1,32.45,1030.11,0.49
Jos North,Highland,Pepper,5.81,114.99,47.85,101.26,26.36,532.46,1.07
Jos North,Highland,Pepper,4.71,172.91,20.33,79.88,16.87,450.0,1.55
Jos North,Highland,Pepper,6.91,137.22,18.75,86.37,15.63,1220.81,0.59
Jos North,Highland,Pepper,5.73,151.89,18.75,62.29,22.18,1562.5,0.88
Jos North,Highland,Pepper,6.8,83.52,52.12,45.46,18.81,1218.78,0.45
Jos North,Highland,Cabbage,6.96,102.22,54.66,122.85,18.72,589.59,1.5
Jos North,Highland,Cabbage,6.56,124.71,50.33,126.42,30.0,528.35,0.15
Jos North,Highland,Cabbage,7.01,81.77,49.64,109.5,13.12,536.6,0.15
Jos North,Highland,Cabbage,5.8,148.83,37.5,102.66,11.45,400.53,1.15
Jos North,Highland,Cabbage,5.7,137.51,43.29,89.38,12.08,515.06,0.36
Jos North,Highland,Cabbage,5.85,91.95,56.18,104.29,13.51,477.6,1.1
Jos North,Highland,Cabbage,6.26,75.0,49.8,90.8,21.43,612.69,0.82
Jos North,Highland,Cabbage,6.04,118.22,49.56,119.79,7.5,546.54,1.22
Jos North,Highland,Cabbage,6.0,120.75,70.26,99.95,7.5,535.98,1.14
Jos North,Highland,Cabbage,6.94,92.95,51.02,101.09,20.62,496.92,0.64
Jos North,Highland,Cabbage,7.45,75.0,52.58,127.25,7.5,489.56,0.27
Jos North,Highland,Cabbage,5.88,98.02,44.11,119.07,26.13,625.0,0.85
Jos North,Highland,Cabbage,7.4,180.73,48.84,129.21,17.46,524.86,0.41
Jos North,Highland,Cabbage,6.92,164.24,52.47,97.24,10.01,410.27,0.59
Jos North,Highland,Cabbage,6.49,91.05,51.53,112.16,7.5,517.48,1.03
Jos North,Highland,Cabbage,5.94,122.02,48.79,103.71,19.62,605.47,0.97
Jos North,Highland,Cabbage,6.13,136.78,54.74,102.1,8.14,550.05,0.18
Jos North,Highland,Cabbage,5.9,127.93,45.74,107.24,7.5,527.71,0.15
Jos North,Highland,Cabbage,5.69,118.92,58.0,113.56,14.74,513.63,0.33
Jos North,Highland,Cabbage,7.09,89.25,41.04,122.84,11.2,625.0,0.72
Jos North,Highland,Cabbage,7.0,75.0,56.66,89.3,19.84,514.54,0.53
Jos North,Highland,Cabbage,5.66,75.0,48.71,99.03,7.5,422.26,0.15
Jos North,Highland,Cabbage,6.63,114.07,42.1,107.89,22.27,558.87,0.25
Jos North,Highland,Cabbage,7.58,102.98,37.5,105.92,11.92,606.3,0.21
Jos North,Highland,Cabbage,6.22,96.27,54.46,106.68,11.76,529.5,0.43
Jos North,Highland,Cabbage,5.46,155.41,57.05,104.88,13.46,470.23,1.16
Jos North,Highland,Cabbage,7.2,133.01,54.56,125.7,22.38,480.07,0.3
Jos North,Highland,Cabbage,6.59,127.44,53.98,115.43,16.01,357.74,0.93
Jos North,Highland,Cabbage,6.81,181.84,43.21,75.0,12.53,571.97,0.25
Jos North,Highland,Cabbage,7.13,102.26,46.51,99.86,30.0,476.57,0.68
Jos North,Highland,Cabbage,5.6,131.51,39.04,123.42,21.41,559.01,0.15
Jos North,Highland,Cabbage,6.28,112.64,54.65,88.38,23.42,607.72,0.15
Jos North,Highland,Cabbage,6.18,120.01,56.19,92.15,15.69,616.93,0.54
Jos North,Highland,Cabbage,5.21,107.09,55.3,117.81,7.5,554.05,0.83
Jos North,Highland,Cabbage,6.64,140.57,65.43,103.41,16.49,474.24,0.17
Jos North,Highland,Cabbage,6.12,146.28,40.85,125.78,7.5,584.77,0.67
Jos North,Highland,Cabbage,6.47,150.22,40.89,96.01,7.5,540.63,0.38
Jos North,Highland,Cabbage,6.82,132.79,53.42,100.72,17.31,625.0,0.15
Jos North,Highland,Cabbage,5.22,140.08,39.96,79.99,18.35,469.69,1.08
Jos North,Highland,Cabbage,6.41,115.6,40.2,107.94,7.5,367.22,0.15
Jos North,Highland,Cabbage,6.99,94.57,37.5,102.62,30.0,616.43,0.15
Jos North,Highland,Cabbage,5.83,98.3,39.42,113.69,11.26,462.08,0.15
Jos North,Highland,Cabbage,7.68,143.05,39.9,125.39,7.5,530.4,0.33
Jos North,Highland,Cabbage,6.42,94.04,48.51,75.0,10.93,625.0,0.87
Jos North,Highland,Cabbage,5.9,77.02,37.5,114.98,16.27,567.0,1.14
Jos North,Highland,Cabbage,6.41,128.16,37.5,132.59,12.66,482.82,0.52
Jos North,Highland,Cabbage,7.5,183.76,38.9,124.74,16.74,609.13,0.55
Jos North,Highland,Cabbage,6.68,160.03,37.5,110.48,7.5,507.55,0.44
Jos North,Highland,Cabbage,5.71,104.56,37.5,93.79,18.17,600.58,0.15
Jos North,Highland,Cabbage,7.1,138.34,59.93,75.0,16.54,582.78,0.15
Jos North,Highland,Maize,9.1,152.95,64.41,90.8,21.47,992.52,2.13
Jos North,Highland,Maize,5.03,174.9,70.91,45.0,25.95,1000.0,1.63
Jos North,Highland,Maize,6.82,216.39,61.14,45.0,18.57,705.27,0.69
Jos North,Highland,Maize,6.21,161.65,58.72,104.29,22.0,860.03,0.3
Jos North,Highland,Maize,6.46,203.2,76.71,95.9,22.41,822.44,0.3
Jos North,Highland,Maize,7.29,152.05,66.8,70.14,21.07,925.22,1.13
Jos North,Highland,Maize,6.64,157.0,82.93,76.94,24.48,764.17,0.3
Jos North,Highland,Maize,6.72,154.14,62.55,45.0,19.13,747.49,0.3
Jos North,Highland,Maize,6.73,159.2,54.79,56.29,25.52,845.55,0.94
Jos North,Highland,Maize,6.39,245.29,52.13,52.9,15.54,908.44,1.88
Jos North,Highland,Maize,5.33,163.2,48.6,66.27,15.0,891.18,1.57
Jos North,Highland,Maize,4.12,222.76,83.2,45.0,15.0,726.74,1.66
Jos North,Highland,Maize,6.65,172.13,64.93,50.3,26.95,731.87,0.3
Jos North,Highland,Maize,5.4,182.27,49.82,59.99,21.94,812.76,0.3
Jos North,Highland,Maize,7.73,167.69,62.23,71.44,19.09,909.54,0.79
Jos North,Highland,Maize,6.4,112.5,69.24,65.19,24.51,1000.0,1.31
Jos North,Highland,Maize,6.38,163.16,99.09,80.45,21.98,717.99,0.3
Jos North,Highland,Maize,4.12,215.86,41.25,64.73,20.51,1000.0,0.3
Jos North,Highland,Maize,6.61,186.44,37.5,45.0,17.67,792.64,0.82
Jos North,Highland,Maize,6.18,190.53,39.89,65.19,20.47,604.79,2.35
Jos North,Highland,Maize,4.12,207.68,68.89,88.04,21.45,983.38,0.42
Jos North,Highland,Maize,6.77,173.64,50.82,72.01,16.58,633.79,1.84
Jos North,Highland,Maize,9.38,186.67,69.48,75.05,23.12,845.16,1.46
Jos North,Highland,Maize,8.09,145.73,100.0,72.4,21.65,677.74,0.45
Jos North,Highland,Maize,7.03,190.09,64.78,58.55,15.0,435.78,0.74
Jos North,Highland,Maize,6.7,159.27,42.76,76.1,20.5,666.61,0.3
Jos North,Highland,Maize,5.34,198.7,38.04,84.66,27.45,611.56,0.42
Jos North,Highland,Maize,7.45,207.45,43.6,45.0,26.84,852.18,1.02
Jos North,Highland,Maize,7.37,136.96,61.73,62.51,23.81,889.83,1.42
Jos North,Highland,Maize,7.01,178.82,59.86,77.73,18.09,685.16,1.02
Jos North,Highland,Maize,7.07,152.53,37.5,45.0,15.13,655.58,0.42
Jos North,Highland,Maize,5.99,136.38,37.5,72.12,21.59,858.73,1.31
Jos North,Highland,Maize,6.77,174.85,70.22,102.41,17.85,884.8,0.3
Jos North,Highland,Maize,6.57,202.69,50.1,46.94,18.86,583.22,0.3
Jos North,Highland,Maize,7.71,187.03,42.3,46.19,16.74,624.05,1.54
Jos North,Highland,Maize,6.19,233.66,54.19,55.73,25.32,457.73,0.87
Jos North,Highland,Maize,4.91,112.5,52.83,88.66,22.0,766.4,0.3
Jos North,Highland,Maize,6.14,167.28,65.76,45.0,24.86,660.86,0.53
Jos North,Highland,Maize,6.92,136.83,69.31,45.0,24.05,708.79,0.63
Jos North,Highland,Maize,4.12,154.29,51.21,105.32,20.83,635.73,1.32
Jos North,Highland,Maize,5.73,201.6,59.46,48.17,25.37,855.18,1.36
Jos North,Highland,Maize,6.1,189.04,88.5,73.17,19.14,1000.0,1.2
Jos North,Highland,Maize,5.79,222.1,37.5,81.52,26.34,937.56,0.3
Jos North,Highland,Maize,4.88,178.2,67.22,45.0,22.4,494.94,1.48
Jos North,Highland,Maize,5.65,166.73,70.01,87.17,23.21,930.16,1.02
Jos North,Highland,Maize,7.99,121.63,53.85,66.79,19.98,837.05,0.88
Jos North,Highland,Maize,7.27,136.99,95.0,60.04,22.33,713.91,0.79
Jos North,Highland,Maize,5.7,177.51,65.04,45.0,19.47,685.85,2.36
Jos North,Highland,Maize,7.31,215.24,64.66,71.09,22.7,946.52,1.96
Jos North,Highland,Maize,6.66,153.35,71.07,49.25,22.82,869.23,0.66
Jos North,Highland,Wheat,5.77,108.26,28.04,18.75,13.38,480.77,1.75
Jos North,Highland,Wheat,7.2,129.26,27.63,22.99,12.09,708.88,0.6
Jos North,Highland,Wheat,6.91,103.04,40.16,34.36,14.5,521.09,0.6
Jos North,Highland,Wheat,7.39,173.95,32.28,29.23,15.05,662.01,1.41
Jos North,Highland,Wheat,6.02,93.13,30.53,48.47,16.76,506.24,1.01
Jos North,Highland,Wheat,7.66,165.73,40.36,23.59,16.89,679.05,1.13
Jos North,Highland,Wheat,6.89,123.69,36.76,18.75,15.86,812.5,2.49
Jos North,Highland,Wheat,7.47,99.44,34.43,46.01,13.0,691.68,1.06
Jos North,Highland,Wheat,6.11,112.32,30.64,18.75,11.36,546.32,1.52
Jos North,Highland,Wheat,5.12,75.0,37.91,18.75,13.94,757.49,0.6
Jos North,Highland,Wheat,5.15,103.07,35.51,26.35,14.48,615.57,1.73
Jos North,Highland,Wheat,8.47,187.5,29.02,48.94,17.4,681.12,0.6
Jos North,Highland,Wheat,6.38,111.65,31.99,23.79,12.86,812.5,2.38
Jos North,Highland,Wheat,4.5,113.32,33.58,46.09,13.28,624.9,1.32
Jos North,Highland,Wheat,7.58,76.74,26.25,44.98,11.62,812.5,0.6
Jos North,Highland,Wheat,6.6,132.26,26.25,62.5,13.35,552.27,0.6
Jos North,Highland,Wheat,7.23,129.99,26.25,18.75,17.57,573.58,0.6
Jos North,Highland,Wheat,6.64,109.8,41.29,19.05,13.6,675.58,0.74
Jos North,Highland,Wheat,7.32,91.86,28.49,32.61,17.8,581.68,0.71
Jos North,Highland,Wheat,8.59,105.42,29.56,51.67,14.7,621.12,1.08
Jos North,Highland,Wheat,5.96,134.65,26.25,38.03,14.54,677.44,2.75
Jos North,Highland,Wheat,5.14,122.22,33.62,18.75,17.26,586.52,1.49
Jos North,Highland,Wheat,6.67,126.23,30.32,26.2,13.12,572.53,1.51
Jos North,Highland,Wheat,6.88,101.33,31.9,19.92,19.02,812.5,2.45
Jos North,Highland,Wheat,8.35,145.25,28.66,18.75,11.52,571.13,2.29
Jos North,Highland,Wheat,7.11,102.28,26.25,60.5,16.05,755.89,0.77
Jos North,Highland,Wheat,6.65,111.49,30.26,53.61,11.25,645.19,1.55
Jos North,Highland,Wheat,6.68,150.53,26.25,54.16,11.25,518.29,0.84
Jos North,Highland,Wheat,6.07,133.89,31.69,28.33,11.25,633.75,1.25
Jos North,Highland,Wheat,8.24,127.33,32.13,55.31,11.25,604.77,0.6
Jos North,Highland,Wheat,8.67,170.34,38.82,34.66,15.61,596.62,1.91
Jos North,Highland,Wheat,5.33,84.05,27.43,54.21,13.01,605.9,1.49
Jos North,Highland,Wheat,7.85,158.01,26.25,25.26,15.15,687.85,1.99
Jos North,Highland,Wheat,7.76,122.25,36.62,40.81,17.08,588.37,1.86
Jos North,Highland,Wheat,8.2,106.53,30.66,49.51,15.65,639.76,2.51
Jos North,Highland,Wheat,6.27,75.0,26.25,43.25,16.01,657.94,2.16
Jos North,Highland,Wheat,7.01,115.03,34.77,21.09,15.92,557.37,0.6
Jos North,Highland,Wheat,5.81,120.75,26.25,18.75,14.05,641.58,0.6
Jos North,Highland,Wheat,4.5,133.17,30.7,18.75,15.77,700.64,0.97
Jos North,Highland,Wheat,9.08,158.51,27.56,21.12,11.25,792.74,1.45
Jos North,Highland,Wheat,7.77,75.0,34.43,19.23,16.2,710.75,1.22
Jos North,Highland,Wheat,6.01,133.14,26.25,42.0,12.4,652.65,0.6
Jos North,Highland,Wheat,7.0,91.43,26.25,60.16,16.95,693.06,1.68
Jos North,Highland,Wheat,7.17,118.92,34.31,18.75,19.14,664.03,1.94
Jos North,Highland,Wheat,8.63,135.83,26.25,44.47,19.43,423.13,1.15
Jos North,Highland,Wheat,7.15,113.81,26.25,18.75,11.25,761.32,2.44
Jos North,Highland,Wheat,8.38,120.65,31.48,42.28,13.82,539.36,0.74
Jos North,Highland,Wheat,7.02,100.7,32.65,18.75,13.8,697.27,1.35
Jos North,Highland,Wheat,5.97,142.94,31.42,18.75,15.82,600.79,0.78
Jos North,Highland,Wheat,5.86,92.27,31.1,34.64,14.94,760.66,1.74
Jos North,Highland,Pineapple,3.38,223.98,58.74,82.5,16.5,1250.0,0.34
Jos North,Highland,Pineapple,4.53,226.77,52.22,184.79,21.77,916.97,0.08
Jos North,Highland,Pineapple,5.27,305.13,38.57,192.67,20.05,1090.22,0.08
Jos North,Highland,Pineapple,5.33,280.2,37.02,177.39,20.93,942.27,0.08
Jos North,Highland,Pineapple,6.47,222.81,48.15,99.78,20.84,1062.5,0.13
Jos North,Highland,Pineapple,3.38,206.45,33.75,158.52,20.99,888.64,0.08
Jos North,Highland,Pineapple,5.57,202.24,56.03,158.98,18.78,876.78,0.19
Jos North,Highland,Pineapple,3.72,288.98,56.14,161.69,23.21,1250.0,0.08
Jos North,Highland,Pineapple,5.37,206.51,63.08,169.95,19.36,904.44,0.7
Jos North,Highland,Pineapple,5.84,285.22,62.23,215.3,23.64,927.89,0.08
Jos North,Highland,Pineapple,5.43,234.3,54.08,82.5,22.94,982.99,0.36
Jos North,Highland,Pineapple,6.03,260.34,41.01,226.86,22.39,1070.55,0.21
Jos North,Highland,Pineapple,5.44,260.97,33.75,82.5,20.71,621.45,0.2
Jos North,Highland,Pineapple,4.28,258.4,46.87,82.5,21.76,871.33,0.08
Jos North,Highland,Pineapple,4.78,277.06,40.16,124.28,21.36,866.13,0.14
Jos North,Highland,Pineapple,3.78,240.29,66.85,165.6,21.63,837.53,0.1
Jos North,Highland,Pineapple,5.05,297.31,58.86,125.07,20.95,908.87,0.5
Jos North,Highland,Pineapple,5.86,257.83,56.66,187.35,19.19,951.44,0.17
Jos North,Highland,Pineapple,4.17,252.28,58.16,224.3,23.14,1086.35,0.31
Jos North,Highland,Pineapple,4.62,284.6,33.75,111.14,23.59,863.88,0.46
Jos North,Highland,Pineapple,4.9,284.04,33.75,235.63,18.38,711.68,0.66
Jos North,Highland,Pineapple,5.31,248.97,63.16,201.0,19.95,926.48,0.61
Jos North,Highland,Pineapple,4.2,320.62,39.72,98.35,23.55,1078.56,0.08
Jos North,Highland,Pineapple,5.19,216.25,54.19,264.31,22.26,817.06,0.55
Jos North,Highland,Pineapple,5.26,258.49,39.23,160.87,20.83,529.27,0.24
Jos North,Highland,Pineapple,5.16,275.71,33.75,186.96,21.07,1036.65,0.08
Jos North,Highland,Pineapple,3.89,184.73,46.59,132.07,20.66,706.32,0.08
Jos North,Highland,Pineapple,3.38,206.41,37.31,115.85,20.84,1083.29,0.08
Jos North,Highland,Pineapple,5.88,293.38,58.29,185.54,21.17,760.99,0.33
Jos North,Highland,Pineapple,4.88,317.88,45.95,143.92,24.32,865.58,0.23
Jos North,Highland,Pineapple,7.64,272.41,58.0,250.49,19.71,1109.04,0.12
Jos North,Highland,Pineapple,7.67,320.63,53.55,221.08,19.37,1250.0,0.08
Jos North,Highland,Pineapple,5.78,232.27,54.92,265.94,22.06,1005.14,0.19
Jos North,Highland,Pineapple,5.43,247.76,63.93,205.02,20.19,960.57,1.25
Jos North,Highland,Pineapple,5.63,321.01,38.17,184.5,19.54,856.32,0.51
Jos North,Highland,Pineapple,4.28,212.7,52.87,122.9,20.34,634.8,0.08
Jos North,Highland,Pineapple,5.57,251.95,55.48,96.54,20.61,958.13,0.16
Jos North,Highland,Pineapple,6.0,217.05,50.86,227.13,19.07,1020.12,0.36
Jos North,Highland,Pineapple,5.99,261.57,61.42,275.0,22.47,1004.93,0.24
Jos North,Highland,Pineapple,3.8,203.06,33.75,171.19,20.55,1217.25,0.08
Jos North,Highland,Pineapple,5.36,279.26,55.35,163.35,21.86,980.81,0.39
Jos North,Highland,Pineapple,5.29,348.17,51.62,166.81,19.27,890.1,0.76
Jos North,Highland,Pineapple,3.38,263.84,44.6,186.2,21.62,1215.27,0.27
Jos North,Highland,Pineapple,5.24,300.49,62.75,198.16,23.37,911.95,0.28
Jos North,Highland,Pineapple,7.03,283.08,42.07,156.25,23.43,1147.09,0.08
Jos North,Highland,Pineapple,5.73,261.19,44.12,239.38,20.44,849.27,0.08
Jos North,Highland,Pineapple,5.11,231.4,34.81,97.17,19.05,816.85,0.37
Jos North,Highland,Pineapple,3.38,232.77,43.72,227.74,20.42,923.17,0.2
Jos North,Highland,Pineapple,3.38,288.5,52.08,206.34,26.88,722.76,0.08
Jos North,Highland,Pineapple,6.13,247.69,33.75,136.07,19.55,1250.0,1.03
Jos North,Highland,Onion,5.34,45.0,18.75,37.6,12.25,527.36,0.4
Jos North,Highland,Onion,5.51,52.54,42.91,44.38,13.31,372.79,0.39
Jos North,Highland,Onion,6.89,90.41,34.34,33.75,11.25,682.1,1.07
Jos North,Highland,Onion,6.16,96.42,18.75,33.75,11.25,592.13,0.75
Jos North,Highland,Onion,6.0,58.29,53.03,46.38,18.53,532.94,0.37
Jos North,Highland,Onion,7.16,94.95,24.61,74.8,21.82,464.64,0.88
Jos North,Highland,Onion,6.07,54.69,18.75,84.16,11.25,609.19,0.3
Jos North,Highland,Onion,7.37,70.14,20.65,83.7,17.05,614.6,1.06
Jos North,Highland,Onion,5.67,93.83,22.57,59.03,15.91,420.57,0.95
Jos North,Highland,Onion,6.2,47.56,23.18,52.08,16.22,271.64,0.84
Jos North,Highland,Onion,6.01,95.42,24.87,44.87,13.98,588.86,1.11
Jos North,Highland,Onion,5.78,68.49,42.01,44.3,15.57,406.15,0.3
Jos North,Highland,Onion,5.7,60.4,37.01,75.13,11.25,486.92,1.0
Jos North,Highland,Onion,6.25,111.63,32.74,46.21,13.98,543.38,0.3
Jos North,Highland,Onion,6.87,93.84,30.18,56.62,11.54,608.76,0.7
Jos North,Highland,Onion,7.51,46.32,18.75,33.75,13.87,347.1,1.26
Jos North,Highland,Onion,6.96,72.78,18.75,33.75,12.46,622.89,0.3
Jos North,Highland,Onion,7.45,111.31,24.9,42.24,12.85,687.5,0.3
Jos North,Highland,Onion,6.87,77.02,33.21,34.93,13.53,547.18,0.3
Jos North,Highland,Onion,7.06,58.67,18.75,79.39,17.88,687.5,0.3
Jos North,Highland,Onion,6.43,78.62,18.75,58.29,13.57,568.88,2.25
Jos North,Highland,Onion,6.5,84.89,34.46,55.36,11.31,358.08,0.62
Jos North,Highland,Onion,6.15,45.0,43.88,53.85,18.68,289.88,1.4
Jos North,Highland,Onion,6.03,105.91,27.39,60.92,15.82,500.45,0.3
Jos North,Highland,Onion,6.1,45.0,19.29,37.45,11.25,603.46,0.64
Jos North,Highland,Onion,6.46,92.79,22.12,33.75,15.38,262.5,0.58
Jos North,Highland,Onion,6.77,100.95,18.75,33.75,11.25,624.36,0.45
Jos North,Highland,Onion,7.51,45.0,28.88,85.59,15.1,364.46,2.09
Jos North,Highland,Onion,7.25,71.21,34.43,68.6,16.36,388.96,0.8
Jos North,Highland,Onion,7.18,88.29,29.52,40.72,11.87,366.72,1.03
Jos North,Highland,Onion,6.18,45.2,36.27,39.69,12.01,492.16,0.53
Jos North,Highland,Onion,6.59,56.08,36.66,61.55,13.0,531.38,0.41
Jos North,Highland,Onion,6.35,111.99,19.84,55.54,12.47,612.0,0.78
Jos North,Highland,Onion,7.11,57.15,32.94,77.46,13.23,535.2,0.73
Jos North,Highland,Onion,6.17,80.65,32.74,49.34,14.15,581.08,0.43
Jos North,Highland,Onion,6.11,55.53,24.4,60.81,13.72,459.85,0.58
Jos North,Highland,Onion,6.55,79.5,50.87,38.28,14.06,640.83,0.3
Jos North,Highland,Onion,7.46,76.62,31.43,52.06,17.46,426.13,1.46
Jos North,Highland,Onion,6.45,91.88,18.75,58.55,11.69,687.02,0.3
Jos North,Highland,Onion,6.41,67.44,18.75,33.75,15.81,445.51,0.3
Jos North,Highland,Onion,6.54,97.87,32.59,50.72,15.13,563.84,0.3
Jos North,Highland,Onion,6.48,52.11,32.05,54.43,11.25,664.12,0.36
Jos North,Highland,Onion,5.95,98.83,22.99,63.86,12.6,643.67,0.74
Jos North,Highland,Onion,6.56,72.34,43.88,89.84,11.25,657.97,0.3
Jos North,Highland,Onion,6.62,45.0,29.59,34.61,13.17,499.64,0.3
Jos North,Highland,Onion,5.89,67.22,23.09,58.26,19.91,439.64,0.7
Jos North,Highland,Onion,6.77,59.96,18.75,33.75,11.25,687.5,0.96
Jos North,Highland,Onion,6.76,99.42,18.75,98.66,15.47,541.52,1.22
Jos North,Highland,Onion,6.71,107.68,41.13,44.46,15.04,444.03,0.3
Jos North,Highland,Onion,6.81,98.85,18.75,37.03,14.66,567.64,1.71
Jos East,Highland,Irish-potato,4.06,86.96,54.34,114.89,10.23,497.26,0.72
Jos East,Highland,Irish-potato,4.42,116.85,49.23,90.0,7.5,512.37,1.11
Jos East,Highland,Irish-potato,4.04,106.07,53.44,161.64,10.08,399.08,0.22
Jos East,Highland,Irish-potato,6.7,108.9,75.0,90.0,16.37,516.56,0.58
Jos East,Highland,Irish-potato,4.33,62.18,30.0,131.22,9.95,622.18,0.22
Jos East,Highland,Irish-potato,5.13,76.86,71.62,130.61,11.64,750.0,0.33
Jos East,Highland,Irish-potato,4.23,68.43,46.55,94.67,14.72,591.85,1.03
Jos East,Highland,Irish-potato,5.15,75.02,30.07,116.03,12.03,658.45,0.83
Jos East,Highland,Irish-potato,4.54,69.12,32.7,160.48,9.72,698.04,0.9
Jos East,Highland,Irish-potato,5.8,76.13,37.28,90.0,8.7,432.68,0.86
Jos East,Highland,Irish-potato,6.02,113.29,60.31,95.93,7.81,557.65,0.27
Jos East,Highland,Irish-potato,3.87,100.6,30.0,176.66,10.6,592.08,0.65
Jos East,Highland,Irish-potato,4.19,137.25,30.0,200.65,10.79,750.0,0.7
Jos East,Highland,Irish-potato,5.25,88.81,47.14,190.91,12.34,750.0,0.78
Jos East,Highland,Irish-potato,3.97,80.54,58.51,90.0,14.78,535.99,0.22
Jos East,Highland,Irish-potato,4.73,68.45,32.97,100.42,12.4,531.76,0.8
Jos East,Highland,Irish-potato,5.38,111.92,74.56,225.0,10.98,398.29,0.44
Jos East,Highland,Irish-potato,4.66,150.0,36.41,147.86,9.62,539.33,0.22
Jos East,Highland,Irish-potato,3.38,140.59,61.63,113.87,15.72,371.29,0.5
Jos East,Highland,Irish-potato,4.7,137.27,46.43,161.87,10.36,646.19,1.26
Jos East,Highland,Irish-potato,3.26,132.72,39.3,90.0,11.07,750.0,0.34
Jos East,Highland,Irish-potato,4.8,60.0,30.0,90.0,15.54,591.1,1.17
Jos East,Highland,Irish-potato,5.49,66.42,70.39,104.69,15.5,750.0,0.63
Jos East,Highland,Irish-potato,4.62,104.18,44.99,112.79,10.33,533.13,1.23
Jos East,Highland,Irish-potato,3.28,75.57,37.27,121.3,13.04,364.06,1.13
Jos East,Highland,Irish-potato,5.28,116.56,39.34,94.51,10.86,610.65,0.94
Jos East,Highland,Irish-potato,4.5,105.57,35.38,148.3,11.13,646.89,0.22
Jos East,Highland,Irish-potato,4.95,111.86,52.23,90.0,9.51,448.0,0.77
Jos East,Highland,Irish-potato,5.09,68.58,65.99,201.65,12.48,664.91,0.22
Jos East,Highland,Irish-potato,4.14,60.0,30.0,160.28,14.65,739.63,0.72
Jos East,Highland,Irish-potato,4.98,60.0,30.0,122.29,14.09,521.73,0.22
Jos East,Highland,Irish-potato,4.0,60.29,30.0,225.0,16.32,300.0,0.22
Jos East,Highland,Irish-potato,3.91,60.0,75.0,91.15,13.27,511.49,0.22
Jos East,Highland,Irish-potato,5.4,115.88,41.93,225.0,12.82,520.12,1.6
Jos East,Highland,Irish-potato,4.89,149.94,42.29,90.0,7.5,750.0,0.28
Jos East,Highland,Irish-potato,4.77,132.64,46.11,90.0,11.96,618.71,0.38
Jos East,Highland,Irish-potato,3.45,80.52,41.35,90.0,8.79,474.55,0.22
Jos East,Highland,Irish-potato,4.66,101.25,33.45,90.0,13.42,695.56,0.65
Jos East,Highland,Irish-potato,4.6,113.75,41.3,90.0,11.75,531.39,0.56
Jos East,Highland,Irish-potato,5.27,60.0,46.08,90.0,8.79,750.0,0.83
Jos East,Highland,Irish-potato,4.69,60.0,38.85,90.0,12.13,381.78,0.89
Jos East,Highland,Irish-potato,4.69,60.0,49.65,225.0,11.29,750.0,0.22
Jos East,Highland,Irish-potato,4.94,73.03,38.26,164.51,11.15,316.95,1.4
Jos East,Highland,Irish-potato,3.39,63.58,45.21,140.49,13.5,623.32,1.2
Jos East,Highland,Irish-potato,4.96,60.0,30.0,141.2,17.13,380.83,0.22
Jos East,Highland,Irish-potato,4.85,109.86,62.61,219.43,12.83,437.83,0.22
Jos East,Highland,Irish-potato,4.12,129.05,34.22,183.75,7.5,650.25,0.22
Jos East,Highland,Irish-potato,4.98,83.99,56.93,110.44,11.91,741.41,0.54
Jos East,Highland,Irish-potato,4.61,119.58,41.63,90.0,10.0,300.0,0.46
Jos East,Highland,Irish-potato,4.94,97.32,67.38,200.61,12.9,300.0,0.95
Jos East,Highland,Tomato,4.99,143.65,88.68,213.81,20.55,750.0,1.16
Jos East,Highland,Tomato,4.4,149.19,69.17,245.89,24.82,672.48,0.38
Jos East,Highland,Tomato,5.35,157.05,132.94,186.15,17.37,462.46,0.38
Jos East,Highland,Tomato,6.15,138.39,48.75,221.88,24.12,673.5,1.95
Jos East,Highland,Tomato,6.29,128.61,89.56,246.55,20.7,538.26,1.09
Jos East,Highland,Tomato,6.38,111.77,107.31,187.53,21.39,659.41,0.38
Jos East,Highland,Tomato,4.75,97.11,78.34,257.36,18.31,643.56,1.4
Jos East,Highland,Tomato,5.47,105.87,108.07,209.72,16.19,551.94,0.85
Jos East,Highland,Tomato,6.26,154.23,94.44,137.49,15.28,636.1,0.89
Jos East,Highland,Tomato,4.91,148.66,48.75,198.89,13.5,702.65,0.61
Jos East,Highland,Tomato,6.75,106.56,115.27,120.0,22.1,529.16,1.06
Jos East,Highland,Tomato,6.36,77.36,106.65,201.6,18.98,644.89,0.88
Jos East,Highland,Tomato,6.85,104.21,102.42,209.91,17.8,750.0,1.11
Jos East,Highland,Tomato,6.11,134.69,77.72,239.18,18.41,695.5,0.38
Jos East,Highland,Tomato,3.81,129.7,70.4,174.3,13.5,750.0,0.87
Jos East,Highland,Tomato,7.42,77.36,83.06,202.24,19.05,627.21,0.38
Jos East,Highland,Tomato,6.25,93.39,64.26,184.04,17.06,565.69,1.58
Jos East,Highland,Tomato,5.7,106.39,77.24,131.53,19.17,684.13,1.01
Jos East,Highland,Tomato,5.92,135.5,65.93,185.1,24.23,565.73,1.22
Jos East,Highland,Tomato,6.61,95.87,98.53,155.02,20.26,527.39,0.99
Jos East,Highland,Tomato,6.03,121.22,87.61,158.57,13.72,609.51,1.57
Jos East,Highland,Tomato,6.56,131.0,67.06,191.95,15.1,550.63,1.04
Jos East,Highland,Tomato,3.78,168.38,48.75,271.19,15.06,501.07,0.51
Jos East,Highland,Tomato,5.37,100.32,70.74,187.54,14.83,697.99,1.78
Jos East,Highland,Tomato,3.75,172.05,100.75,195.26,16.15,619.42,1.42
Jos East,Highland,Tomato,8.75,181.86,48.75,173.6,18.82,750.0,0.73
Jos East,Highland,Tomato,5.01,119.53,70.36,229.19,28.28,706.13,1.46
Jos East,Highland,Tomato,7.31,131.21,70.0,169.3,22.99,633.68,0.38
Jos East,Highland,Tomato,7.39,95.39,50.88,142.45,19.75,713.37,0.97
Jos East,Highland,Tomato,5.24,94.4,100.71,178.96,19.9,583.65,1.0
Jos East,Highland,Tomato,6.33,187.5,91.04,165.24,19.22,489.32,0.38
Jos East,Highland,Tomato,7.32,126.83,109.84,120.0,14.51,634.76,0.38
Jos East,Highland,Tomato,4.24,86.5,72.04,202.5,25.52,477.32,0.38
Jos East,Highland,Tomato,4.21,134.67,83.75,138.36,15.1,585.56,0.75
Jos East,Highland,Tomato,4.68,123.13,48.75,185.55,17.77,646.75,1.64
Jos East,Highland,Tomato,5.45,117.97,48.75,275.05,13.5,590.34,0.38
Jos East,Highland,Tomato,4.93,168.56,110.52,229.12,17.71,750.0,0.97
Jos East,Highland,Tomato,6.68,187.5,109.09,180.22,20.59,750.0,1.23
Jos East,Highland,Tomato,6.79,155.51,137.5,139.76,21.38,653.56,0.52
Jos East,Highland,Tomato,5.13,166.12,53.64,120.0,16.19,392.32,0.38
Jos East,Highland,Tomato,4.67,120.47,118.41,155.84,22.04,687.56,0.38
Jos East,Highland,Tomato,5.24,107.0,90.48,209.81,19.85,495.69,0.38
Jos East,Highland,Tomato,4.15,119.89,70.83,208.07,21.35,561.1,0.99
Jos East,Highland,Tomato,5.63,85.5,59.47,120.0,16.88,530.82,0.38
Jos East,Highland,Tomato,6.83,133.3,95.01,215.47,18.49,598.59,1.37
Jos East,Highland,Tomato,6.65,147.91,79.33,137.36,19.47,532.6,1.25
Jos East,Highland,Tomato,6.21,119.46,70.18,229.85,22.28,534.68,0.38
Jos East,Highland,Tomato,6.09,152.53,48.75,205.17,15.14,481.48,1.45
Jos East,Highland,Tomato,6.63,113.52,101.2,215.09,13.5,609.82,1.78
Jos East,Highland,Tomato,6.43,75.0,52.37,229.62,16.22,730.69,2.23
Jos East,Highland,Groundnut,6.24,7.5,11.25,22.41,19.89,653.12,0.15
Jos East,Highland,Groundnut,6.12,7.5,11.25,18.75,24.61,857.23,0.36
Jos East,Highland,Groundnut,6.4,9.63,49.12,18.75,17.58,693.99,0.53
Jos East,Highland,Groundnut,6.36,7.5,33.38,18.75,23.94,875.0,0.15
Jos East,Highland,Groundnut,5.36,11.26,11.25,18.75,20.0,741.94,0.16
Jos East,Highland,Groundnut,6.67,7.5,11.25,18.75,22.37,734.41,0.91
Jos East,Highland,Groundnut,7.14,10.6,32.28,18.75,26.13,742.41,0.2
Jos East,Highland,Groundnut,5.93,14.69,17.8,32.54,18.13,845.86,0.24
Jos East,Highland,Groundnut,6.62,7.5,11.25,28.72,20.46,814.85,0.16
Jos East,Highland,Groundnut,6.97,7.5,11.25,21.43,25.31,774.64,0.34
Jos East,Highland,Groundnut,5.34,7.5,11.25,18.75,25.96,686.32,0.15
Jos East,Highland,Groundnut,4.84,7.5,12.98,18.88,16.92,538.85,0.55
Jos East,Highland,Groundnut,7.18,7.5,11.25,25.49,25.27,592.11,0.8
Jos East,Highland,Groundnut,6.41,11.82,11.25,18.75,17.92,636.21,0.29
Jos East,Highland,Groundnut,6.46,22.03,50.0,18.75,27.18,570.73,0.53
Jos East,Highland,Groundnut,5.97,7.5,50.0,18.75,19.73,583.41,0.15
Jos East,Highland,Groundnut,5.54,9.26,23.46,18.75,21.96,633.87,0.16
Jos East,Highland,Groundnut,6.48,7.66,11.25,18.75,27.39,875.0,0.32
Jos East,Highland,Groundnut,5.94,7.71,37.05,18.75,23.24,623.36,0.15
Jos East,Highland,Groundnut,6.83,9.1,30.04,18.75,28.41,729.4,0.15
Jos East,Highland,Groundnut,6.97,7.5,20.92,18.75,21.66,694.46,0.15
Jos East,Highland,Groundnut,6.9,8.62,26.98,22.91,22.42,738.59,0.15
Jos East,Highland,Groundnut,5.89,8.46,23.18,19.28,26.92,689.02,0.52
Jos East,Highland,Groundnut,6.42,7.5,17.39,18.75,21.59,674.49,0.34
Jos East,Highland,Groundnut,5.35,7.5,11.25,18.75,18.17,705.82,0.29
Jos East,Highland,Groundnut,6.01,9.65,25.95,18.75,23.99,651.83,0.53
Jos East,Highland,Groundnut,6.36,7.5,11.25,25.97,27.52,783.13,0.19
Jos East,Highland,Groundnut,7.23,11.54,25.37,31.89,18.99,790.09,0.15
Jos East,Highland,Groundnut,6.02,23.17,27.8,31.95,23.9,746.9,0.17
Jos East,Highland,Groundnut,6.96,8.11,21.65,18.75,21.65,702.91,0.44
Jos East,Highland,Groundnut,6.35,7.5,28.38,18.75,16.5,514.93,0.23
Jos East,Highland,Groundnut,7.14,11.51,11.25,18.75,25.87,628.17,0.15
Jos East,Highland,Groundnut,6.91,14.48,11.64,20.04,21.86,631.16,0.8
Jos East,Highland,Groundnut,5.99,12.38,21.46,18.75,20.06,585.01,0.31
Jos East,Highland,Groundnut,6.08,8.5,11.25,18.75,23.42,621.53,0.65
Jos East,Highland,Groundnut,6.89,7.5,11.25,18.75,23.48,714.9,0.15
Jos East,Highland,Groundnut,5.99,9.76,22.12,26.36,17.97,698.96,0.15
Jos East,Highland,Groundnut,6.45,7.5,24.44,18.75,24.67,616.7,0.15
Jos East,Highland,Groundnut,6.52,18.8,11.25,18.75,22.81,831.38,0.5
Jos East,Highland,Groundnut,6.02,10.42,28.01,18.75,24.89,695.98,0.15
Jos East,Highland,Groundnut,6.3,7.5,39.52,18.75,20.31,729.98,1.24
Jos East,Highland,Groundnut,7.54,7.69,25.57,21.04,18.46,701.18,0.87
Jos East,Highland,Groundnut,6.47,19.36,13.97,18.75,21.72,548.33,0.78
Jos East,Highland,Groundnut,6.18,9.47,11.74,30.87,26.31,706.8,0.15
Jos East,Highland,Groundnut,6.82,14.29,11.25,18.75,22.27,826.69,0.34
Jos East,Highland,Groundnut,6.95,7.5,11.25,31.8,17.41,612.44,0.67
Jos East,Highland,Groundnut,6.07,7.5,17.59,18.75,25.92,720.5,0.15
Jos East,Highland,Groundnut,5.36,7.5,11.25,18.75,22.83,771.35,0.65
Jos East,Highland,Groundnut,6.76,16.95,37.92,24.16,22.83,784.0,0.25
Jos East,Highland,Groundnut,6.25,18.02,12.34,18.75,20.73,635.98,0.23
Jos East,Highland,Pepper,6.34,139.22,43.77,118.21,17.57,1000.15,0.45
Jos East,Highland,Pepper,5.0,121.97,37.24,73.67,22.74,1501.64,2.19
Jos East,Highland,Pepper,5.92,95.11,40.03,85.28,20.21,957.15,0.64
Jos East,Highland,Pepper,6.09,156.22,20.72,41.25,22.65,703.55,1.1
Jos East,Highland,Pepper,6.22,127.98,21.09,106.29,21.59,830.01,1.22
Jos East,Highland,Pepper,7.73,131.62,52.85,41.25,15.03,450.0,2.38
Jos East,Highland,Pepper,4.64,135.09,55.83,86.26,21.48,1511.37,0.53
Jos East,Highland,Pepper,6.58,123.35,28.53,65.77,25.67,1562.5,0.81
Jos East,Highland,Pepper,5.18,94.4,58.9,99.64,13.77,1562.5,0.5
Jos East,Highland,Pepper,6.71,98.79,62.04,45.8,13.99,851.95,2.5
Jos East,Highland,Pepper,6.36,85.85,18.96,41.25,22.34,550.98,1.77
Jos East,Highland,Pepper,6.82,123.86,48.51,85.07,20.32,733.83,1.28
Jos East,Highland,Pepper,6.49,148.08,31.62,69.36,21.09,1541.3,0.45
Jos East,Highland,Pepper,5.26,131.04,19.38,66.31,13.66,662.86,2.44
Jos East,Highland,Pepper,5.93,80.0,28.79,87.98,25.83,471.18,0.46
Jos East,Highland,Pepper,6.33,126.57,18.75,41.25,13.9,450.0,0.67
Jos East,Highland,Pepper,7.18,100.69,46.27,61.55,18.54,450.0,1.81
Jos East,Highland,Pepper,6.23,75.0,36.04,45.34,19.82,1116.02,1.84
Jos East,Highland,Pepper,5.15,151.38,49.86,125.0,25.01,1161.99,1.19
Jos East,Highland,Pepper,7.49,116.23,42.09,118.37,18.93,450.0,0.45
Jos East,Highland,Pepper,6.39,93.69,25.4,53.03,22.44,666.43,0.58
Jos East,Highland,Pepper,7.36,108.22,41.06,61.14,19.38,1304.79,0.45
Jos East,Highland,Pepper,6.52,150.59,42.85,50.92,19.5,450.0,0.52
Jos East,Highland,Pepper,6.29,188.18,57.41,51.78,24.09,969.2,0.45
Jos East,Highland,Pepper,6.66,202.95,24.9,41.25,19.85,978.46,2.5
Jos East,Highland,Pepper,7.01,133.26,18.75,57.01,29.22,1055.34,1.57
Jos East,Highland,Pepper,6.47,108.03,55.16,65.73,15.79,1033.16,1.99
Jos East,Highland,Pepper,4.84,139.03,31.55,41.25,23.53,1122.21,1.61
Jos East,Highland,Pepper,7.13,125.68,22.36,41.25,16.12,1029.15,0.45
Jos East,Highland,Pepper,6.64,90.96,18.75,45.6,20.47,547.61,0.45
Jos East,Highland,Pepper,5.58,107.53,34.82,77.52,17.01,631.19,1.09
Jos East,Highland,Pepper,6.58,194.04,47.2,41.25,18.76,1197.91,0.45
Jos East,Highland,Pepper,5.82,155.56,34.12,60.82,16.07,477.04,0.77
Jos East,Highland,Pepper,6.05,75.0,31.17,71.06,15.87,1177.93,1.19
Jos East,Highland,Pepper,5.87,110.93,25.62,41.25,21.31,704.6,0.45
Jos East,Highland,Pepper,6.57,118.05,31.37,41.25,16.75,1562.5,0.45
Jos East,Highland,Pepper,7.66,138.66,22.69,55.41,25.96,450.0,1.98
Jos East,Highland,Pepper,6.36,169.41,18.75,54.8,13.5,1478.94,0.45
Jos East,Highland,Pepper,5.26,75.0,36.96,62.66,15.57,1124.73,0.45
Jos East,Highland,Pepper,4.59,113.06,54.48,86.28,21.89,1117.5,0.74
Jos East,Highland,Pepper,6.78,151.11,29.26,66.0,13.5,842.94,0.45
Jos East,Highland,Pepper,5.07,147.22,18.75,80.93,24.92,1001.61,0.57
Jos East,Highland,Pepper,7.03,150.58,47.91,41.25,18.13,942.15,1.14
Jos East,Highland,Pepper,6.68,133.6,49.96,50.93,13.99,772.68,0.45
Jos East,Highland,Pepper,5.73,116.94,27.16,66.86,17.08,1422.55,0.45
Jos East,Highland,Pepper,4.18,168.96,43.94,93.3,22.84,1025.96,0.81
Jos East,Highland,Pepper,4.73,134.01,18.75,125.0,14.08,996.41,2.05
Jos East,Highland,Pepper,5.81,113.25,18.75,41.25,22.45,1562.5,0.45
Jos East,Highland,Pepper,6.3,212.5,38.74,86.39,15.48,1562.5,0.51
Jos East,Highland,Pepper,5.37,188.54,21.17,60.67,28.04,678.5,0.83
Jos East,Highland,Cabbage,6.02,108.38,50.81,121.72,27.39,550.91,0.19
Jos East,Highland,Cabbage,6.78,118.11,50.8,80.21,7.5,538.68,0.15
Jos East,Highland,Cabbage,6.07,161.19,49.86,117.65,16.42,580.87,0.26
Jos East,Highland,Cabbage,7.07,127.02,48.16,103.7,8.17,519.44,0.47
Jos East,Highland,Cabbage,6.07,163.4,46.84,134.72,14.55,523.6,0.28
Jos East,Highland,Cabbage,6.63,144.03,37.5,98.36,7.5,608.73,0.91
Jos East,Highland,Cabbage,6.41,124.03,37.96,88.69,9.01,508.57,0.86
Jos East,Highland,Cabbage,7.14,135.76,47.64,85.21,14.74,560.76,0.4
Jos East,Highland,Cabbage,5.99,135.9,56.71,75.31,10.87,594.45,0.91
Jos East,Highland,Cabbage,6.42,128.61,52.68,114.97,7.5,558.73,0.15
Jos East,Highland,Cabbage,7.03,87.1,54.05,82.81,20.14,570.75,0.59
Jos East,Highland,Cabbage,7.55,97.48,58.57,118.78,21.55,492.59,0.39
Jos East,Highland,Cabbage,6.02,109.29,43.11,91.91,25.97,517.65,0.54
Jos East,Highland,Cabbage,5.95,117.52,57.7,106.84,25.57,455.31,0.18
Jos East,Highland,Cabbage,6.14,162.42,53.09,75.0,22.91,547.67,0.87
Jos East,Highland,Cabbage,7.32,89.46,64.32,96.97,10.62,550.83,0.15
Jos East,Highland,Cabbage,6.37,110.88,42.26,86.96,23.28,527.56,0.15
Jos East,Highland,Cabbage,6.65,140.31,50.45,76.67,7.5,476.94,0.94
Jos East,Highland,Cabbage,6.95,94.75,48.41,110.48,12.87,605.54,0.45
Jos East,Highland,Cabbage,6.67,108.55,43.61,118.67,7.5,498.02,0.45
Jos East,Highland,Cabbage,6.89,92.34,51.58,75.0,17.59,625.0,0.15
Jos East,Highland,Cabbage,5.95,142.36,76.23,108.56,8.05,529.6,0.15
Jos East,Highland,Cabbage,6.86,148.46,62.78,92.49,7.5,625.0,1.07
Jos East,Highland,Cabbage,5.79,107.01,57.38,93.86,14.26,437.16,0.15
Jos East,Highland,Cabbage,6.33,97.59,40.43,92.77,7.5,541.96,0.91
Jos East,Highland,Cabbage,6.2,105.54,59.87,111.11,20.51,363.55,0.31
Jos East,Highland,Cabbage,6.04,93.89,59.69,88.76,7.5,557.23,0.49
Jos East,Highland,Cabbage,5.83,147.64,55.12,107.51,17.95,616.27,0.43
Jos East,Highland,Cabbage,5.64,111.92,37.5,79.69,27.2,462.96,0.15
Jos East,Highland,Cabbage,6.78,143.13,37.5,102.62,9.53,563.14,0.37
Jos East,Highland,Cabbage,5.57,103.93,55.95,132.29,17.18,512.64,0.15
Jos East,Highland,Cabbage,6.29,106.93,53.15,97.23,17.91,514.82,1.21
Jos East,Highland,Cabbage,6.73,97.36,59.23,78.04,7.5,483.93,1.05
Jos East,Highland,Cabbage,6.28,99.63,51.91,107.76,26.96,435.21,1.02
Jos East,Highland,Cabbage,5.15,144.38,60.65,119.53,18.64,465.44,0.81
Jos East,Highland,Cabbage,5.75,90.59,46.48,91.86,15.96,491.32,0.63
Jos East,Highland,Cabbage,5.57,119.09,48.09,116.01,23.09,528.1,0.15
Jos East,Highland,Cabbage,5.5,150.72,49.22,128.88,21.31,557.86,0.55
Jos East,Highland,Cabbage,5.7,99.55,54.11,92.23,17.82,612.05,0.42
Jos East,Highland,Cabbage,6.12,91.83,57.78,111.46,30.0,552.38,0.45
Jos East,Highland,Cabbage,6.66,109.56,42.72,99.82,17.73,576.69,0.68
Jos East,Highland,Cabbage,7.01,133.13,52.84,76.12,16.01,528.04,0.15
Jos East,Highland,Cabbage,6.68,133.07,54.19,107.99,15.01,522.73,1.24
Jos East,Highland,Cabbage,6.47,75.0,37.5,119.36,7.5,501.9,0.15
Jos East,Highland,Cabbage,6.2,129.22,44.66,84.0,19.95,625.0,0.72
Jos East,Highland,Cabbage,5.84,143.36,65.73,116.88,7.5,576.99,0.3
Jos East,Highland,Cabbage,6.41,107.05,56.97,92.09,25.56,539.79,0.4
Jos East,Highland,Cabbage,6.72,128.37,55.72,95.94,24.88,609.32,0.49
Jos East,Highland,Cabbage,6.87,110.29,55.46,112.71,16.04,482.59,0.15
Jos East,Highland,Cabbage,6.56,96.85,59.7,75.0,24.74,543.57,0.15
Jos East,Highland,Maize,5.86,162.02,66.42,45.0,16.54,693.25,0.77
Jos East,Highland,Maize,7.21,175.81,51.15,68.79,21.77,705.95,0.87
Jos East,Highland,Maize,4.12,195.17,67.56,98.24,17.23,850.01,0.3
Jos East,Highland,Maize,4.34,161.05,47.84,87.72,26.49,974.64,1.21
Jos East,Highland,Maize,7.12,130.59,82.47,92.5,15.0,831.91,0.41
Jos East,Highland,Maize,8.52,139.53,59.59,67.61,20.75,1000.0,1.98
Jos East,Highland,Maize,4.49,182.16,57.77,82.75,21.99,607.79,0.3
Jos East,Highland,Maize,5.92,164.44,61.36,49.95,28.94,843.67,1.41
Jos East,Highland,Maize,6.22,137.71,73.43,45.0,15.0,848.98,0.3
Jos East,Highland,Maize,6.0,188.19,41.69,45.0,26.68,739.8,1.67
Jos East,Highland,Maize,7.1,187.07,60.83,67.07,26.28,892.53,0.38
Jos East,Highland,Maize,6.95,149.9,52.5,76.54,18.05,775.83,1.06
Jos East,Highland,Maize,5.99,188.94,50.28,85.28,21.61,780.25,0.3
Jos East,Highland,Maize,6.11,173.64,75.9,55.76,25.75,617.77,1.03
Jos East,Highland,Maize,5.8,212.98,81.84,69.94,18.51,484.53,1.06
Jos East,Highland,Maize,6.62,192.98,37.5,66.57,23.0,592.16,0.87
Jos East,Highland,Maize,5.54,143.9,48.69,57.06,26.77,693.69,0.3
Jos East,Highland,Maize,7.32,197.92,72.31,95.24,21.89,777.23,0.3
Jos East,Highland,Maize,8.0,165.27,52.66,54.1,23.96,764.62,0.93
Jos East,Highland,Maize,6.01,162.18,55.38,96.46,15.0,828.43,1.56
Jos East,Highland,Maize,4.26,165.88,75.16,45.69,22.25,586.9,0.82
Jos East,Highland,Maize,7.86,217.39,62.44,45.0,19.55,432.7,0.59
Jos East,Highland,Maize,7.5,128.22,54.35,45.0,29.35,819.77,1.39
Jos East,Highland,Maize,6.72,190.15,76.88,64.17,18.53,586.33,2.02
Jos East,Highland,Maize,7.33,112.5,53.69,72.98,28.78,557.03,1.09
Jos East,Highland,Maize,5.92,133.06,81.52,45.0,25.52,470.95,0.45
Jos East,Highland,Maize,7.04,188.86,65.62,86.28,19.66,993.67,1.04
Jos East,Highland,Maize,7.23,178.56,66.57,45.0,16.62,655.29,1.15
Jos East,Highland,Maize,5.7,159.33,56.7,96.37,23.81,494.27,0.91
Jos East,Highland,Maize,6.03,161.3,57.98,89.55,17.21,785.68,1.0
Jos East,Highland,Maize,6.13,149.35,44.75,53.45,24.43,687.29,0.72
Jos East,Highland,Maize,5.05,154.13,61.98,45.0,25.86,646.25,2.03
Jos East,Highland,Maize,6.87,114.46,62.83,55.85,22.35,1000.0,1.29
Jos East,Highland,Maize,6.12,127.23,73.24,75.17,26.39,725.0,1.0
Jos East,Highland,Maize,6.1,170.49,37.5,70.7,22.78,661.83,1.22
Jos East,Highland,Maize,7.39,208.78,40.12,78.9,27.23,688.61,1.77
Jos East,Highland,Maize,5.54,169.99,37.5,45.0,15.0,998.28,0.3
Jos East,Highland,Maize,5.49,179.86,44.96,91.4,29.68,375.0,1.16
Jos East,Highland,Maize,4.12,128.3,66.33,45.0,22.21,755.44,0.3
Jos East,Highland,Maize,7.14,176.68,58.65,48.14,22.81,523.57,0.3
Jos East,Highland,Maize,6.75,197.99,49.62,73.94,21.95,822.5,0.31
Jos East,Highland,Maize,6.21,166.84,84.19,45.0,15.0,1000.0,1.01
Jos East,Highland,Maize,7.02,186.68,71.48,84.26,24.61,947.23,0.91
Jos East,Highland,Maize,7.62,223.12,61.4,74.5,18.3,721.16,1.04
Jos East,Highland,Maize,5.93,170.66,63.94,98.77,16.98,823.53,0.37
Jos East,Highland,Maize,7.27,192.61,87.33,53.33,21.68,890.71,1.25
Jos East,Highland,Maize,4.12,147.92,67.95,58.37,24.78,932.36,0.64
Jos East,Highland,Maize,7.08,210.41,75.79,45.28,20.14,754.81,0.3
Jos East,Highland,Maize,7.62,149.16,56.2,88.29,18.9,691.09,1.03
Jos East,Highland,Maize,5.91,212.64,41.95,45.0,24.92,687.43,0.3
Jos East,Highland,Wheat,7.32,130.19,28.52,38.09,17.0,812.5,0.89
Jos East,Highland,Wheat,7.06,124.76,31.06,26.66,15.89,705.81,1.01
Jos East,Highland,Wheat,6.64,101.43,28.58,19.84,18.91,812.5,2.44
Jos East,Highland,Wheat,6.35,129.84,26.25,18.75,13.37,812.5,1.52
Jos East,Highland,Wheat,6.94,115.96,31.27,28.53,12.58,714.09,2.55
Jos East,Highland,Wheat,7.01,108.79,32.53,38.3,14.9,578.98,2.0
Jos East,Highland,Wheat,6.06,111.15,34.31,18.75,11.25,702.38,0.6
Jos East,Highland,Wheat,5.81,140.65,35.42,18.75,11.9,599.77,1.8
Jos East,Highland,Wheat,6.73,81.95,27.83,18.75,15.57,662.19,0.6
Jos East,Highland,Wheat,8.44,96.3,35.55,18.75,21.71,804.43,0.62
Jos East,Highland,Wheat,6.98,87.95,30.89,26.94,16.95,505.67,0.64
Jos East,Highland,Wheat,7.97,156.56,28.45,34.74,11.25,615.33,0.6
Jos East,Highland,Wheat,6.41,173.62,32.65,18.75,12.86,615.06,0.6
Jos East,Highland,Wheat,7.04,117.01,30.3,18.75,15.03,565.0,1.08
Jos East,Highland,Wheat,6.36,75.0,38.0,18.75,11.25,754.35,0.6
Jos East,Highland,Wheat,4.5,156.95,29.24,38.5,11.84,458.45,1.01
Jos East,Highland,Wheat,5.49,129.75,36.92,34.34,13.59,810.88,0.6
Jos East,Highland,Wheat,7.04,113.93,44.5,38.4,14.59,673.13,2.64
Jos East,Highland,Wheat,6.01,75.0,27.31,18.75,18.45,770.72,1.25
Jos East,Highland,Wheat,7.42,97.29,45.18,38.48,14.66,641.42,1.91
Jos East,Highland,Wheat,6.82,75.0,41.93,37.83,15.58,601.09,1.3
Jos East,Highland,Wheat,4.5,85.67,43.3,28.32,11.25,553.53,0.6
Jos East,Highland,Wheat,5.98,113.14,42.33,32.23,13.62,620.51,0.6
Jos East,Highland,Wheat,8.14,153.22,26.25,18.75,13.57,627.17,1.52
Jos East,Highland,Wheat,4.95,97.1,32.49,18.75,16.99,812.5,0.82
Jos East,Highland,Wheat,7.91,107.55,27.53,18.75,16.73,575.22,0.9
Jos East,Highland,Wheat,5.56,136.44,35.65,42.01,16.23,698.12,1.8
Jos East,Highland,Wheat,6.59,121.17,38.41,18.75,19.44,724.36,3.06
Jos East,Highland,Wheat,5.52,83.69,35.15,22.57,13.17,502.06,1.06
Jos East,Highland,Wheat,7.13,79.81,30.57,26.35,16.79,616.64,0.6
Jos East,Highland,Wheat,7.01,111.93,26.25,18.75,12.79,652.66,0.65
Jos East,Highland,Wheat,6.25,112.65,36.7,22.13,22.24,502.58,2.09
Jos East,Highland,Wheat,6.79,77.31,30.76,18.75,14.74,614.45,0.69
Jos East,Highland,Wheat,5.66,147.6,32.04,23.83,15.01,662.6,1.01
Jos East,Highland,Wheat,8.63,183.16,41.43,21.08,14.36,777.36,0.63
Jos East,Highland,Wheat,8.86,141.03,31.34,24.89,16.32,600.17,2.2
Jos East,Highland,Wheat,8.35,110.3,30.19,19.23,11.25,455.64,0.91
Jos East,Highland,Wheat,5.77,169.58,30.3,27.42,12.68,812.5,1.12
Jos East,Highland,Wheat,5.45,137.5,34.49,38.33,14.05,662.57,0.6
Jos East,Highland,Wheat,7.85,119.79,32.24,18.75,13.68,748.95,0.6
Jos East,Highland,Wheat,7.74,75.0,26.25,41.36,11.53,662.33,1.06
Jos East,Highland,Wheat,7.28,119.46,39.07,18.75,16.45,644.02,0.6
Jos East,Highland,Wheat,6.27,75.0,26.25,18.75,17.95,686.44,2.43
Jos East,Highland,Wheat,6.97,163.14,41.43,18.75,14.71,565.8,1.17
Jos East,Highland,Wheat,8.8,99.25,26.25,18.75,13.35,812.5,2.58
Jos East,Highland,Wheat,4.5,116.92,29.29,35.17,11.25,529.2,0.79
Jos East,Highland,Wheat,6.08,136.95,31.02,35.41,12.15,750.9,0.6
Jos East,Highland,Wheat,7.59,103.39,38.18,18.75,12.22,786.17,1.12
Jos East,Highland,Wheat,4.92,97.35,35.21,18.75,17.87,776.47,1.88
Jos East,Highland,Wheat,8.07,102.94,41.66,36.47,14.13,460.44,0.6
Jos East,Highland,Pineapple,6.52,191.99,37.23,178.83,17.95,1250.0,0.38
Jos East,Highland,Pineapple,7.09,300.65,33.75,195.95,20.96,939.07,0.28
Jos East,Highland,Pineapple,6.6,325.34,34.08,153.22,24.29,913.7,0.36
Jos East,Highland,Pineapple,5.63,344.56,56.69,275.0,25.09,910.27,0.4
Jos East,Highland,Pineapple,7.75,211.21,56.84,197.66,20.35,883.43,0.21
Jos East,Highland,Pineapple,6.19,318.28,56.58,82.5,24.53,1158.76,0.21
Jos East,Highland,Pineapple,4.63,220.77,60.49,82.5,23.58,871.02,0.39
Jos East,Highland,Pineapple,3.38,185.34,40.05,89.83,22.78,1003.06,0.97
Jos East,Highland,Pineapple,5.97,231.34,62.23,118.61,19.78,950.37,0.86
Jos East,Highland,Pineapple,6.6,299.72,70.82,212.08,18.12,1044.21,0.86
Jos East,Highland,Pineapple,3.63,257.33,35.52,156.5,23.66,1184.98,0.23
Jos East,Highland,Pineapple,6.15,196.37,33.75,219.98,16.5,829.72,0.53
Jos East,Highland,Pineapple,5.64,172.5,54.1,93.11,21.28,840.8,0.08
Jos East,Highland,Pineapple,3.38,243.26,62.38,121.2,20.12,826.71,0.08
Jos East,Highland,Pineapple,4.23,267.03,76.63,210.75,22.45,1250.0,0.46
Jos East,Highland,Pineapple,6.62,266.72,53.24,82.5,20.27,851.66,0.08
Jos East,Highland,Pineapple,4.6,316.56,43.68,139.02,26.31,1085.71,0.3
Jos East,Highland,Pineapple,6.6,230.56,43.02,125.11,21.59,1031.67,0.08
Jos East,Highland,Pineapple,5.85,282.71,42.52,137.67,18.33,685.94,0.08
Jos East,Highland,Pineapple,6.21,279.38,70.44,150.72,21.12,1009.0,0.08
Jos East,Highland,Pineapple,6.42,273.61,36.93,172.08,22.78,716.99,0.66
Jos East,Highland,Pineapple,4.86,172.5,59.3,234.27,18.37,657.57,0.76
Jos East,Highland,Pineapple,4.67,313.03,33.75,238.27,23.52,1044.6,0.08
Jos East,Highland,Pineapple,4.96,299.22,33.75,114.81,21.93,747.18,0.75
Jos East,Highland,Pineapple,6.66,267.88,53.03,113.65,22.38,845.4,0.22
Jos East,Highland,Pineapple,4.81,316.74,62.04,84.0,24.14,810.35,0.94
Jos East,Highland,Pineapple,7.2,347.75,51.39,130.31,20.29,1015.66,0.08
Jos East,Highland,Pineapple,3.38,241.59,48.45,183.85,21.93,974.64,0.7
Jos East,Highland,Pineapple,4.37,230.44,72.55,82.5,23.62,1048.6,0.29
Jos East,Highland,Pineapple,6.42,287.38,33.75,85.89,19.87,578.78,0.29
Jos East,Highland,Pineapple,6.12,305.7,48.88,100.26,21.53,936.22,0.57
Jos East,Highland,Pineapple,5.33,294.38,44.92,230.91,21.42,845.37,0.18
Jos East,Highland,Pineapple,6.22,205.92,46.46,216.75,22.21,748.61,0.4
Jos East,Highland,Pineapple,3.83,265.6,64.05,152.97,18.35,916.58,0.36
Jos East,Highland,Pineapple,6.64,302.31,35.28,127.51,21.92,844.17,0.47
Jos East,Highland,Pineapple,3.82,268.66,59.94,151.73,21.41,1097.75,0.14
Jos East,Highland,Pineapple,6.1,256.71,37.39,206.06,24.29,1152.74,0.61
Jos East,Highland,Pineapple,5.97,272.82,46.88,105.83,16.5,675.71,0.3
Jos East,Highland,Pineapple,3.91,274.92,68.34,82.5,18.72,1250.0,0.59
Jos East,Highland,Pineapple,5.25,236.18,54.8,210.99,18.02,1211.06,0.43
Jos East,Highland,Pineapple,6.47,299.89,51.61,176.8,22.21,887.51,0.52
Jos East,Highland,Pineapple,5.08,257.99,66.2,145.96,21.97,919.41,0.17
Jos East,Highland,Pineapple,7.61,197.99,48.58,82.5,23.94,939.22,0.13
Jos East,Highland,Pineapple,3.38,322.51,33.75,179.45,23.19,1250.0,0.1
Jos East,Highland,Pineapple,4.39,240.46,41.11,82.5,24.84,876.84,0.24
Jos East,Highland,Pineapple,6.11,314.72,34.44,171.18,18.15,1008.39,0.4
Jos East,Highland,Pineapple,4.84,267.52,50.91,143.04,20.52,711.23,0.08
Jos East,Highland,Pineapple,4.67,216.65,41.29,143.39,21.21,1048.29,0.35
Jos East,Highland,Pineapple,5.52,279.92,37.28,94.9,20.12,827.99,0.08
Jos East,Highland,Pineapple,6.05,217.08,69.09,158.86,17.48,1066.71,0.3
Jos East,Highland,Onion,6.55,61.34,18.75,33.75,11.25,390.55,0.51
Jos East,Highland,Onion,6.35,45.0,38.49,48.66,21.55,502.79,1.87
Jos East,Highland,Onion,6.83,45.0,18.75,52.26,11.25,445.54,0.3
Jos East,Highland,Onion,7.65,98.61,24.02,76.63,18.15,687.5,0.4
Jos East,Highland,Onion,6.2,47.36,26.65,33.75,11.38,681.89,1.05
Jos East,Highland,Onion,5.86,95.03,31.57,39.34,19.12,585.59,1.63
Jos East,Highland,Onion,6.72,88.18,18.75,34.4,18.73,685.42,0.51
Jos East,Highland,Onion,5.58,111.71,40.4,33.75,11.25,687.5,0.43
Jos East,Highland,Onion,6.09,57.07,32.11,33.75,15.19,386.04,0.3
Jos East,Highland,Onion,5.57,45.0,36.39,60.52,14.03,476.39,1.42
Jos East,Highland,Onion,6.79,45.44,32.06,51.87,16.59,687.5,0.3
Jos East,Highland,Onion,6.71,107.88,48.0,49.46,11.25,340.8,1.13
Jos East,Highland,Onion,6.59,75.95,31.27,65.74,16.09,595.06,0.38
Jos East,Highland,Onion,7.0,59.48,39.25,37.76,16.21,687.5,1.04
Jos East,Highland,Onion,7.22,64.29,29.09,38.54,11.25,674.56,0.99
Jos East,Highland,Onion,6.68,101.71,18.75,33.75,18.11,541.8,0.81
Jos East,Highland,Onion,5.51,107.33,35.79,34.03,20.56,391.09,0.52
Jos East,Highland,Onion,6.97,99.88,18.75,39.99,16.67,687.5,1.42
Jos East,Highland,Onion,6.8,75.05,25.88,55.94,18.67,525.06,0.55
Jos East,Highland,Onion,7.06,97.74,22.14,33.75,11.25,565.17,0.3
Jos East,Highland,Onion,6.91,45.0,46.78,38.9,12.18,486.93,0.3
Jos East,Highland,Onion,7.28,88.64,29.1,33.75,14.34,460.18,0.3
Jos East,Highland,Onion,5.97,87.09,23.0,42.81,17.52,650.46,1.72
Jos East,Highland,Onion,5.08,53.3,38.56,54.57,14.79,479.51,0.81
Jos East,Highland,Onion,6.48,45.0,30.46,35.22,16.94,590.17,1.72
Jos East,Highland,Onion,6.38,47.48,18.75,33.75,15.6,623.76,0.38
Jos East,Highland,Onion,6.13,74.59,32.4,66.59,12.79,463.45,1.76
Jos East,Highland,Onion,7.44,60.6,41.29,90.76,18.33,461.08,0.75
Jos East,Highland,Onion,5.34,50.43,27.79,50.26,12.49,262.5,0.79
Jos East,Highland,Onion,6.81,90.84,25.57,43.01,15.22,597.66,0.64
Jos East,Highland,Onion,5.0,105.57,22.56,33.75,13.36,563.02,0.37
Jos East,Highland,Onion,6.06,65.38,32.19,33.75,15.48,389.13,1.75
Jos East,Highland,Onion,7.02,66.55,31.87,33.75,16.13,648.53,0.83
Jos East,Highland,Onion,6.92,72.8,26.79,33.75,16.11,452.5,0.91
Jos East,Highland,Onion,6.56,104.33,34.77,33.75,12.57,469.64,0.31
Jos East,Highland,Onion,6.96,45.0,44.57,66.15,15.04,590.7,0.73
Jos East,Highland,Onion,6.48,99.25,25.36,58.02,11.97,612.07,0.55
Jos East,Highland,Onion,6.64,52.78,33.21,44.82,19.05,580.18,0.95
Jos East,Highland,Onion,6.12,80.24,33.5,38.54,13.24,455.99,0.65
Jos East,Highland,Onion,5.99,79.78,18.76,43.27,11.75,683.38,0.71
Jos East,Highland,Onion,6.39,86.86,48.66,47.43,11.25,687.5,0.3
Jos East,Highland,Onion,6.09,100.8,24.06,34.09,15.32,551.13,0.33
Jos East,Highland,Onion,6.9,101.63,44.15,57.03,12.46,403.7,0.3
Jos East,Highland,Onion,7.0,77.5,23.09,33.75,11.25,344.23,1.45
Jos East,Highland,Onion,6.76,45.0,47.03,33.75,15.51,590.98,0.64
Jos East,Highland,Onion,6.2,73.75,24.71,50.85,15.34,488.9,1.27
Jos East,Highland,Onion,5.88,82.07,24.02,33.75,13.69,472.98,1.04
Jos East,Highland,Onion,6.33,104.92,18.75,33.75,15.65,687.5,0.95
Jos East,Highland,Onion,5.82,49.08,51.58,38.03,11.55,687.5,0.62
Jos East,Highland,Onion,5.18,121.58,34.78,33.75,18.55,427.88,0.3
