LGA,Climate,Crop,N,P,K,pH,Temp,Rainfall,Salinity
Qua'an-Pan,Lowland,Irish-potato,142.57,37.17,154.55,5.08,18.32,487.64,1.43
Qua'an-Pan,Lowland,Irish-potato,137.86,67.66,167.83,4.09,18.51,536.65,0.47
Qua'an-Pan,Lowland,Irish-potato,117.46,57.53,220.1,6.65,22.86,300.0,1.5
Qua'an-Pan,Lowland,Irish-potato,79.7,58.99,175.38,5.85,18.02,359.51,0.75
Qua'an-Pan,Lowland,Irish-potato,119.94,30.62,189.7,5.98,18.91,300.0,1.14
Qua'an-Pan,Lowland,Irish-potato,67.11,70.84,185.64,4.97,18.7,300.0,1.51
Qua'an-Pan,Lowland,Irish-potato,83.99,63.21,192.98,4.25,19.6,380.37,1.58
Qua'an-Pan,Lowland,Irish-potato,114.99,70.51,168.44,5.16,17.81,300.0,1.88
Qua'an-Pan,Lowland,Irish-potato,145.45,49.75,182.0,5.14,20.48,300.0,0.97
Qua'an-Pan,Lowland,Irish-potato,150.0,65.39,117.7,5.2,15.97,300.0,1.07
Qua'an-Pan,Lowland,Irish-potato,92.09,30.0,90.0,3.9,25.0,456.43,1.77
Qua'an-Pan,Lowland,Irish-potato,65.06,51.25,181.74,4.03,17.28,346.23,1.41
Qua'an-Pan,Lowland,Irish-potato,150.0,63.64,184.07,4.84,20.38,300.0,1.53
Qua'an-Pan,Lowland,Irish-potato,116.76,62.74,187.2,4.16,21.64,572.39,1.24
Qua'an-Pan,Lowland,Irish-potato,84.47,58.16,187.71,5.38,19.21,401.2,0.75
Qua'an-Pan,Lowland,Irish-potato,86.82,41.86,90.0,6.04,18.43,462.65,0.3
Qua'an-Pan,Lowland,Irish-potato,68.09,37.03,90.0,5.86,18.82,399.81,0.96
Qua'an-Pan,Lowland,Irish-potato,78.71,30.0,123.19,4.37,22.31,527.49,1.88
Qua'an-Pan,Lowland,Irish-potato,140.55,73.04,198.32,4.89,23.97,300.0,1.2
Qua'an-Pan,Lowland,Irish-potato,150.0,75.0,181.83,3.94,18.04,487.76,0.89
Qua'an-Pan,Lowland,Irish-potato,60.0,37.81,110.87,4.17,17.42,433.27,0.88
Qua'an-Pan,Lowland,Irish-potato,129.74,57.23,146.11,5.99,18.39,300.0,1.11
Qua'an-Pan,Lowland,Irish-potato,150.0,63.66,170.89,4.04,21.29,455.31,1.15
Qua'an-Pan,Lowland,Irish-potato,72.41,30.0,103.13,4.4,16.27,532.13,1.69
Qua'an-Pan,Lowland,Irish-potato,109.92,70.95,210.18,4.81,18.29,359.94,1.27
Qua'an-Pan,Lowland,Irish-potato,150.0,66.18,132.64,4.41,7.89,545.43,0.4
Qua'an-Pan,Lowland,Irish-potato,115.51,46.82,151.49,5.34,17.79,300.0,0.96
Qua'an-Pan,Lowland,Irish-potato,150.0,67.34,190.18,5.29,23.52,300.0,1.75
Qua'an-Pan,Lowland,Irish-potato,122.6,75.0,161.22,5.11,17.61,300.0,1.62
Qua'an-Pan,Lowland,Irish-potato,114.97,49.58,225.0,4.78,14.92,589.69,1.88
Qua'an-Pan,Lowland,Irish-potato,123.14,43.93,90.0,4.03,18.71,495.43,1.05
Qua'an-Pan,Lowland,Irish-potato,141.51,30.0,187.51,4.06,24.56,360.41,1.3
Qua'an-Pan,Lowland,Irish-potato,101.71,69.55,109.77,4.46,21.01,312.96,1.22
Qua'an-Pan,Lowland,Irish-potato,106.72,30.0,164.09,6.3,16.08,437.01,0.36
Qua'an-Pan,Lowland,Irish-potato,86.76,52.62,134.3,4.5,17.29,300.0,1.05
Qua'an-Pan,Lowland,Irish-potato,119.77,31.79,196.26,6.08,17.19,342.91,0.97
Qua'an-Pan,Lowland,Irish-potato,60.0,43.05,100.95,4.79,11.99,750.0,0.25
Qua'an-Pan,Lowland,Irish-potato,121.26,75.0,195.72,4.44,20.0,539.94,0.43
Qua'an-Pan,Lowland,Irish-potato,124.33,56.15,217.35,5.57,11.23,691.44,0.32
Qua'an-Pan,Lowland,Irish-potato,150.0,63.13,203.57,4.72,19.69,406.24,1.07
Qua'an-Pan,Lowland,Irish-potato,147.58,75.0,106.47,6.44,10.74,418.01,0.22
Qua'an-Pan,Lowland,Irish-potato,92.87,53.82,146.16,5.14,19.16,501.42,1.03
Qua'an-Pan,Lowland,Irish-potato,150.0,60.71,180.13,4.33,14.65,465.86,0.84
Qua'an-Pan,Lowland,Irish-potato,127.54,58.81,122.19,4.22,18.28,300.0,1.42
Qua'an-Pan,Lowland,Irish-potato,117.91,39.23,166.88,4.46,14.73,496.29,1.52
Qua'an-Pan,Lowland,Irish-potato,99.75,47.05,129.53,4.92,18.66,400.53,1.28
Qua'an-Pan,Lowland,Irish-potato,60.0,61.15,90.0,4.99,15.5,300.0,1.41
Qua'an-Pan,Lowland,Irish-potato,91.47,49.73,163.67,3.9,19.66,509.49,1.32
Qua'an-Pan,Lowland,Irish-potato,143.1,73.48,180.51,5.01,21.39,300.0,1.48
Qua'an-Pan,Lowland,Irish-potato,135.81,75.0,185.77,5.37,22.93,313.7,0.99
Qua'an-Pan,Lowland,Tomato,134.75,94.39,132.5,7.05,24.65,428.49,0.67
Qua'an-Pan,Lowland,Tomato,133.68,71.37,207.89,6.9,19.17,363.7,1.17
Qua'an-Pan,Lowland,Tomato,152.0,98.97,217.15,6.59,23.16,482.83,0.68
Qua'an-Pan,Lowland,Tomato,167.06,57.36,128.33,5.03,27.27,450.21,1.85
Qua'an-Pan,Lowland,Tomato,119.59,87.0,230.25,4.89,29.98,658.99,0.54
Qua'an-Pan,Lowland,Tomato,187.5,106.08,171.63,6.99,26.48,417.07,1.12
Qua'an-Pan,Lowland,Tomato,142.18,110.65,132.23,5.38,31.25,300.0,2.49
Qua'an-Pan,Lowland,Tomato,151.21,95.06,272.26,6.04,22.37,552.72,0.94
Qua'an-Pan,Lowland,Tomato,164.52,96.67,226.58,7.79,23.08,300.0,0.38
Qua'an-Pan,Lowland,Tomato,138.43,48.75,187.88,4.41,22.72,545.95,1.55
Qua'an-Pan,Lowland,Tomato,112.43,48.75,120.0,3.75,20.11,629.42,0.85
Qua'an-Pan,Lowland,Tomato,75.0,70.35,176.48,5.86,31.25,472.51,1.64
Qua'an-Pan,Lowland,Tomato,147.33,135.05,172.7,5.15,29.0,576.13,1.18
Qua'an-Pan,Lowland,Tomato,159.43,137.49,300.0,5.8,21.13,408.13,0.81
Qua'an-Pan,Lowland,Tomato,177.74,93.02,262.04,5.72,28.6,346.12,1.68
Qua'an-Pan,Lowland,Tomato,125.44,93.18,235.7,4.57,30.08,307.54,2.5
Qua'an-Pan,Lowland,Tomato,141.99,98.89,210.02,5.94,22.99,317.22,1.43
Qua'an-Pan,Lowland,Tomato,89.19,88.51,255.46,5.22,19.97,332.7,1.74
Qua'an-Pan,Lowland,Tomato,187.5,120.91,154.58,6.5,24.04,467.85,0.38
Qua'an-Pan,Lowland,Tomato,120.28,89.37,257.12,4.43,28.26,426.92,2.5
Qua'an-Pan,Lowland,Tomato,112.29,94.82,145.2,5.88,19.04,390.69,0.71
Qua'an-Pan,Lowland,Tomato,146.76,67.8,265.0,8.16,17.36,381.47,0.58
Qua'an-Pan,Lowland,Tomato,134.83,108.74,246.02,7.46,25.04,326.66,1.11
Qua'an-Pan,Lowland,Tomato,124.64,92.62,231.58,5.75,21.64,394.78,0.93
Qua'an-Pan,Lowland,Tomato,108.4,50.28,194.1,5.38,27.49,405.76,1.41
Qua'an-Pan,Lowland,Tomato,187.5,119.97,300.0,6.13,29.6,300.0,1.58
Qua'an-Pan,Lowland,Tomato,153.51,97.15,270.91,6.63,27.62,398.73,1.69
Qua'an-Pan,Lowland,Tomato,121.82,62.44,192.1,8.75,20.29,326.95,0.38
Qua'an-Pan,Lowland,Tomato,144.14,110.04,208.66,6.28,23.3,468.74,1.41
Qua'an-Pan,Lowland,Tomato,124.24,91.37,197.32,5.56,26.02,427.4,1.26
Qua'an-Pan,Lowland,Tomato,123.4,91.0,120.0,6.38,20.12,422.56,0.38
Qua'an-Pan,Lowland,Tomato,175.67,115.16,300.0,6.75,18.57,300.0,1.23
Qua'an-Pan,Lowland,Tomato,187.5,105.34,293.96,4.36,28.36,509.4,2.01
Qua'an-Pan,Lowland,Tomato,184.85,125.38,161.61,6.82,23.94,349.96,0.71
Qua'an-Pan,Lowland,Tomato,148.69,108.52,237.55,5.7,21.25,501.67,1.43
Qua'an-Pan,Lowland,Tomato,128.65,92.34,238.85,5.7,23.65,341.37,1.29
Qua'an-Pan,Lowland,Tomato,151.81,51.71,134.58,6.48,27.07,493.59,0.38
Qua'an-Pan,Lowland,Tomato,128.09,73.94,164.7,3.75,27.14,570.34,2.25
Qua'an-Pan,Lowland,Tomato,145.9,91.14,171.45,5.93,27.58,408.99,2.34
Qua'an-Pan,Lowland,Tomato,88.31,78.04,131.5,5.63,23.95,547.17,1.32
Qua'an-Pan,Lowland,Tomato,124.24,93.35,164.51,8.75,31.16,300.0,1.5
Qua'an-Pan,Lowland,Tomato,136.2,92.79,280.23,6.47,17.69,414.79,0.38
Qua'an-Pan,Lowland,Tomato,99.05,56.14,254.76,6.01,25.97,370.64,2.49
Qua'an-Pan,Lowland,Tomato,155.86,48.75,219.0,5.58,23.1,531.38,1.12
Qua'an-Pan,Lowland,Tomato,128.32,95.16,220.88,6.5,24.45,423.47,0.65
Qua'an-Pan,Lowland,Tomato,142.35,137.5,205.43,4.79,19.6,415.45,0.5
Qua'an-Pan,Lowland,Tomato,116.38,90.88,246.46,4.7,29.16,361.17,2.5
Qua'an-Pan,Lowland,Tomato,96.96,70.0,176.93,6.94,21.56,542.95,0.52
Qua'an-Pan,Lowland,Tomato,173.08,105.17,220.82,4.97,25.89,374.74,1.49
Qua'an-Pan,Lowland,Tomato,130.73,74.88,180.2,4.73,28.83,468.03,1.72
Qua'an-Pan,Lowland,Groundnut,25.0,21.23,47.08,6.32,34.04,438.7,0.99
Qua'an-Pan,Lowland,Groundnut,25.0,50.0,33.47,6.51,26.2,705.31,0.48
Qua'an-Pan,Lowland,Groundnut,25.0,20.04,37.55,6.77,29.53,495.14,0.97
Qua'an-Pan,Lowland,Groundnut,25.0,50.0,44.36,7.25,30.16,375.0,1.13
Qua'an-Pan,Lowland,Groundnut,25.0,48.83,46.01,7.88,27.19,437.4,0.67
Qua'an-Pan,Lowland,Groundnut,25.0,31.62,30.85,7.5,24.21,554.88,0.15
Qua'an-Pan,Lowland,Groundnut,25.0,38.36,40.5,7.26,28.23,427.11,0.6
Qua'an-Pan,Lowland,Groundnut,25.0,49.84,50.0,7.97,25.64,375.0,1.24
Qua'an-Pan,Lowland,Groundnut,25.0,28.86,46.6,6.71,29.2,557.51,1.41
Qua'an-Pan,Lowland,Groundnut,25.0,17.72,43.91,7.42,22.41,488.3,0.94
Qua'an-Pan,Lowland,Groundnut,25.0,42.03,37.01,7.3,25.07,582.68,0.17
Qua'an-Pan,Lowland,Groundnut,25.0,38.45,38.24,6.55,32.75,471.18,1.22
Qua'an-Pan,Lowland,Groundnut,25.0,20.08,30.61,7.43,28.04,564.72,0.5
Qua'an-Pan,Lowland,Groundnut,25.0,28.44,50.0,6.86,24.27,524.14,0.86
Qua'an-Pan,Lowland,Groundnut,25.0,37.23,35.82,6.93,27.89,503.21,0.62
Qua'an-Pan,Lowland,Groundnut,25.0,31.31,44.23,6.8,31.13,463.95,0.88
Qua'an-Pan,Lowland,Groundnut,24.59,31.41,33.31,5.89,25.98,668.45,0.8
Qua'an-Pan,Lowland,Groundnut,25.0,41.44,28.49,6.74,27.91,624.34,0.91
Qua'an-Pan,Lowland,Groundnut,25.0,37.17,45.22,6.5,30.66,684.4,0.35
Qua'an-Pan,Lowland,Groundnut,25.0,37.78,40.09,6.36,31.94,410.56,1.25
Qua'an-Pan,Lowland,Groundnut,25.0,23.11,48.24,6.55,27.43,494.02,1.05
Qua'an-Pan,Lowland,Groundnut,25.0,36.1,45.36,6.38,27.1,786.49,0.64
Qua'an-Pan,Lowland,Groundnut,25.0,36.94,47.76,5.97,27.99,665.89,0.9
Qua'an-Pan,Lowland,Groundnut,25.0,22.49,26.72,7.04,31.65,375.0,1.23
Qua'an-Pan,Lowland,Groundnut,25.0,11.25,36.68,6.77,32.5,575.92,0.77
Qua'an-Pan,Lowland,Groundnut,25.0,37.74,39.38,5.01,22.02,709.32,0.92
Qua'an-Pan,Lowland,Groundnut,25.0,22.59,31.83,7.18,26.74,442.45,0.93
Qua'an-Pan,Lowland,Groundnut,25.0,21.0,32.18,5.89,23.09,628.79,1.03
Qua'an-Pan,Lowland,Groundnut,25.0,36.94,34.09,7.02,27.3,480.35,0.72
Qua'an-Pan,Lowland,Groundnut,25.0,29.62,41.0,6.3,24.38,648.88,1.16
Qua'an-Pan,Lowland,Groundnut,25.0,32.84,38.17,6.74,28.54,464.04,1.1
Qua'an-Pan,Lowland,Groundnut,25.0,40.92,40.83,6.45,31.0,521.97,0.82
Qua'an-Pan,Lowland,Groundnut,25.0,50.0,49.47,6.52,21.01,639.94,0.37
Qua'an-Pan,Lowland,Groundnut,25.0,44.77,50.0,6.7,26.92,720.07,0.56
Qua'an-Pan,Lowland,Groundnut,25.0,39.05,50.0,6.95,25.11,528.75,1.11
Qua'an-Pan,Lowland,Groundnut,25.0,50.0,50.0,7.23,27.81,376.0,0.96
Qua'an-Pan,Lowland,Groundnut,25.0,17.85,38.63,6.97,28.39,375.0,1.26
Qua'an-Pan,Lowland,Groundnut,25.0,27.86,28.89,6.85,25.53,551.78,0.97
Qua'an-Pan,Lowland,Groundnut,25.0,12.6,39.52,7.37,28.93,420.36,0.97
Qua'an-Pan,Lowland,Groundnut,25.0,39.44,50.0,7.55,35.0,424.35,1.01
Qua'an-Pan,Lowland,Groundnut,25.0,24.74,47.06,7.22,27.16,591.47,0.81
Qua'an-Pan,Lowland,Groundnut,25.0,35.8,41.32,6.34,33.79,602.42,0.74
Qua'an-Pan,Lowland,Groundnut,25.0,46.06,30.6,6.82,31.08,383.27,1.42
Qua'an-Pan,Lowland,Groundnut,25.0,29.81,44.61,6.11,25.52,607.78,1.03
Qua'an-Pan,Lowland,Groundnut,25.0,42.6,32.03,7.13,20.07,622.4,0.64
Qua'an-Pan,Lowland,Groundnut,25.0,42.91,48.57,6.41,26.16,523.37,0.77
Qua'an-Pan,Lowland,Groundnut,25.0,11.25,21.04,6.75,28.68,496.1,1.02
Qua'an-Pan,Lowland,Groundnut,25.0,37.84,50.0,7.49,26.54,381.02,1.16
Qua'an-Pan,Lowland,Groundnut,25.0,50.0,46.61,7.59,23.23,375.0,0.93
Qua'an-Pan,Lowland,Groundnut,25.0,39.57,35.56,5.99,33.26,495.58,1.5
Qua'an-Pan,Lowland,Pepper,149.79,40.7,74.99,7.15,29.54,587.38,1.4
Qua'an-Pan,Lowland,Pepper,123.04,29.31,82.72,4.34,33.75,1269.0,1.77
Qua'an-Pan,Lowland,Pepper,194.35,40.28,125.0,6.32,27.98,688.99,1.91
Qua'an-Pan,Lowland,Pepper,140.22,32.43,112.78,7.2,27.29,1005.88,0.57
Qua'an-Pan,Lowland,Pepper,106.67,40.54,74.54,4.41,24.85,1392.99,2.23
Qua'an-Pan,Lowland,Pepper,113.27,40.6,65.2,6.31,26.18,986.85,1.29
Qua'an-Pan,Lowland,Pepper,153.41,42.85,67.05,7.81,24.16,1100.65,0.52
Qua'an-Pan,Lowland,Pepper,94.02,18.75,125.0,5.29,25.92,955.54,1.74
Qua'an-Pan,Lowland,Pepper,190.12,26.43,115.1,6.24,25.34,1058.44,1.87
Qua'an-Pan,Lowland,Pepper,152.39,18.75,78.21,6.37,25.57,1012.56,1.94
Qua'an-Pan,Lowland,Pepper,103.28,48.25,49.54,7.12,15.99,1242.67,0.45
Qua'an-Pan,Lowland,Pepper,167.69,43.32,85.74,5.85,24.6,539.09,2.5
Qua'an-Pan,Lowland,Pepper,127.49,54.03,47.94,6.12,23.2,731.27,1.54
Qua'an-Pan,Lowland,Pepper,151.02,44.21,79.37,6.32,23.24,1346.62,0.45
Qua'an-Pan,Lowland,Pepper,164.69,62.5,109.3,7.02,25.32,1430.58,0.87
Qua'an-Pan,Lowland,Pepper,193.83,31.03,44.87,8.3,25.92,1208.19,0.81
Qua'an-Pan,Lowland,Pepper,212.5,26.93,99.4,7.03,20.78,450.0,2.22
Qua'an-Pan,Lowland,Pepper,121.31,36.33,66.36,6.57,24.85,1147.61,0.75
Qua'an-Pan,Lowland,Pepper,164.2,62.5,117.51,6.49,26.79,450.0,2.5
Qua'an-Pan,Lowland,Pepper,212.5,62.5,88.22,6.52,28.67,450.0,1.83
Qua'an-Pan,Lowland,Pepper,203.1,50.15,119.13,5.9,32.72,866.52,2.01
Qua'an-Pan,Lowland,Pepper,153.44,38.85,52.31,6.23,27.09,1033.99,1.62
Qua'an-Pan,Lowland,Pepper,147.26,54.43,100.85,4.74,32.13,843.63,2.15
Qua'an-Pan,Lowland,Pepper,196.4,54.26,81.62,7.51,20.21,563.01,1.12
Qua'an-Pan,Lowland,Pepper,75.0,31.94,87.53,6.61,24.31,506.13,1.7
Qua'an-Pan,Lowland,Pepper,155.45,33.07,91.94,6.93,14.89,775.67,0.45
Qua'an-Pan,Lowland,Pepper,75.0,18.75,71.0,7.29,18.45,788.69,1.12
Qua'an-Pan,Lowland,Pepper,154.7,50.66,87.8,5.8,27.75,1442.74,0.45
Qua'an-Pan,Lowland,Pepper,185.23,62.5,90.98,5.46,23.22,838.8,1.02
Qua'an-Pan,Lowland,Pepper,97.48,18.75,96.42,6.87,23.44,965.51,0.99
Qua'an-Pan,Lowland,Pepper,151.04,54.2,70.61,7.24,23.77,1036.51,0.45
Qua'an-Pan,Lowland,Pepper,203.67,36.85,77.59,7.66,24.07,482.96,1.0
Qua'an-Pan,Lowland,Pepper,159.15,32.65,41.25,6.23,23.15,1284.33,0.97
Qua'an-Pan,Lowland,Pepper,135.66,50.18,56.74,7.78,32.72,766.36,0.94
Qua'an-Pan,Lowland,Pepper,212.5,29.55,118.77,6.39,26.97,450.0,2.41
Qua'an-Pan,Lowland,Pepper,118.64,36.79,81.62,7.28,24.42,786.52,1.41
Qua'an-Pan,Lowland,Pepper,189.82,61.28,86.31,6.83,25.26,759.48,1.79
Qua'an-Pan,Lowland,Pepper,161.47,25.11,69.66,6.04,22.37,1004.77,0.86
Qua'an-Pan,Lowland,Pepper,171.53,53.53,110.24,6.57,26.62,450.0,1.97
Qua'an-Pan,Lowland,Pepper,132.15,58.15,125.0,7.25,25.02,1009.65,0.87
Qua'an-Pan,Lowland,Pepper,95.84,18.75,68.8,5.93,23.08,1403.84,0.71
Qua'an-Pan,Lowland,Pepper,175.17,46.31,91.11,6.59,25.85,710.75,2.16
Qua'an-Pan,Lowland,Pepper,187.5,43.37,125.0,5.75,30.05,1186.9,1.06
Qua'an-Pan,Lowland,Pepper,154.68,53.77,72.41,7.38,33.75,450.0,2.3
Qua'an-Pan,Lowland,Pepper,161.66,41.09,93.85,8.12,27.44,450.0,1.78
Qua'an-Pan,Lowland,Pepper,150.15,52.93,108.15,6.96,29.91,765.11,2.13
Qua'an-Pan,Lowland,Pepper,212.5,60.13,85.67,6.11,30.55,450.0,2.29
Qua'an-Pan,Lowland,Pepper,113.5,18.75,81.7,5.15,26.21,1516.38,1.68
Qua'an-Pan,Lowland,Pepper,82.76,41.27,56.82,6.94,21.62,1316.72,1.24
Qua'an-Pan,Lowland,Pepper,168.44,62.5,86.12,5.29,29.72,877.21,1.9
Qua'an-Pan,Lowland,Cabbage,144.92,55.2,107.97,7.27,21.29,285.0,0.61
Qua'an-Pan,Lowland,Cabbage,143.92,53.1,126.53,6.3,19.57,446.17,1.41
Qua'an-Pan,Lowland,Cabbage,125.68,54.08,119.22,6.86,14.77,291.41,1.25
Qua'an-Pan,Lowland,Cabbage,142.79,81.13,134.81,5.18,22.85,416.96,1.14
Qua'an-Pan,Lowland,Cabbage,157.47,57.33,124.62,7.08,19.64,325.23,0.81
Qua'an-Pan,Lowland,Cabbage,158.98,57.66,103.13,6.5,17.95,359.89,1.35
Qua'an-Pan,Lowland,Cabbage,181.88,75.63,129.18,6.54,18.48,357.04,1.32
Qua'an-Pan,Lowland,Cabbage,146.4,48.41,98.29,6.41,7.5,339.11,0.57
Qua'an-Pan,Lowland,Cabbage,136.31,58.02,100.23,7.04,23.17,391.02,0.5
Qua'an-Pan,Lowland,Cabbage,172.14,56.59,126.17,7.55,28.14,285.0,1.0
Qua'an-Pan,Lowland,Cabbage,153.25,69.01,127.25,5.98,21.21,426.02,0.96
Qua'an-Pan,Lowland,Cabbage,165.75,65.53,137.84,5.63,24.02,372.73,1.39
Qua'an-Pan,Lowland,Cabbage,109.71,80.79,134.91,5.99,19.43,353.23,1.06
Qua'an-Pan,Lowland,Cabbage,145.87,43.11,118.63,5.17,9.64,520.35,1.41
Qua'an-Pan,Lowland,Cabbage,124.97,67.83,103.69,6.39,20.13,409.44,0.73
Qua'an-Pan,Lowland,Cabbage,134.9,55.06,107.25,7.52,13.85,305.18,0.56
Qua'an-Pan,Lowland,Cabbage,187.5,66.6,145.78,6.6,10.96,295.89,0.91
Qua'an-Pan,Lowland,Cabbage,100.73,62.94,97.9,6.47,20.97,465.47,0.81
Qua'an-Pan,Lowland,Cabbage,86.32,62.57,110.28,7.19,9.8,466.46,0.15
Qua'an-Pan,Lowland,Cabbage,152.38,68.18,153.11,6.91,25.18,332.07,0.15
Qua'an-Pan,Lowland,Cabbage,104.03,63.31,84.82,6.4,23.11,331.5,0.86
Qua'an-Pan,Lowland,Cabbage,128.01,62.51,99.02,6.97,20.94,358.07,0.46
Qua'an-Pan,Lowland,Cabbage,141.66,61.04,109.22,7.1,8.38,322.06,0.71
Qua'an-Pan,Lowland,Cabbage,187.5,71.52,136.76,6.89,25.79,295.94,1.3
Qua'an-Pan,Lowland,Cabbage,174.85,75.49,123.51,8.02,15.61,285.0,0.76
Qua'an-Pan,Lowland,Cabbage,187.5,78.39,121.54,6.76,20.27,342.78,1.23
Qua'an-Pan,Lowland,Cabbage,153.96,61.67,122.79,7.08,25.21,285.0,0.9
Qua'an-Pan,Lowland,Cabbage,161.81,64.41,162.5,7.76,14.97,350.56,0.15
Qua'an-Pan,Lowland,Cabbage,83.63,62.04,103.59,5.86,17.31,376.17,1.03
Qua'an-Pan,Lowland,Cabbage,161.21,60.64,146.88,6.89,12.46,285.69,1.02
Qua'an-Pan,Lowland,Cabbage,187.5,71.94,126.86,5.27,20.51,324.69,1.62
Qua'an-Pan,Lowland,Cabbage,168.03,73.65,114.63,6.31,30.0,288.9,1.3
Qua'an-Pan,Lowland,Cabbage,101.03,50.29,115.43,5.77,22.2,467.56,1.12
Qua'an-Pan,Lowland,Cabbage,174.33,72.27,118.64,7.49,22.61,285.0,0.9
Qua'an-Pan,Lowland,Cabbage,161.73,57.03,126.67,5.66,21.88,488.05,0.66
Qua'an-Pan,Lowland,Cabbage,154.49,44.44,112.11,6.49,10.23,369.65,1.07
Qua'an-Pan,Lowland,Cabbage,155.74,66.78,122.2,5.93,16.89,354.6,1.03
Qua'an-Pan,Lowland,Cabbage,98.76,74.14,108.92,5.86,10.77,415.12,0.93
Qua'an-Pan,Lowland,Cabbage,171.31,66.19,121.46,7.11,26.57,285.0,1.0
Qua'an-Pan,Lowland,Cabbage,107.36,46.93,120.5,6.53,20.71,285.0,1.33
Qua'an-Pan,Lowland,Cabbage,139.01,69.26,136.62,5.87,27.16,369.0,1.24
Qua'an-Pan,Lowland,Cabbage,135.44,62.97,125.73,6.01,25.37,353.38,0.97
Qua'an-Pan,Lowland,Cabbage,85.94,60.57,121.74,6.76,14.28,342.31,0.95
Qua'an-Pan,Lowland,Cabbage,130.08,59.88,101.47,6.47,23.15,371.74,1.54
Qua'an-Pan,Lowland,Cabbage,178.19,79.42,117.18,6.13,30.0,334.27,1.23
Qua'an-Pan,Lowland,Cabbage,138.41,62.05,120.01,6.41,26.69,332.67,1.16
Qua'an-Pan,Lowland,Cabbage,119.41,58.69,130.86,6.07,26.96,390.16,1.29
Qua'an-Pan,Lowland,Cabbage,137.04,64.42,124.55,5.57,16.87,469.49,0.53
Qua'an-Pan,Lowland,Cabbage,187.5,60.61,125.86,7.02,30.0,285.0,1.29
Qua'an-Pan,Lowland,Cabbage,165.27,57.83,125.79,6.39,18.66,424.31,1.1
Qua'an-Pan,Lowland,Maize,181.12,100.0,99.73,7.05,28.38,375.0,2.33
Qua'an-Pan,Lowland,Maize,165.99,37.5,45.0,5.97,23.33,713.92,0.33
Qua'an-Pan,Lowland,Maize,240.19,83.34,66.54,6.38,26.62,507.94,1.54
Qua'an-Pan,Lowland,Maize,201.32,83.14,86.27,6.08,30.2,847.67,0.71
Qua'an-Pan,Lowland,Maize,202.84,82.09,125.0,5.97,33.81,476.18,2.06
Qua'an-Pan,Lowland,Maize,206.66,76.2,115.12,9.38,23.08,375.0,0.59
Qua'an-Pan,Lowland,Maize,178.3,78.31,75.31,7.74,28.85,521.03,1.37
Qua'an-Pan,Lowland,Maize,142.06,66.13,60.69,7.88,34.41,551.0,0.3
Qua'an-Pan,Lowland,Maize,168.57,54.55,109.95,6.65,28.9,596.11,2.05
Qua'an-Pan,Lowland,Maize,181.02,100.0,100.03,6.1,28.5,707.73,0.51
Qua'an-Pan,Lowland,Maize,190.01,82.1,91.8,6.22,26.35,527.01,0.97
Qua'an-Pan,Lowland,Maize,192.66,58.25,85.94,5.1,23.99,796.96,1.4
Qua'an-Pan,Lowland,Maize,179.18,70.39,107.17,7.26,28.06,442.42,1.29
Qua'an-Pan,Lowland,Maize,223.29,82.14,106.12,6.24,33.92,375.0,2.24
Qua'an-Pan,Lowland,Maize,178.81,39.75,93.91,5.25,31.19,718.94,2.17
Qua'an-Pan,Lowland,Maize,161.51,58.56,77.1,7.46,27.32,430.53,1.65
Qua'an-Pan,Lowland,Maize,244.07,100.0,86.54,5.19,20.52,691.47,0.77
Qua'an-Pan,Lowland,Maize,224.43,88.65,111.55,6.12,23.55,479.81,2.32
Qua'an-Pan,Lowland,Maize,185.43,88.73,122.61,5.46,23.09,452.21,1.39
Qua'an-Pan,Lowland,Maize,199.87,86.89,86.61,7.62,25.89,446.4,1.04
Qua'an-Pan,Lowland,Maize,187.7,72.46,94.43,6.71,26.6,645.66,0.84
Qua'an-Pan,Lowland,Maize,170.92,51.93,80.44,4.69,26.44,828.88,1.6
Qua'an-Pan,Lowland,Maize,165.2,86.0,107.95,6.75,32.28,530.93,2.2
Qua'an-Pan,Lowland,Maize,163.7,85.3,57.05,5.99,26.4,939.65,0.3
Qua'an-Pan,Lowland,Maize,192.85,67.14,125.0,6.78,31.68,521.52,2.5
Qua'an-Pan,Lowland,Maize,250.0,82.59,125.0,8.92,18.87,392.79,0.82
Qua'an-Pan,Lowland,Maize,221.7,96.81,45.42,6.81,26.49,468.53,1.85
Qua'an-Pan,Lowland,Maize,184.22,65.84,92.14,5.95,28.46,566.71,1.45
Qua'an-Pan,Lowland,Maize,205.13,72.31,69.39,4.79,34.33,615.95,1.72
Qua'an-Pan,Lowland,Maize,221.12,100.0,73.78,6.75,15.0,436.43,1.17
Qua'an-Pan,Lowland,Maize,195.98,60.87,78.51,6.76,24.85,539.8,1.15
Qua'an-Pan,Lowland,Maize,215.17,66.32,75.8,5.65,35.0,523.71,2.33
Qua'an-Pan,Lowland,Maize,220.66,62.3,78.97,6.02,30.51,547.09,1.28
Qua'an-Pan,Lowland,Maize,232.67,69.22,93.53,7.03,26.57,375.0,2.13
Qua'an-Pan,Lowland,Maize,198.74,59.98,74.59,6.73,22.92,436.85,1.68
Qua'an-Pan,Lowland,Maize,180.88,71.78,99.88,6.6,28.74,737.48,0.73
Qua'an-Pan,Lowland,Maize,191.13,75.65,125.0,8.1,27.89,412.03,1.38
Qua'an-Pan,Lowland,Maize,222.63,95.24,120.97,5.17,29.03,716.72,1.44
Qua'an-Pan,Lowland,Maize,250.0,100.0,107.85,6.88,26.22,506.79,1.89
Qua'an-Pan,Lowland,Maize,250.0,78.09,125.0,7.43,22.46,375.0,1.39
Qua'an-Pan,Lowland,Maize,223.24,71.07,93.77,4.12,20.75,692.55,2.24
Qua'an-Pan,Lowland,Maize,179.83,85.36,121.34,7.48,29.29,461.3,1.25
Qua'an-Pan,Lowland,Maize,171.0,65.86,77.01,7.16,29.99,404.4,1.94
Qua'an-Pan,Lowland,Maize,210.7,100.0,106.22,7.7,31.41,399.48,1.7
Qua'an-Pan,Lowland,Maize,196.86,71.93,70.99,6.81,25.04,595.54,1.13
Qua'an-Pan,Lowland,Maize,250.0,75.89,125.0,6.54,22.9,451.54,2.25
Qua'an-Pan,Lowland,Maize,182.86,75.41,96.34,5.62,24.05,565.31,1.56
Qua'an-Pan,Lowland,Maize,199.17,95.48,78.72,6.85,35.0,471.38,1.02
Qua'an-Pan,Lowland,Maize,203.69,54.79,105.63,6.92,26.33,461.19,1.81
Qua'an-Pan,Lowland,Maize,176.84,57.85,82.63,8.84,33.89,375.0,1.46
Qua'an-Pan,Lowland,Wheat,166.74,44.23,62.5,4.95,23.12,495.55,2.68
Qua'an-Pan,Lowland,Wheat,152.79,50.19,39.94,6.51,20.33,524.87,1.11
Qua'an-Pan,Lowland,Wheat,154.71,53.61,51.23,7.09,25.0,537.34,3.07
Qua'an-Pan,Lowland,Wheat,140.67,46.9,48.53,8.32,18.42,541.51,1.09
Qua'an-Pan,Lowland,Wheat,122.35,44.83,34.96,6.33,18.15,532.04,1.49
Qua'an-Pan,Lowland,Wheat,150.83,53.75,28.59,7.1,25.0,382.78,2.37
Qua'an-Pan,Lowland,Wheat,137.66,39.54,48.7,7.51,25.0,469.82,1.74
Qua'an-Pan,Lowland,Wheat,166.12,48.89,32.7,9.24,21.63,337.5,1.22
Qua'an-Pan,Lowland,Wheat,161.25,45.28,34.81,7.11,23.99,406.61,2.61
Qua'an-Pan,Lowland,Wheat,90.59,47.82,45.96,6.66,23.1,580.39,1.68
Qua'an-Pan,Lowland,Wheat,140.88,46.27,49.08,4.5,21.66,565.25,2.22
Qua'an-Pan,Lowland,Wheat,87.33,43.98,33.22,7.62,21.71,468.08,2.23
Qua'an-Pan,Lowland,Wheat,111.79,49.34,61.78,7.43,23.68,337.5,2.28
Qua'an-Pan,Lowland,Wheat,81.53,42.62,49.78,6.44,22.16,500.63,2.04
Qua'an-Pan,Lowland,Wheat,141.44,47.14,23.33,8.71,19.55,374.09,0.6
Qua'an-Pan,Lowland,Wheat,101.83,45.22,31.51,8.31,20.55,502.46,1.04
Qua'an-Pan,Lowland,Wheat,151.77,46.74,53.85,7.28,20.79,553.69,2.47
Qua'an-Pan,Lowland,Wheat,155.78,45.49,59.06,8.31,21.24,421.93,2.14
Qua'an-Pan,Lowland,Wheat,148.61,43.52,62.5,4.96,20.9,616.77,1.19
Qua'an-Pan,Lowland,Wheat,176.77,48.97,43.68,7.07,22.23,555.99,1.77
Qua'an-Pan,Lowland,Wheat,134.09,52.98,18.75,7.21,16.07,461.0,0.75
Qua'an-Pan,Lowland,Wheat,162.23,49.72,41.09,9.7,17.74,337.5,0.88
Qua'an-Pan,Lowland,Wheat,145.92,50.27,37.56,7.31,25.0,337.5,3.12
Qua'an-Pan,Lowland,Wheat,105.26,41.57,51.7,9.03,17.34,495.15,0.6
Qua'an-Pan,Lowland,Wheat,152.17,50.92,45.01,7.04,22.77,391.35,1.62
Qua'an-Pan,Lowland,Wheat,130.08,44.81,60.94,9.39,20.53,337.5,0.72
Qua'an-Pan,Lowland,Wheat,164.88,46.42,56.42,6.78,17.17,590.89,0.75
Qua'an-Pan,Lowland,Wheat,90.72,41.06,19.23,7.17,22.07,612.63,1.19
Qua'an-Pan,Lowland,Wheat,104.99,51.37,28.06,8.08,17.54,496.26,0.6
Qua'an-Pan,Lowland,Wheat,97.43,37.69,18.75,6.82,21.53,475.19,2.43
Qua'an-Pan,Lowland,Wheat,97.85,41.29,33.7,7.43,19.33,409.49,2.31
Qua'an-Pan,Lowland,Wheat,162.27,48.21,62.5,7.81,18.62,379.19,2.79
Qua'an-Pan,Lowland,Wheat,123.46,48.97,56.62,6.53,18.44,448.38,1.9
Qua'an-Pan,Lowland,Wheat,187.5,46.89,62.5,6.94,18.68,444.28,2.03
Qua'an-Pan,Lowland,Wheat,166.74,46.55,43.21,7.22,19.26,451.81,0.6
Qua'an-Pan,Lowland,Wheat,150.13,44.58,58.48,5.69,20.37,578.82,2.46
Qua'an-Pan,Lowland,Wheat,184.01,47.9,39.37,6.11,20.83,531.79,0.96
Qua'an-Pan,Lowland,Wheat,167.77,56.25,62.5,8.27,16.56,499.64,1.45
Qua'an-Pan,Lowland,Wheat,187.5,46.66,62.5,8.05,21.17,390.65,1.86
Qua'an-Pan,Lowland,Wheat,115.35,45.63,20.11,7.12,24.11,506.35,1.76
Qua'an-Pan,Lowland,Wheat,179.97,51.13,52.46,8.44,21.19,339.27,1.52
Qua'an-Pan,Lowland,Wheat,128.93,55.83,30.62,8.79,24.13,340.66,0.97
Qua'an-Pan,Lowland,Wheat,184.24,56.25,62.5,7.06,19.47,442.94,1.38
Qua'an-Pan,Lowland,Wheat,159.92,40.18,54.6,8.87,16.91,471.53,1.04
Qua'an-Pan,Lowland,Wheat,176.28,40.95,42.96,7.64,23.06,546.38,1.83
Qua'an-Pan,Lowland,Wheat,129.68,44.06,38.83,6.14,23.95,480.65,3.12
Qua'an-Pan,Lowland,Wheat,143.98,46.49,62.5,7.87,19.0,423.58,2.17
Qua'an-Pan,Lowland,Wheat,128.8,47.73,57.55,7.08,21.25,410.28,1.89
Qua'an-Pan,Lowland,Wheat,121.37,54.58,47.23,6.07,15.53,433.33,1.4
Qua'an-Pan,Lowland,Wheat,156.66,46.4,45.54,7.32,20.64,531.19,0.83
Qua'an-Pan,Lowland,Pineapple,309.16,75.33,240.14,4.93,25.75,595.1,0.93
Qua'an-Pan,Lowland,Pineapple,288.76,60.94,135.16,5.25,25.2,789.0,0.44
Qua'an-Pan,Lowland,Pineapple,233.14,54.69,117.0,5.67,25.11,895.72,0.75
Qua'an-Pan,Lowland,Pineapple,235.15,52.57,204.32,4.82,23.74,1167.37,0.63
Qua'an-Pan,Lowland,Pineapple,264.48,43.91,160.56,7.71,23.9,525.0,0.5
Qua'an-Pan,Lowland,Pineapple,284.83,61.71,186.28,4.77,30.61,902.79,0.68
Qua'an-Pan,Lowland,Pineapple,217.81,46.56,109.66,6.3,28.42,653.49,1.0
Qua'an-Pan,Lowland,Pineapple,302.55,66.14,123.19,6.43,28.26,806.57,0.36
Qua'an-Pan,Lowland,Pineapple,185.33,60.57,82.5,3.67,24.03,1250.0,0.46
Qua'an-Pan,Lowland,Pineapple,301.95,64.0,182.52,5.55,32.11,706.48,0.8
Qua'an-Pan,Lowland,Pineapple,231.78,55.65,82.5,5.46,25.27,761.76,0.79
Qua'an-Pan,Lowland,Pineapple,198.4,45.46,82.5,4.64,29.09,842.04,0.67
Qua'an-Pan,Lowland,Pineapple,329.68,58.3,187.69,5.6,30.01,679.59,0.83
Qua'an-Pan,Lowland,Pineapple,294.1,40.65,211.52,7.87,27.26,530.9,0.57
Qua'an-Pan,Lowland,Pineapple,176.26,67.3,82.5,5.21,22.43,914.13,0.19
Qua'an-Pan,Lowland,Pineapple,338.28,67.77,275.0,6.58,24.22,860.39,0.41
Qua'an-Pan,Lowland,Pineapple,258.3,65.75,184.01,5.46,29.86,585.88,1.25
Qua'an-Pan,Lowland,Pineapple,238.21,62.05,193.64,3.38,27.08,707.64,1.02
Qua'an-Pan,Lowland,Pineapple,262.12,38.07,89.2,4.62,25.42,999.74,0.62
Qua'an-Pan,Lowland,Pineapple,228.64,67.52,96.86,5.78,26.83,956.56,0.38
Qua'an-Pan,Lowland,Pineapple,283.01,60.65,184.86,7.37,24.42,969.3,0.08
Qua'an-Pan,Lowland,Pineapple,239.57,75.81,103.95,6.35,25.65,779.0,0.18
Qua'an-Pan,Lowland,Pineapple,272.97,81.25,202.33,5.09,25.12,641.69,1.05
Qua'an-Pan,Lowland,Pineapple,300.94,60.12,204.6,7.26,26.4,552.28,0.73
Qua'an-Pan,Lowland,Pineapple,274.65,50.18,82.5,4.17,26.62,821.09,1.06
Qua'an-Pan,Lowland,Pineapple,286.36,66.41,93.61,5.88,28.8,590.96,1.07
Qua'an-Pan,Lowland,Pineapple,335.43,55.06,132.69,4.71,26.37,783.7,0.68
Qua'an-Pan,Lowland,Pineapple,234.95,63.27,82.5,6.42,28.58,807.88,0.34
Qua'an-Pan,Lowland,Pineapple,320.99,59.6,266.44,4.26,28.92,694.18,1.25
Qua'an-Pan,Lowland,Pineapple,318.18,76.47,189.02,5.19,24.0,935.16,0.63
Qua'an-Pan,Lowland,Pineapple,334.96,80.59,239.78,7.87,26.64,550.68,0.76
Qua'an-Pan,Lowland,Pineapple,305.44,72.86,151.96,6.32,26.54,531.42,0.76
Qua'an-Pan,Lowland,Pineapple,347.55,81.25,275.0,6.59,26.99,586.6,0.93
Qua'an-Pan,Lowland,Pineapple,320.59,63.43,190.85,5.45,26.38,699.82,0.51
Qua'an-Pan,Lowland,Pineapple,231.31,58.17,138.47,5.45,26.74,877.67,0.68
Qua'an-Pan,Lowland,Pineapple,205.97,44.89,103.49,4.92,23.34,992.33,0.74
Qua'an-Pan,Lowland,Pineapple,254.76,43.91,82.5,4.59,25.54,1095.45,0.41
Qua'an-Pan,Lowland,Pineapple,341.15,61.29,183.06,4.04,28.78,1029.8,0.3
Qua'an-Pan,Lowland,Pineapple,241.23,54.9,118.73,6.29,22.5,853.23,0.1
Qua'an-Pan,Lowland,Pineapple,231.06,41.37,82.5,5.93,23.52,996.44,0.17
Qua'an-Pan,Lowland,Pineapple,256.19,64.25,82.5,6.02,21.98,954.91,0.14
Qua'an-Pan,Lowland,Pineapple,278.21,54.41,82.5,5.66,25.98,800.5,0.79
Qua'an-Pan,Lowland,Pineapple,322.25,81.25,227.81,7.56,27.74,525.0,1.25
Qua'an-Pan,Lowland,Pineapple,276.37,60.92,181.62,4.49,26.81,1027.98,0.44
Qua'an-Pan,Lowland,Pineapple,303.01,73.47,146.06,7.23,25.87,548.8,0.71
Qua'an-Pan,Lowland,Pineapple,293.79,67.57,159.06,5.38,26.81,894.06,0.43
Qua'an-Pan,Lowland,Pineapple,304.1,70.44,275.0,5.98,27.44,728.68,0.73
Qua'an-Pan,Lowland,Pineapple,239.54,68.93,121.91,5.7,29.15,827.84,0.58
Qua'an-Pan,Lowland,Pineapple,305.71,66.24,271.27,6.82,26.08,623.3,0.6
Qua'an-Pan,Lowland,Pineapple,267.07,56.79,201.25,6.22,31.76,587.48,1.1
Qua'an-Pan,Lowland,Onion,45.6,38.04,33.75,7.5,21.22,367.41,0.34
Qua'an-Pan,Lowland,Onion,80.58,40.75,70.3,6.05,23.09,262.5,2.02
Qua'an-Pan,Lowland,Onion,80.24,30.51,46.62,7.09,18.14,562.25,0.3
Qua'an-Pan,Lowland,Onion,84.24,40.76,88.82,6.06,14.95,448.67,1.17
Qua'an-Pan,Lowland,Onion,85.75,50.82,96.22,6.69,15.14,461.64,0.49
Qua'an-Pan,Lowland,Onion,82.67,18.75,33.75,6.39,21.91,311.83,1.11
Qua'an-Pan,Lowland,Onion,117.59,56.25,78.95,6.51,20.51,523.98,0.41
Qua'an-Pan,Lowland,Onion,120.54,56.25,70.14,6.25,20.11,288.01,1.52
Qua'an-Pan,Lowland,Onion,120.68,44.44,62.83,6.46,22.58,266.57,1.33
Qua'an-Pan,Lowland,Onion,84.47,47.22,67.11,6.43,22.33,428.91,1.59
Qua'an-Pan,Lowland,Onion,73.58,46.63,96.75,7.18,21.16,275.28,0.69
Qua'an-Pan,Lowland,Onion,91.95,56.25,71.56,7.1,25.0,272.0,1.37
Qua'an-Pan,Lowland,Onion,122.42,37.92,100.0,7.36,23.93,262.5,2.05
Qua'an-Pan,Lowland,Onion,98.43,38.66,67.99,8.75,11.82,262.5,0.57
Qua'an-Pan,Lowland,Onion,95.04,46.17,69.79,6.33,22.35,316.12,1.06
Qua'an-Pan,Lowland,Onion,94.13,47.12,90.36,6.96,16.22,438.22,0.64
Qua'an-Pan,Lowland,Onion,98.86,22.27,57.04,6.64,21.97,263.44,1.7
Qua'an-Pan,Lowland,Onion,115.96,45.89,66.85,6.35,19.39,502.06,0.97
Qua'an-Pan,Lowland,Onion,113.81,32.81,49.1,6.91,18.42,335.87,0.7
Qua'an-Pan,Lowland,Onion,90.77,42.57,34.91,7.13,20.57,459.93,0.3
Qua'an-Pan,Lowland,Onion,111.24,45.13,65.93,7.03,18.68,466.8,0.45
Qua'an-Pan,Lowland,Onion,106.33,38.04,100.0,7.77,20.94,262.5,2.25
Qua'an-Pan,Lowland,Onion,77.73,38.45,38.28,7.5,18.66,262.5,0.52
Qua'an-Pan,Lowland,Onion,107.14,34.3,98.43,6.62,21.69,279.87,1.4
Qua'an-Pan,Lowland,Onion,85.98,45.46,100.0,6.38,25.0,262.5,2.25
Qua'an-Pan,Lowland,Onion,67.22,29.81,65.98,6.85,20.15,360.44,1.51
Qua'an-Pan,Lowland,Onion,73.7,48.24,87.03,6.25,20.13,435.17,0.74
Qua'an-Pan,Lowland,Onion,63.43,28.38,33.75,6.47,19.41,628.71,0.31
Qua'an-Pan,Lowland,Onion,125.0,50.66,84.55,6.79,25.0,381.94,0.97
Qua'an-Pan,Lowland,Onion,68.33,29.71,75.25,5.43,23.22,569.26,1.34
Qua'an-Pan,Lowland,Onion,58.96,49.21,70.14,5.94,22.3,337.34,1.24
Qua'an-Pan,Lowland,Onion,125.0,40.3,84.67,7.94,24.27,262.5,1.98
Qua'an-Pan,Lowland,Onion,120.75,44.99,83.9,6.76,23.5,262.5,1.1
Qua'an-Pan,Lowland,Onion,85.5,40.81,82.32,7.17,19.93,272.68,1.12
Qua'an-Pan,Lowland,Onion,115.92,44.98,71.33,6.99,22.93,262.5,1.7
Qua'an-Pan,Lowland,Onion,84.6,36.98,69.56,7.98,19.33,262.5,0.71
Qua'an-Pan,Lowland,Onion,125.0,56.25,60.3,6.44,22.08,317.48,1.06
Qua'an-Pan,Lowland,Onion,92.88,42.8,74.09,7.57,22.42,303.46,0.79
Qua'an-Pan,Lowland,Onion,95.29,31.67,62.29,5.33,22.49,554.44,1.73
Qua'an-Pan,Lowland,Onion,125.0,35.96,51.77,6.15,17.51,541.03,0.79
Qua'an-Pan,Lowland,Onion,71.19,49.33,91.31,6.21,19.82,489.99,0.98
Qua'an-Pan,Lowland,Onion,125.0,56.25,91.63,6.57,16.73,495.14,0.74
Qua'an-Pan,Lowland,Onion,89.63,32.64,43.96,6.58,21.98,262.5,1.44
Qua'an-Pan,Lowland,Onion,71.22,39.67,33.75,7.24,19.16,447.17,0.48
Qua'an-Pan,Lowland,Onion,125.0,54.05,100.0,7.21,20.48,405.48,0.72
Qua'an-Pan,Lowland,Onion,98.47,32.27,85.59,6.94,15.76,379.54,0.56
Qua'an-Pan,Lowland,Onion,105.94,36.1,78.19,5.79,25.0,407.78,1.92
Qua'an-Pan,Lowland,Onion,100.94,56.25,74.34,7.07,16.54,302.3,1.02
Qua'an-Pan,Lowland,Onion,121.19,48.91,76.33,7.51,17.17,462.4,0.3
Qua'an-Pan,Lowland,Onion,97.93,49.26,61.68,6.73,23.05,279.13,1.1
Pankshin,Highland,Irish-potato,60.0,39.04,185.98,4.63,14.83,747.38,0.22
Pankshin,Highland,Irish-potato,60.0,51.71,90.0,4.44,10.65,613.68,0.22
Pankshin,Highland,Irish-potato,111.73,59.86,225.0,4.78,13.14,405.34,0.57
Pankshin,Highland,Irish-potato,118.96,74.38,192.95,4.75,13.38,712.65,0.22
Pankshin,Highland,Irish-potato,90.98,39.92,95.94,3.77,14.77,750.0,0.37
Pankshin,Highland,Irish-potato,120.29,42.89,178.35,4.29,7.5,750.0,0.26
Pankshin,Highland,Irish-potato,60.0,65.13,164.67,4.58,7.5,750.0,0.22
Pankshin,Highland,Irish-potato,85.06,45.49,124.89,4.74,7.5,675.88,0.22
Pankshin,Highland,Irish-potato,95.67,45.04,101.53,5.72,9.09,461.66,0.77
Pankshin,Highland,Irish-potato,98.27,73.69,90.0,4.13,12.0,750.0,0.33
Pankshin,Highland,Irish-potato,113.09,45.3,103.13,5.21,12.34,413.67,0.33
Pankshin,Highland,Irish-potato,60.0,46.23,90.76,4.44,17.63,750.0,0.92
Pankshin,Highland,Irish-potato,109.67,75.0,137.07,4.12,12.48,375.89,1.21
Pankshin,Highland,Irish-potato,119.14,57.1,181.3,3.0,7.5,750.0,0.22
Pankshin,Highland,Irish-potato,131.51,58.47,225.0,3.53,9.05,648.32,1.06
Pankshin,Highland,Irish-potato,79.13,32.5,195.21,4.5,7.5,629.11,0.45
Pankshin,Highland,Irish-potato,88.09,30.0,90.0,4.75,16.35,436.81,1.07
Pankshin,Highland,Irish-potato,60.0,30.42,157.88,4.86,9.09,713.42,0.58
Pankshin,Highland,Irish-potato,71.89,36.34,123.09,3.28,13.75,750.0,0.22
Pankshin,Highland,Irish-potato,144.08,68.51,194.01,4.19,11.2,750.0,0.25
Pankshin,Highland,Irish-potato,150.0,60.89,225.0,4.42,13.79,750.0,0.74
Pankshin,Highland,Irish-potato,141.79,60.73,199.64,4.15,15.71,440.13,0.87
Pankshin,Highland,Irish-potato,66.43,36.16,90.0,3.84,7.5,750.0,0.22
Pankshin,Highland,Irish-potato,60.0,35.22,90.0,3.99,10.79,669.16,0.22
Pankshin,Highland,Irish-potato,60.0,45.91,90.0,3.56,16.47,750.0,1.07
Pankshin,Highland,Irish-potato,60.0,61.07,144.69,3.29,8.64,682.95,0.3
Pankshin,Highland,Irish-potato,91.2,67.7,90.0,3.56,14.74,750.0,0.61
Pankshin,Highland,Irish-potato,60.0,52.71,90.0,4.55,7.5,750.0,0.22
Pankshin,Highland,Irish-potato,69.22,46.41,90.0,4.56,14.38,543.81,0.84
Pankshin,Highland,Irish-potato,85.98,50.72,174.71,3.43,18.85,615.99,0.92
Pankshin,Highland,Irish-potato,66.55,75.0,225.0,3.18,15.06,404.7,1.54
Pankshin,Highland,Irish-potato,73.71,48.2,120.42,3.28,15.8,629.48,1.88
Pankshin,Highland,Irish-potato,101.19,74.91,217.35,5.75,11.73,310.0,1.3
Pankshin,Highland,Irish-potato,98.4,32.39,108.35,4.21,12.74,750.0,0.35
Pankshin,Highland,Irish-potato,60.0,49.28,144.74,4.2,11.45,749.4,1.04
Pankshin,Highland,Irish-potato,128.72,30.0,119.27,4.47,15.0,355.86,1.52
Pankshin,Highland,Irish-potato,84.17,75.0,139.97,4.1,9.16,635.2,0.41
Pankshin,Highland,Irish-potato,71.93,30.0,159.7,3.61,12.74,750.0,0.29
Pankshin,Highland,Irish-potato,60.0,46.35,138.45,3.91,13.28,745.57,0.7
Pankshin,Highland,Irish-potato,141.22,60.35,215.51,4.08,7.5,681.31,0.9
Pankshin,Highland,Irish-potato,64.0,43.65,90.0,3.83,7.5,676.08,0.71
Pankshin,Highland,Irish-potato,122.7,61.26,219.88,4.77,14.99,382.4,1.6
Pankshin,Highland,Irish-potato,90.68,65.36,193.55,4.07,12.2,726.62,0.31
Pankshin,Highland,Irish-potato,66.6,75.0,169.63,4.21,7.5,381.03,0.77
Pankshin,Highland,Irish-potato,150.0,36.62,183.82,3.55,11.13,608.98,1.2
Pankshin,Highland,Irish-potato,99.78,64.38,178.36,4.76,13.95,368.05,0.95
Pankshin,Highland,Irish-potato,75.56,71.29,203.74,5.89,8.42,613.47,0.22
Pankshin,Highland,Irish-potato,60.0,37.99,172.76,4.24,10.97,750.0,0.22
Pankshin,Highland,Irish-potato,60.0,59.05,102.65,3.77,11.59,750.0,0.42
Pankshin,Highland,Irish-potato,130.13,46.04,102.92,4.49,12.75,505.09,0.71
Pankshin,Highland,Tomato,107.93,86.53,207.46,6.11,18.89,741.09,0.38
Pankshin,Highland,Tomato,103.09,53.14,177.74,3.75,22.2,589.43,1.3
Pankshin,Highland,Tomato,84.3,59.14,176.75,7.78,13.5,647.09,0.38
Pankshin,Highland,Tomato,160.09,137.5,247.05,7.27,25.44,316.86,2.49
Pankshin,Highland,Tomato,187.34,103.25,242.62,8.11,20.65,393.88,1.78
Pankshin,Highland,Tomato,75.0,57.61,155.24,4.55,17.52,750.0,1.25
Pankshin,Highland,Tomato,146.27,110.74,215.52,3.75,14.07,709.66,0.71
Pankshin,Highland,Tomato,87.44,61.23,234.79,7.81,13.5,597.38,0.38
Pankshin,Highland,Tomato,78.41,101.18,183.71,5.53,16.91,673.92,0.38
Pankshin,Highland,Tomato,85.23,66.63,137.71,5.03,13.5,733.52,0.82
Pankshin,Highland,Tomato,94.46,76.75,136.32,5.05,24.22,558.14,1.08
Pankshin,Highland,Tomato,129.69,48.75,246.98,4.07,13.94,529.1,1.36
Pankshin,Highland,Tomato,98.56,103.87,258.29,6.28,13.5,615.19,0.83
Pankshin,Highland,Tomato,75.0,48.75,120.0,6.61,14.49,655.61,0.6
Pankshin,Highland,Tomato,80.1,85.49,209.9,5.89,13.5,639.73,0.67
Pankshin,Highland,Tomato,124.74,137.5,226.26,5.86,20.55,513.55,1.15
Pankshin,Highland,Tomato,122.63,83.13,170.43,5.94,22.62,577.43,1.54
Pankshin,Highland,Tomato,100.17,134.47,241.65,3.75,16.46,712.58,0.99
Pankshin,Highland,Tomato,75.0,68.59,187.82,6.72,17.74,497.22,0.65
Pankshin,Highland,Tomato,93.26,87.91,164.42,5.39,16.25,684.47,0.72
Pankshin,Highland,Tomato,91.09,76.08,218.73,6.77,22.43,542.39,0.85
Pankshin,Highland,Tomato,87.75,63.46,161.8,4.96,16.45,619.82,0.65
Pankshin,Highland,Tomato,75.0,116.39,178.1,3.75,17.57,615.57,1.56
Pankshin,Highland,Tomato,125.54,72.86,181.51,5.11,24.35,513.27,2.02
Pankshin,Highland,Tomato,131.64,86.81,168.64,4.59,23.05,582.33,1.57
Pankshin,Highland,Tomato,115.93,63.69,190.64,6.48,18.93,607.78,0.38
Pankshin,Highland,Tomato,83.84,96.47,132.21,5.94,13.5,614.27,0.88
Pankshin,Highland,Tomato,129.58,75.94,162.03,4.94,14.62,579.79,1.05
Pankshin,Highland,Tomato,117.96,105.71,175.79,4.51,14.91,532.32,1.1
Pankshin,Highland,Tomato,111.09,106.98,206.71,5.88,14.1,503.66,1.02
Pankshin,Highland,Tomato,111.53,137.5,266.62,7.28,15.66,440.9,2.15
Pankshin,Highland,Tomato,103.05,57.06,175.96,5.78,13.5,750.0,0.38
Pankshin,Highland,Tomato,123.41,75.04,169.2,8.05,24.26,524.6,0.69
Pankshin,Highland,Tomato,155.43,102.82,289.44,6.33,19.3,515.21,0.94
Pankshin,Highland,Tomato,121.47,83.21,264.7,5.42,17.36,563.89,0.68
Pankshin,Highland,Tomato,162.82,90.86,288.11,5.9,23.75,591.4,1.22
Pankshin,Highland,Tomato,75.0,105.11,208.73,3.75,16.29,748.06,1.46
Pankshin,Highland,Tomato,88.25,96.69,181.0,5.5,15.39,595.62,0.8
Pankshin,Highland,Tomato,95.69,98.69,141.2,6.66,16.16,479.59,0.39
Pankshin,Highland,Tomato,121.96,137.5,276.47,7.65,23.56,522.45,0.38
Pankshin,Highland,Tomato,75.0,93.29,222.62,6.29,16.92,583.62,0.69
Pankshin,Highland,Tomato,140.55,102.08,181.19,5.66,21.04,496.98,1.27
Pankshin,Highland,Tomato,109.21,84.18,209.83,6.03,22.37,602.66,0.38
Pankshin,Highland,Tomato,125.48,126.64,264.48,6.12,17.96,420.94,0.42
Pankshin,Highland,Tomato,75.0,51.1,161.81,4.68,21.52,670.71,0.52
Pankshin,Highland,Tomato,114.82,106.12,232.93,6.75,25.17,393.47,1.57
Pankshin,Highland,Tomato,104.72,55.02,193.02,5.08,23.31,593.04,1.96
Pankshin,Highland,Tomato,108.17,60.58,202.41,5.82,23.59,656.61,0.57
Pankshin,Highland,Tomato,75.0,64.65,174.35,5.57,19.71,741.13,0.78
Pankshin,Highland,Tomato,118.89,73.59,129.16,6.15,22.48,431.68,0.81
Pankshin,Highland,Groundnut,7.5,25.11,18.75,6.1,24.25,638.54,0.28
Pankshin,Highland,Groundnut,7.5,35.15,30.21,5.76,23.84,769.27,0.45
Pankshin,Highland,Groundnut,7.5,38.1,25.05,5.53,21.57,656.97,0.49
Pankshin,Highland,Groundnut,7.5,38.83,42.43,5.64,17.41,718.93,0.62
Pankshin,Highland,Groundnut,7.5,34.87,27.47,6.74,29.73,521.49,0.7
Pankshin,Highland,Groundnut,7.5,50.0,34.39,5.66,17.98,763.45,0.57
Pankshin,Highland,Groundnut,7.5,50.0,36.3,6.09,17.51,607.6,0.7
Pankshin,Highland,Groundnut,7.5,32.42,26.59,4.99,24.33,744.55,0.87
Pankshin,Highland,Groundnut,7.5,44.58,25.77,5.48,25.12,855.09,0.67
Pankshin,Highland,Groundnut,7.5,50.0,34.14,5.85,20.65,602.17,0.74
Pankshin,Highland,Groundnut,7.5,18.3,27.32,5.7,21.12,875.0,0.39
Pankshin,Highland,Groundnut,7.5,42.13,27.58,5.67,16.5,754.36,0.61
Pankshin,Highland,Groundnut,7.5,24.87,18.75,6.39,23.58,706.74,0.41
Pankshin,Highland,Groundnut,7.5,26.31,45.33,5.52,17.16,843.79,0.48
Pankshin,Highland,Groundnut,7.5,47.33,28.64,5.98,16.5,667.81,0.28
Pankshin,Highland,Groundnut,7.5,28.85,28.23,6.77,21.83,628.81,0.81
Pankshin,Highland,Groundnut,7.5,14.3,27.86,7.17,21.0,705.45,0.49
Pankshin,Highland,Groundnut,7.5,25.91,33.63,5.49,20.02,850.68,0.46
Pankshin,Highland,Groundnut,7.5,11.25,18.75,5.48,17.49,758.27,1.31
Pankshin,Highland,Groundnut,7.5,21.7,42.9,5.28,24.61,569.13,1.06
Pankshin,Highland,Groundnut,7.5,33.62,45.43,6.13,30.1,503.56,0.59
Pankshin,Highland,Groundnut,7.5,11.25,19.66,6.15,23.03,661.91,0.68
Pankshin,Highland,Groundnut,7.5,16.69,48.47,6.07,24.83,540.65,0.97
Pankshin,Highland,Groundnut,7.5,45.47,31.13,6.69,25.19,536.62,0.77
Pankshin,Highland,Groundnut,7.5,35.53,18.75,5.55,29.19,639.58,0.75
Pankshin,Highland,Groundnut,7.5,37.35,29.63,5.64,19.22,663.26,0.39
Pankshin,Highland,Groundnut,9.36,50.0,43.53,6.53,20.51,567.13,0.52
Pankshin,Highland,Groundnut,7.5,28.7,23.33,5.76,22.08,619.53,0.67
Pankshin,Highland,Groundnut,7.5,11.25,18.75,5.7,24.38,780.47,0.7
Pankshin,Highland,Groundnut,7.5,40.36,26.2,5.51,19.88,723.14,0.59
Pankshin,Highland,Groundnut,7.5,18.38,31.12,6.04,24.4,787.39,0.44
Pankshin,Highland,Groundnut,7.5,44.92,21.39,6.62,23.86,735.12,0.15
Pankshin,Highland,Groundnut,7.5,26.88,32.46,6.33,23.98,647.99,0.66
Pankshin,Highland,Groundnut,7.5,11.25,34.68,5.8,23.42,618.06,0.94
Pankshin,Highland,Groundnut,7.5,25.65,32.38,5.68,20.72,833.09,0.69
Pankshin,Highland,Groundnut,7.5,20.27,30.93,7.02,22.95,579.51,0.18
Pankshin,Highland,Groundnut,7.5,11.25,21.14,4.9,21.72,857.09,0.65
Pankshin,Highland,Groundnut,7.5,11.25,25.95,4.97,26.79,726.64,1.0
Pankshin,Highland,Groundnut,7.5,50.0,38.62,6.19,23.83,672.58,0.72
Pankshin,Highland,Groundnut,7.5,19.83,34.58,6.66,16.5,724.08,0.48
Pankshin,Highland,Groundnut,7.5,29.38,18.75,6.28,22.66,671.61,0.45
Pankshin,Highland,Groundnut,7.5,12.96,21.79,5.93,16.5,738.95,0.47
Pankshin,Highland,Groundnut,7.5,50.0,35.74,6.3,24.69,524.11,0.74
Pankshin,Highland,Groundnut,7.5,20.07,28.61,5.37,21.31,831.48,0.43
Pankshin,Highland,Groundnut,7.5,27.41,26.63,7.07,23.58,624.24,0.15
Pankshin,Highland,Groundnut,7.5,27.64,26.76,6.48,23.33,792.7,0.15
Pankshin,Highland,Groundnut,7.5,41.27,31.49,6.18,22.19,644.01,1.0
Pankshin,Highland,Groundnut,7.5,23.28,31.24,6.34,24.4,659.96,0.59
Pankshin,Highland,Groundnut,7.5,29.06,28.18,5.35,17.96,875.0,0.45
Pankshin,Highland,Groundnut,9.91,50.0,41.69,8.15,28.98,418.36,0.41
Pankshin,Highland,Pepper,145.89,56.71,105.41,6.25,17.83,1118.74,0.82
Pankshin,Highland,Pepper,162.44,55.47,122.56,5.95,26.1,450.0,1.8
Pankshin,Highland,Pepper,106.05,36.9,41.25,6.51,18.32,1041.39,0.45
Pankshin,Highland,Pepper,114.81,50.38,41.25,4.27,15.42,1345.11,1.74
Pankshin,Highland,Pepper,101.42,20.86,105.53,4.84,22.11,1129.99,1.0
Pankshin,Highland,Pepper,75.0,18.75,66.99,7.79,22.58,576.33,0.92
Pankshin,Highland,Pepper,89.66,53.96,62.12,4.63,19.48,800.69,2.39
Pankshin,Highland,Pepper,75.0,27.48,52.48,5.73,25.5,1002.0,1.82
Pankshin,Highland,Pepper,75.0,41.86,56.57,6.67,16.19,706.55,1.17
Pankshin,Highland,Pepper,123.56,33.9,63.8,6.63,30.07,914.44,1.38
Pankshin,Highland,Pepper,123.68,56.36,107.35,5.48,29.17,975.77,1.26
Pankshin,Highland,Pepper,131.23,18.75,72.74,5.39,28.95,658.58,2.5
Pankshin,Highland,Pepper,109.51,36.04,82.8,6.03,13.5,729.48,1.5
Pankshin,Highland,Pepper,176.5,32.39,100.92,6.52,27.48,863.54,1.17
Pankshin,Highland,Pepper,148.26,62.5,95.16,5.26,25.26,652.78,1.42
Pankshin,Highland,Pepper,157.91,47.09,72.92,5.97,24.19,450.0,1.09
Pankshin,Highland,Pepper,93.56,20.83,73.7,4.64,24.57,1212.13,1.9
Pankshin,Highland,Pepper,119.02,22.63,77.61,6.55,25.64,897.44,1.48
Pankshin,Highland,Pepper,96.8,35.81,41.25,7.13,17.62,798.04,0.76
Pankshin,Highland,Pepper,86.48,55.43,75.34,7.15,16.51,1100.22,0.45
Pankshin,Highland,Pepper,116.07,18.75,41.25,5.24,21.87,1381.24,1.05
Pankshin,Highland,Pepper,156.89,62.5,102.39,6.26,20.94,450.0,0.73
Pankshin,Highland,Pepper,84.21,35.03,53.95,5.28,16.13,1177.4,1.29
Pankshin,Highland,Pepper,118.88,43.43,45.44,6.82,13.5,711.94,0.6
Pankshin,Highland,Pepper,96.59,46.91,108.61,6.06,25.69,770.14,1.89
Pankshin,Highland,Pepper,212.5,43.32,58.16,5.31,21.85,1272.21,1.27
Pankshin,Highland,Pepper,106.74,43.67,84.77,7.02,23.93,772.13,0.74
Pankshin,Highland,Pepper,96.32,26.75,44.04,4.53,21.6,1246.17,1.05
Pankshin,Highland,Pepper,169.74,32.0,67.99,5.28,18.45,684.46,1.58
Pankshin,Highland,Pepper,122.95,37.01,53.13,5.4,20.91,1157.17,1.65
Pankshin,Highland,Pepper,110.1,62.5,95.19,5.73,18.85,771.99,1.48
Pankshin,Highland,Pepper,128.92,30.39,125.0,5.81,27.7,450.0,2.5
Pankshin,Highland,Pepper,167.84,56.92,83.58,6.11,19.91,684.87,0.46
Pankshin,Highland,Pepper,118.69,49.81,91.4,5.96,19.38,450.0,2.05
Pankshin,Highland,Pepper,87.16,33.71,95.67,5.07,17.28,895.51,0.81
Pankshin,Highland,Pepper,156.72,38.2,86.4,6.56,13.5,737.31,0.64
Pankshin,Highland,Pepper,103.71,26.35,41.25,5.68,23.9,1460.29,0.45
Pankshin,Highland,Pepper,78.14,18.75,41.25,5.79,13.6,1274.32,0.45
Pankshin,Highland,Pepper,92.37,26.67,59.34,4.85,16.74,1346.72,1.9
Pankshin,Highland,Pepper,80.0,35.16,45.02,6.88,15.23,1230.29,0.45
Pankshin,Highland,Pepper,107.24,32.69,92.72,7.52,21.69,571.99,0.83
Pankshin,Highland,Pepper,85.22,28.11,62.72,6.2,25.62,804.97,1.04
Pankshin,Highland,Pepper,75.0,18.75,62.18,5.71,29.74,1347.99,0.47
Pankshin,Highland,Pepper,190.76,52.9,91.85,6.0,19.14,514.03,1.85
Pankshin,Highland,Pepper,103.9,23.51,95.96,6.02,21.43,1274.53,0.6
Pankshin,Highland,Pepper,141.65,37.34,75.38,6.65,25.39,679.42,1.7
Pankshin,Highland,Pepper,75.0,18.75,41.25,4.81,26.8,1210.69,1.68
Pankshin,Highland,Pepper,120.64,29.86,52.52,5.22,25.04,815.83,1.64
Pankshin,Highland,Pepper,123.98,28.73,80.44,4.12,24.28,1107.48,1.7
Pankshin,Highland,Pepper,109.29,36.84,56.8,5.69,20.93,797.97,1.41
Pankshin,Highland,Cabbage,75.0,56.6,82.65,5.7,7.5,625.0,0.15
Pankshin,Highland,Cabbage,119.91,55.41,102.5,6.57,7.5,566.18,0.15
Pankshin,Highland,Cabbage,118.45,56.77,97.99,5.88,7.5,596.46,0.15
Pankshin,Highland,Cabbage,80.66,60.68,111.07,6.97,12.56,516.49,0.65
Pankshin,Highland,Cabbage,85.66,60.76,100.26,5.86,11.05,497.35,0.79
Pankshin,Highland,Cabbage,75.0,58.22,81.24,5.96,16.07,619.82,0.3
Pankshin,Highland,Cabbage,160.89,63.93,126.02,5.23,13.49,585.72,1.02
Pankshin,Highland,Cabbage,107.07,38.11,93.51,6.14,11.76,625.0,0.15
Pankshin,Highland,Cabbage,96.0,59.89,95.54,7.37,10.78,513.83,0.3
Pankshin,Highland,Cabbage,104.62,65.13,115.06,5.9,30.0,505.03,0.99
Pankshin,Highland,Cabbage,75.0,46.12,109.29,5.46,17.91,502.66,0.97
Pankshin,Highland,Cabbage,79.93,65.91,94.92,6.23,11.95,484.8,0.9
Pankshin,Highland,Cabbage,187.5,81.25,128.22,7.61,19.21,502.76,0.15
Pankshin,Highland,Cabbage,117.45,44.47,91.15,6.75,7.93,548.9,0.15
Pankshin,Highland,Cabbage,121.64,57.11,121.59,6.26,20.63,427.91,1.29
Pankshin,Highland,Cabbage,93.05,57.14,116.8,4.55,14.06,625.0,0.7
Pankshin,Highland,Cabbage,124.63,63.12,104.64,5.23,18.2,501.98,1.03
Pankshin,Highland,Cabbage,78.09,58.3,126.98,5.39,22.37,541.18,0.76
Pankshin,Highland,Cabbage,75.0,50.54,84.09,6.28,16.05,584.42,0.69
Pankshin,Highland,Cabbage,140.54,70.73,110.38,6.84,16.65,494.59,0.18
Pankshin,Highland,Cabbage,103.01,53.17,93.66,6.17,18.53,533.16,0.75
Pankshin,Highland,Cabbage,88.26,67.41,108.54,5.35,14.1,625.0,0.7
Pankshin,Highland,Cabbage,110.6,53.16,87.26,5.9,7.5,579.98,0.25
Pankshin,Highland,Cabbage,90.47,53.69,97.89,4.83,13.59,579.91,1.47
Pankshin,Highland,Cabbage,101.23,51.0,90.82,5.92,15.18,589.85,0.44
Pankshin,Highland,Cabbage,120.02,53.17,128.13,7.45,29.78,317.98,0.97
Pankshin,Highland,Cabbage,100.41,55.2,105.26,6.04,26.5,465.47,0.66
Pankshin,Highland,Cabbage,87.44,51.22,94.55,5.04,10.43,586.96,0.87
Pankshin,Highland,Cabbage,130.03,55.2,131.05,6.14,7.5,553.44,0.4
Pankshin,Highland,Cabbage,123.16,61.9,110.38,6.75,7.5,512.75,0.39
Pankshin,Highland,Cabbage,97.93,59.02,98.42,6.04,25.57,448.99,0.75
Pankshin,Highland,Cabbage,80.94,57.77,89.11,5.73,21.38,518.78,0.91
Pankshin,Highland,Cabbage,99.48,56.9,112.33,8.17,30.0,375.56,0.36
Pankshin,Highland,Cabbage,146.39,48.28,138.77,5.29,27.58,566.96,0.96
Pankshin,Highland,Cabbage,122.57,64.72,122.46,6.51,17.5,394.52,0.97
Pankshin,Highland,Cabbage,89.63,67.89,137.05,6.33,7.5,450.2,0.68
Pankshin,Highland,Cabbage,131.53,75.46,123.33,6.34,12.91,444.98,1.22
Pankshin,Highland,Cabbage,77.33,56.76,132.21,5.88,22.92,509.07,0.85
Pankshin,Highland,Cabbage,122.0,59.31,102.0,5.61,9.86,625.0,0.15
Pankshin,Highland,Cabbage,107.77,52.5,106.4,5.5,9.87,538.93,0.61
Pankshin,Highland,Cabbage,133.59,64.61,107.23,5.47,25.49,605.21,0.59
Pankshin,Highland,Cabbage,75.0,58.59,109.22,5.97,12.02,482.43,0.81
Pankshin,Highland,Cabbage,75.0,60.58,130.93,5.11,11.29,620.59,0.15
Pankshin,Highland,Cabbage,75.0,37.5,93.49,5.08,7.5,625.0,0.61
Pankshin,Highland,Cabbage,104.31,65.85,115.9,6.64,13.17,549.89,0.15
Pankshin,Highland,Cabbage,110.88,61.22,114.58,5.15,21.99,421.74,1.62
Pankshin,Highland,Cabbage,102.74,71.65,119.74,6.06,19.56,452.66,0.78
Pankshin,Highland,Cabbage,75.95,53.03,75.94,5.47,7.5,603.52,0.4
Pankshin,Highland,Cabbage,75.0,52.78,94.89,6.7,25.18,480.74,0.39
Pankshin,Highland,Cabbage,133.3,76.45,117.49,5.82,11.37,535.1,0.85
Pankshin,Highland,Maize,172.42,80.53,107.86,5.39,18.12,683.12,1.09
Pankshin,Highland,Maize,144.32,73.8,88.32,6.19,16.65,547.86,1.36
Pankshin,Highland,Maize,165.42,72.27,57.98,6.09,16.82,526.95,2.19
Pankshin,Highland,Maize,152.36,51.25,45.0,6.23,23.22,802.31,0.85
Pankshin,Highland,Maize,168.66,100.0,58.73,5.91,15.71,524.41,1.11
Pankshin,Highland,Maize,166.61,47.89,52.71,4.84,26.64,844.86,1.31
Pankshin,Highland,Maize,194.06,55.1,57.25,7.05,24.27,765.28,0.36
Pankshin,Highland,Maize,160.44,48.85,48.74,5.39,16.4,825.38,0.3
Pankshin,Highland,Maize,128.76,48.29,61.0,7.05,23.2,714.12,0.55
Pankshin,Highland,Maize,164.19,82.86,84.27,6.62,15.24,805.17,0.96
Pankshin,Highland,Maize,129.91,90.38,80.38,6.44,25.06,1000.0,0.57
Pankshin,Highland,Maize,117.34,78.39,102.62,5.83,16.69,770.07,0.68
Pankshin,Highland,Maize,112.5,46.76,50.55,4.12,19.83,846.37,0.97
Pankshin,Highland,Maize,156.43,72.47,61.34,5.52,20.11,869.73,2.23
Pankshin,Highland,Maize,166.29,75.88,89.17,5.66,27.42,892.86,1.18
Pankshin,Highland,Maize,136.33,70.22,54.39,5.34,23.63,525.45,2.25
Pankshin,Highland,Maize,159.58,74.06,75.18,4.12,30.02,752.02,2.31
Pankshin,Highland,Maize,145.72,66.43,85.12,4.12,27.27,819.93,1.67
Pankshin,Highland,Maize,184.95,71.63,63.79,5.31,27.77,569.95,2.32
Pankshin,Highland,Maize,163.41,37.5,45.0,4.12,23.94,842.6,1.94
Pankshin,Highland,Maize,191.68,89.6,98.17,4.48,15.85,839.97,0.3
Pankshin,Highland,Maize,125.56,43.81,62.02,5.74,19.95,744.38,0.94
Pankshin,Highland,Maize,198.52,78.37,84.77,7.05,22.99,538.71,0.97
Pankshin,Highland,Maize,146.62,53.06,98.54,5.65,20.28,933.82,1.37
Pankshin,Highland,Maize,134.55,65.29,89.3,7.7,18.4,746.13,0.3
Pankshin,Highland,Maize,163.97,58.49,55.98,7.24,15.0,767.35,0.3
Pankshin,Highland,Maize,200.06,39.51,78.73,5.5,20.91,766.01,1.32
Pankshin,Highland,Maize,195.09,100.0,113.71,6.81,15.0,628.07,0.47
Pankshin,Highland,Maize,171.56,70.35,99.82,5.27,15.0,907.35,0.78
Pankshin,Highland,Maize,141.5,75.53,61.85,7.04,20.79,763.15,0.35
Pankshin,Highland,Maize,112.5,63.93,45.0,6.1,22.97,662.21,1.86
Pankshin,Highland,Maize,202.92,100.0,83.72,6.51,23.08,649.3,0.93
Pankshin,Highland,Maize,165.66,68.29,85.63,5.64,19.09,871.67,0.91
Pankshin,Highland,Maize,137.51,80.87,52.75,5.23,19.55,897.18,1.05
Pankshin,Highland,Maize,172.43,65.0,98.23,7.19,17.18,629.82,1.1
Pankshin,Highland,Maize,157.6,54.19,80.57,4.12,19.28,771.72,1.56
Pankshin,Highland,Maize,156.81,67.6,94.26,4.12,19.21,841.57,1.99
Pankshin,Highland,Maize,133.45,67.77,110.42,6.1,22.34,552.1,1.97
Pankshin,Highland,Maize,149.87,84.16,89.19,7.53,20.15,662.33,0.3
Pankshin,Highland,Maize,158.65,81.79,45.0,6.37,30.79,574.99,1.43
Pankshin,Highland,Maize,164.29,62.22,83.91,7.92,16.09,788.89,0.3
Pankshin,Highland,Maize,192.02,80.77,55.95,5.25,20.59,788.64,0.83
Pankshin,Highland,Maize,185.76,79.61,71.13,5.97,27.15,427.44,1.87
Pankshin,Highland,Maize,169.67,37.5,66.46,5.27,18.42,660.1,1.37
Pankshin,Highland,Maize,156.06,83.26,73.76,6.27,23.07,570.5,1.48
Pankshin,Highland,Maize,136.83,67.65,74.71,4.12,25.48,837.97,1.8
Pankshin,Highland,Maize,205.1,88.62,45.0,5.78,22.96,711.8,1.41
Pankshin,Highland,Maize,112.5,60.13,45.0,5.52,21.34,914.96,1.57
Pankshin,Highland,Maize,135.72,46.38,61.45,7.77,24.02,503.46,1.3
Pankshin,Highland,Maize,122.34,62.2,55.14,4.64,27.21,863.17,1.55
Pankshin,Highland,Wheat,123.76,49.87,43.42,7.84,17.39,538.51,1.0
Pankshin,Highland,Wheat,161.66,36.16,19.63,6.62,17.3,566.34,2.36
Pankshin,Highland,Wheat,123.29,42.05,19.45,5.22,16.89,790.06,2.33
Pankshin,Highland,Wheat,124.19,40.58,22.73,6.22,11.25,812.5,0.6
Pankshin,Highland,Wheat,105.26,37.09,41.65,7.11,12.26,559.52,2.51
Pankshin,Highland,Wheat,140.19,43.82,20.98,5.15,11.25,700.3,2.1
Pankshin,Highland,Wheat,143.7,43.27,25.47,6.89,15.39,476.99,2.66
Pankshin,Highland,Wheat,107.89,35.24,36.31,7.03,12.79,682.87,1.55
Pankshin,Highland,Wheat,126.67,47.12,46.83,5.16,14.81,636.58,1.86
Pankshin,Highland,Wheat,120.51,48.71,38.08,6.7,14.58,673.18,1.4
Pankshin,Highland,Wheat,140.3,40.0,25.27,6.3,13.67,677.88,1.07
Pankshin,Highland,Wheat,84.07,42.07,49.5,6.45,14.78,674.89,2.04
Pankshin,Highland,Wheat,121.48,46.0,43.37,5.88,15.77,561.03,1.73
Pankshin,Highland,Wheat,148.08,44.7,48.54,6.28,11.25,702.84,0.6
Pankshin,Highland,Wheat,117.9,39.35,29.76,6.48,15.75,416.87,2.56
Pankshin,Highland,Wheat,141.66,52.07,50.48,6.02,13.8,757.29,1.06
Pankshin,Highland,Wheat,129.18,49.23,39.37,6.95,11.25,658.84,0.6
Pankshin,Highland,Wheat,125.85,46.79,48.8,5.4,12.7,812.5,1.38
Pankshin,Highland,Wheat,153.7,43.94,30.91,5.21,13.51,812.5,0.6
Pankshin,Highland,Wheat,75.0,28.5,21.0,5.84,17.8,812.5,0.6
Pankshin,Highland,Wheat,104.55,39.14,31.35,5.93,18.94,568.22,2.66
Pankshin,Highland,Wheat,153.96,48.82,37.61,5.53,14.36,738.65,1.54
Pankshin,Highland,Wheat,105.25,35.49,53.79,5.78,15.66,550.99,2.33
Pankshin,Highland,Wheat,131.73,44.79,26.92,6.77,13.12,590.14,0.6
Pankshin,Highland,Wheat,141.04,48.86,40.27,7.1,12.06,585.56,1.12
Pankshin,Highland,Wheat,75.0,40.57,23.09,6.22,19.02,724.85,0.93
Pankshin,Highland,Wheat,115.39,42.79,24.61,5.45,14.31,662.96,2.19
Pankshin,Highland,Wheat,119.6,45.74,43.42,5.67,15.63,644.17,1.88
Pankshin,Highland,Wheat,75.0,44.14,19.25,7.61,17.04,489.67,2.66
Pankshin,Highland,Wheat,87.73,40.84,18.75,8.02,16.64,518.98,1.09
Pankshin,Highland,Wheat,89.03,41.25,18.75,6.21,20.1,644.48,2.02
Pankshin,Highland,Wheat,112.97,31.83,31.92,6.67,13.45,679.56,0.92
Pankshin,Highland,Wheat,75.0,36.16,23.39,6.06,16.09,627.44,3.1
Pankshin,Highland,Wheat,98.55,50.98,28.25,6.44,11.71,702.41,1.08
Pankshin,Highland,Wheat,118.81,36.14,41.81,5.03,15.88,567.79,3.12
Pankshin,Highland,Wheat,113.27,52.96,43.64,7.13,11.25,501.69,1.85
Pankshin,Highland,Wheat,141.31,38.36,46.7,8.47,17.39,671.74,0.6
Pankshin,Highland,Wheat,103.87,35.42,22.09,5.12,13.97,633.09,1.5
Pankshin,Highland,Wheat,79.23,46.08,40.89,6.91,15.98,708.0,1.24
Pankshin,Highland,Wheat,130.99,36.68,47.24,7.01,14.94,579.93,1.59
Pankshin,Highland,Wheat,121.61,37.58,18.75,4.5,13.51,801.62,2.08
Pankshin,Highland,Wheat,144.95,33.06,29.42,5.9,11.25,610.65,1.87
Pankshin,Highland,Wheat,160.35,39.86,18.75,5.1,15.95,609.94,2.11
Pankshin,Highland,Wheat,108.68,39.32,23.4,6.19,18.14,697.61,2.18
Pankshin,Highland,Wheat,79.44,38.57,39.6,5.72,16.18,645.46,2.06
Pankshin,Highland,Wheat,75.0,34.27,18.75,5.76,17.0,728.45,1.23
Pankshin,Highland,Wheat,113.51,51.56,46.73,6.02,16.19,610.77,1.09
Pankshin,Highland,Wheat,75.0,26.25,18.75,5.32,13.99,648.34,1.81
Pankshin,Highland,Wheat,187.5,37.62,37.44,6.77,16.42,579.37,1.49
Pankshin,Highland,Wheat,75.0,35.46,44.95,6.28,15.0,692.96,1.66
Pankshin,Highland,Pineapple,242.15,44.55,171.03,4.96,20.26,917.52,0.18
Pankshin,Highland,Pineapple,230.37,45.26,109.54,4.67,17.44,877.99,0.51
Pankshin,Highland,Pineapple,298.21,67.96,275.0,5.49,20.02,876.93,0.33
Pankshin,Highland,Pineapple,298.67,45.91,237.83,5.74,22.35,645.09,1.02
Pankshin,Highland,Pineapple,219.9,43.91,158.0,5.21,21.4,805.21,0.42
Pankshin,Highland,Pineapple,172.5,45.49,82.5,3.93,20.34,1059.52,0.29
Pankshin,Highland,Pineapple,264.68,76.74,108.83,5.09,24.19,525.0,1.25
Pankshin,Highland,Pineapple,242.27,54.29,154.65,5.56,17.89,1115.35,0.08
Pankshin,Highland,Pineapple,281.71,63.07,129.67,5.33,20.35,1128.05,0.08
Pankshin,Highland,Pineapple,220.92,48.43,228.59,7.78,20.69,693.43,0.53
Pankshin,Highland,Pineapple,201.94,33.75,127.28,3.38,22.48,1250.0,0.35
Pankshin,Highland,Pineapple,206.65,58.11,122.65,5.16,20.96,1182.63,0.08
Pankshin,Highland,Pineapple,323.43,70.19,243.39,5.19,23.82,861.92,0.61
Pankshin,Highland,Pineapple,219.77,36.68,178.14,6.52,21.38,641.53,0.41
Pankshin,Highland,Pineapple,231.05,54.57,123.42,5.69,21.11,927.71,0.22
Pankshin,Highland,Pineapple,251.66,64.84,127.02,6.56,18.32,579.25,0.24
Pankshin,Highland,Pineapple,240.79,56.36,116.95,4.92,19.43,1097.6,0.3
Pankshin,Highland,Pineapple,328.18,73.77,193.03,6.35,23.46,621.01,0.36
Pankshin,Highland,Pineapple,274.05,61.68,204.59,6.27,22.79,565.4,0.98
Pankshin,Highland,Pineapple,249.67,50.13,200.51,6.07,18.02,920.12,0.2
Pankshin,Highland,Pineapple,261.94,72.49,213.92,4.03,24.35,1015.68,0.5
Pankshin,Highland,Pineapple,210.12,51.57,168.91,3.38,23.52,984.76,0.48
Pankshin,Highland,Pineapple,287.49,63.85,218.61,4.17,21.93,922.91,0.66
Pankshin,Highland,Pineapple,213.83,51.48,228.26,4.03,21.21,1045.59,0.48
Pankshin,Highland,Pineapple,340.78,67.14,232.15,5.86,18.94,997.72,0.22
Pankshin,Highland,Pineapple,234.61,54.6,155.29,7.12,20.61,718.98,0.12
Pankshin,Highland,Pineapple,190.88,38.99,82.5,3.38,21.17,1016.35,0.35
Pankshin,Highland,Pineapple,194.8,49.67,275.0,5.25,20.56,975.07,0.31
Pankshin,Highland,Pineapple,238.13,55.88,121.93,3.51,18.07,1250.0,0.08
Pankshin,Highland,Pineapple,204.62,69.81,82.5,3.38,20.25,1250.0,0.58
Pankshin,Highland,Pineapple,209.69,55.75,82.5,3.38,25.76,1133.92,0.44
Pankshin,Highland,Pineapple,260.9,57.43,235.93,6.1,20.18,988.63,0.42
Pankshin,Highland,Pineapple,282.37,61.37,271.58,4.04,20.61,856.28,0.69
Pankshin,Highland,Pineapple,297.03,59.28,218.3,6.89,21.97,936.78,0.45
Pankshin,Highland,Pineapple,279.19,73.11,208.89,7.48,25.17,739.47,0.47
Pankshin,Highland,Pineapple,172.5,51.57,82.5,5.02,23.15,835.18,0.45
Pankshin,Highland,Pineapple,211.75,71.08,225.86,4.63,25.35,1062.47,0.35
Pankshin,Highland,Pineapple,264.2,58.5,82.5,5.53,25.61,832.56,0.45
Pankshin,Highland,Pineapple,243.14,60.69,219.31,5.06,22.73,839.1,0.69
Pankshin,Highland,Pineapple,190.74,65.83,106.49,6.48,21.05,781.96,0.35
Pankshin,Highland,Pineapple,257.33,72.79,101.5,4.44,25.87,525.0,1.01
Pankshin,Highland,Pineapple,288.93,66.14,275.0,6.92,19.74,818.42,0.08
Pankshin,Highland,Pineapple,172.5,33.75,110.11,3.74,20.87,1021.14,0.57
Pankshin,Highland,Pineapple,305.39,73.62,193.06,6.43,23.48,525.0,0.09
Pankshin,Highland,Pineapple,265.47,55.93,182.83,3.93,16.78,1248.45,0.08
Pankshin,Highland,Pineapple,173.11,41.47,146.59,4.1,24.27,787.17,0.96
Pankshin,Highland,Pineapple,177.06,56.22,165.35,4.71,19.1,1060.85,0.51
Pankshin,Highland,Pineapple,234.98,53.59,221.7,3.38,25.57,1026.14,1.04
Pankshin,Highland,Pineapple,311.35,37.75,222.67,3.38,22.8,1175.52,0.62
Pankshin,Highland,Pineapple,275.22,65.08,141.83,7.75,19.66,677.41,0.08
Pankshin,Highland,Onion,52.99,25.42,66.21,5.61,12.94,565.86,1.05
Pankshin,Highland,Onion,83.47,44.5,33.75,5.78,11.25,620.73,0.3
Pankshin,Highland,Onion,60.5,18.75,38.32,6.12,12.57,687.5,0.52
Pankshin,Highland,Onion,45.0,25.11,76.72,5.31,16.32,549.23,1.73
Pankshin,Highland,Onion,45.0,18.75,63.77,6.27,11.25,577.12,1.04
Pankshin,Highland,Onion,79.92,35.74,70.31,5.96,15.91,484.84,1.3
Pankshin,Highland,Onion,62.09,32.69,41.58,7.1,12.4,432.75,0.47
Pankshin,Highland,Onion,80.38,52.37,85.36,6.58,16.66,415.46,1.21
Pankshin,Highland,Onion,102.91,52.72,64.25,5.94,14.51,514.94,1.07
Pankshin,Highland,Onion,45.0,18.75,58.9,5.97,13.3,676.68,0.83
Pankshin,Highland,Onion,72.98,35.69,33.75,6.07,15.3,578.26,1.07
Pankshin,Highland,Onion,98.7,56.25,97.8,6.02,16.34,377.61,1.12
Pankshin,Highland,Onion,69.84,54.88,48.1,6.33,13.33,383.66,1.42
Pankshin,Highland,Onion,45.0,18.75,33.75,5.92,15.09,687.5,0.97
Pankshin,Highland,Onion,98.86,32.78,56.73,6.05,16.58,394.34,1.62
Pankshin,Highland,Onion,65.33,18.75,37.46,5.76,11.84,687.5,0.72
Pankshin,Highland,Onion,45.0,25.23,33.75,5.71,17.61,503.84,1.62
Pankshin,Highland,Onion,45.0,29.83,71.28,5.28,13.72,491.28,1.35
Pankshin,Highland,Onion,74.14,28.17,94.56,6.64,11.25,402.35,1.32
Pankshin,Highland,Onion,56.96,37.57,61.63,5.7,18.58,565.85,1.11
Pankshin,Highland,Onion,50.54,40.74,53.38,5.25,13.57,636.81,0.63
Pankshin,Highland,Onion,46.2,38.44,62.1,6.62,13.8,559.96,0.36
Pankshin,Highland,Onion,62.29,40.63,33.75,6.89,14.08,443.89,0.81
Pankshin,Highland,Onion,47.04,36.5,66.84,5.76,18.48,401.94,1.36
Pankshin,Highland,Onion,63.0,33.41,60.85,5.98,16.03,614.86,1.26
Pankshin,Highland,Onion,51.61,38.94,33.75,5.87,19.43,457.51,1.15
Pankshin,Highland,Onion,45.0,40.76,57.94,5.86,11.25,687.5,0.3
Pankshin,Highland,Onion,64.22,34.83,60.02,5.49,11.65,662.11,0.68
Pankshin,Highland,Onion,53.26,32.84,82.17,6.47,11.25,558.05,0.3
Pankshin,Highland,Onion,52.66,34.42,43.49,5.86,17.97,447.42,0.81
Pankshin,Highland,Onion,45.0,44.02,59.06,6.65,11.25,565.62,0.47
Pankshin,Highland,Onion,65.92,44.73,52.62,6.02,14.19,532.33,0.33
Pankshin,Highland,Onion,59.3,47.01,59.84,5.86,11.25,589.81,0.98
Pankshin,Highland,Onion,115.02,46.12,55.82,6.06,16.47,516.86,1.42
Pankshin,Highland,Onion,45.0,38.91,33.75,5.01,16.6,545.38,0.62
Pankshin,Highland,Onion,84.61,45.24,84.06,6.08,15.27,534.83,0.43
Pankshin,Highland,Onion,45.0,18.75,37.34,5.24,14.15,687.5,0.51
Pankshin,Highland,Onion,45.0,35.55,42.99,6.21,18.91,471.68,0.41
Pankshin,Highland,Onion,84.22,26.92,78.68,6.14,11.25,553.11,0.67
Pankshin,Highland,Onion,45.0,41.17,44.1,5.0,11.73,687.5,0.46
Pankshin,Highland,Onion,58.87,56.25,60.64,5.34,14.5,584.73,0.89
Pankshin,Highland,Onion,77.76,40.74,62.03,5.47,16.8,557.27,1.67
Pankshin,Highland,Onion,58.45,27.05,45.19,5.46,19.86,478.68,1.5
Pankshin,Highland,Onion,45.0,25.1,33.75,5.02,21.44,504.36,1.44
Pankshin,Highland,Onion,86.11,31.58,46.85,6.05,15.84,433.36,1.07
Pankshin,Highland,Onion,68.25,24.45,42.46,6.35,13.17,565.98,0.78
Pankshin,Highland,Onion,78.55,39.38,78.13,6.0,11.82,540.93,0.35
Pankshin,Highland,Onion,60.32,24.48,52.96,6.28,11.78,556.32,0.32
Pankshin,Highland,Onion,63.18,37.04,33.75,5.72,16.19,427.61,1.73
Pankshin,Highland,Onion,86.48,49.48,61.6,5.83,16.93,602.68,0.59
Barkin Ladi,Lowland,Irish-potato,150.0,56.58,216.33,3.78,24.3,367.83,1.59
Barkin Ladi,Lowland,Irish-potato,116.34,59.17,145.18,5.48,13.08,550.24,0.41
Barkin Ladi,Lowland,Irish-potato,150.0,70.7,90.0,4.69,13.55,590.92,0.95
Barkin Ladi,Lowland,Irish-potato,150.0,75.0,156.26,4.98,22.42,401.13,1.25
Barkin Ladi,Lowland,Irish-potato,141.23,75.0,114.3,4.29,17.77,643.97,0.63
Barkin Ladi,Lowland,Irish-potato,95.23,50.06,122.06,5.31,18.36,411.48,0.69
Barkin Ladi,Lowland,Irish-potato,126.7,59.55,161.84,3.71,19.5,375.59,1.27
Barkin Ladi,Lowland,Irish-potato,60.0,59.77,90.0,6.51,17.12,300.0,0.22
Barkin Ladi,Lowland,Irish-potato,74.99,72.76,225.0,3.16,12.35,750.0,0.64
Barkin Ladi,Lowland,Irish-potato,138.34,61.16,90.0,4.65,25.0,514.61,0.85
Barkin Ladi,Lowland,Irish-potato,150.0,47.67,152.52,4.14,18.76,355.94,1.69
Barkin Ladi,Lowland,Irish-potato,111.6,30.0,106.81,4.85,23.21,407.17,1.16
Barkin Ladi,Lowland,Irish-potato,88.24,71.02,90.0,3.9,14.91,471.6,0.45
Barkin Ladi,Lowland,Irish-potato,130.8,75.0,225.0,4.57,14.85,405.91,0.56
Barkin Ladi,Lowland,Irish-potato,149.17,75.0,209.09,4.06,17.75,560.43,1.22
Barkin Ladi,Lowland,Irish-potato,119.97,62.78,136.89,3.92,15.88,634.47,0.85
Barkin Ladi,Lowland,Irish-potato,136.58,75.0,152.16,4.38,24.06,300.0,1.88
Barkin Ladi,Lowland,Irish-potato,126.15,42.75,221.96,5.28,17.73,364.18,1.11
Barkin Ladi,Lowland,Irish-potato,134.67,67.0,90.0,6.52,21.28,300.0,0.22
Barkin Ladi,Lowland,Irish-potato,115.5,75.0,164.07,4.98,20.23,300.0,1.64
Barkin Ladi,Lowland,Irish-potato,102.26,45.87,197.43,6.1,17.64,300.0,0.85
Barkin Ladi,Lowland,Irish-potato,150.0,75.0,225.0,5.67,14.63,329.18,0.43
Barkin Ladi,Lowland,Irish-potato,122.23,49.42,225.0,5.1,21.86,300.0,1.48
Barkin Ladi,Lowland,Irish-potato,147.14,75.0,167.76,5.85,16.43,300.0,0.69
Barkin Ladi,Lowland,Irish-potato,130.22,66.01,178.48,5.85,16.91,495.76,0.22
Barkin Ladi,Lowland,Irish-potato,70.27,49.34,103.71,3.78,16.71,502.83,0.52
Barkin Ladi,Lowland,Irish-potato,150.0,30.18,172.67,6.06,19.86,300.0,1.04
Barkin Ladi,Lowland,Irish-potato,86.81,34.24,142.52,5.04,14.69,630.0,0.47
Barkin Ladi,Lowland,Irish-potato,87.81,53.17,90.0,5.39,13.21,569.38,0.33
Barkin Ladi,Lowland,Irish-potato,107.67,37.02,118.96,6.4,18.3,300.0,1.31
Barkin Ladi,Lowland,Irish-potato,70.18,48.57,98.74,4.87,16.2,667.22,0.92
Barkin Ladi,Lowland,Irish-potato,150.0,75.0,225.0,5.01,17.3,437.1,1.13
Barkin Ladi,Lowland,Irish-potato,97.7,52.0,128.94,4.92,16.91,594.49,0.7
Barkin Ladi,Lowland,Irish-potato,120.84,64.84,90.0,5.42,15.03,474.63,0.65
Barkin Ladi,Lowland,Irish-potato,144.61,75.0,204.34,4.83,23.76,314.58,1.27
Barkin Ladi,Lowland,Irish-potato,133.08,59.74,225.0,5.14,16.15,341.66,1.39
Barkin Ladi,Lowland,Irish-potato,120.6,75.0,187.2,3.92,17.56,472.78,1.5
Barkin Ladi,Lowland,Irish-potato,150.0,65.59,135.24,4.49,11.39,647.31,0.71
Barkin Ladi,Lowland,Irish-potato,123.97,36.4,142.95,5.33,17.02,658.84,0.99
Barkin Ladi,Lowland,Irish-potato,150.0,75.0,136.06,4.35,21.69,317.87,0.86
Barkin Ladi,Lowland,Irish-potato,106.35,75.0,145.51,5.22,12.9,348.61,1.22
Barkin Ladi,Lowland,Irish-potato,147.2,69.99,195.91,3.6,21.84,358.49,1.62
Barkin Ladi,Lowland,Irish-potato,93.45,64.29,113.0,3.9,25.0,300.0,1.88
Barkin Ladi,Lowland,Irish-potato,114.74,56.38,101.16,5.06,23.83,406.58,1.08
Barkin Ladi,Lowland,Irish-potato,145.33,49.7,144.06,3.54,22.89,300.0,1.88
Barkin Ladi,Lowland,Irish-potato,150.0,75.0,90.0,6.33,18.73,396.52,0.23
Barkin Ladi,Lowland,Irish-potato,94.63,75.0,156.17,3.58,16.14,464.01,1.15
Barkin Ladi,Lowland,Irish-potato,150.0,75.0,219.74,4.89,19.59,484.05,0.69
Barkin Ladi,Lowland,Irish-potato,132.65,64.14,217.77,3.1,20.87,472.35,1.54
Barkin Ladi,Lowland,Irish-potato,150.0,68.46,188.4,4.16,21.37,300.0,1.82
Barkin Ladi,Lowland,Tomato,140.11,80.8,222.44,3.81,26.2,431.24,1.66
Barkin Ladi,Lowland,Tomato,154.7,79.88,185.58,3.75,25.01,579.62,0.38
Barkin Ladi,Lowland,Tomato,138.68,93.52,264.99,5.9,23.68,320.42,1.81
Barkin Ladi,Lowland,Tomato,159.94,83.18,191.5,6.41,22.45,320.34,0.99
Barkin Ladi,Lowland,Tomato,156.91,96.65,237.0,6.62,22.38,326.81,1.29
Barkin Ladi,Lowland,Tomato,111.95,114.68,234.98,5.24,26.89,419.11,1.21
Barkin Ladi,Lowland,Tomato,135.96,119.13,179.68,5.11,20.87,370.19,1.09
Barkin Ladi,Lowland,Tomato,100.23,122.58,163.1,6.31,31.25,300.0,1.08
Barkin Ladi,Lowland,Tomato,172.81,127.41,189.5,5.4,20.46,352.94,2.29
Barkin Ladi,Lowland,Tomato,187.5,106.25,278.83,4.3,23.6,444.67,2.36
Barkin Ladi,Lowland,Tomato,98.05,127.81,146.69,4.36,25.9,460.55,1.26
Barkin Ladi,Lowland,Tomato,187.5,110.87,229.21,5.71,27.61,381.34,1.35
Barkin Ladi,Lowland,Tomato,154.15,95.24,163.59,6.98,13.5,469.19,0.38
Barkin Ladi,Lowland,Tomato,131.47,107.45,292.77,7.08,28.27,362.13,1.31
Barkin Ladi,Lowland,Tomato,159.44,128.69,206.58,5.58,25.89,342.99,0.77
Barkin Ladi,Lowland,Tomato,187.5,81.22,207.04,6.65,26.85,300.0,2.3
Barkin Ladi,Lowland,Tomato,82.46,48.75,149.2,6.41,16.76,423.04,1.6
Barkin Ladi,Lowland,Tomato,121.77,137.45,212.36,7.4,29.76,327.33,1.37
Barkin Ladi,Lowland,Tomato,148.92,104.08,169.09,5.81,18.74,500.35,0.74
Barkin Ladi,Lowland,Tomato,142.31,67.84,179.21,7.19,29.66,364.71,1.43
Barkin Ladi,Lowland,Tomato,163.03,126.48,213.72,5.0,24.93,393.16,2.49
Barkin Ladi,Lowland,Tomato,151.08,126.02,183.8,7.53,25.93,585.9,0.5
Barkin Ladi,Lowland,Tomato,145.94,76.6,227.17,7.82,27.24,300.0,1.24
Barkin Ladi,Lowland,Tomato,109.36,102.56,279.87,8.52,25.69,300.0,0.38
Barkin Ladi,Lowland,Tomato,187.5,105.13,202.32,5.47,27.39,404.36,2.04
Barkin Ladi,Lowland,Tomato,171.42,118.68,274.75,5.71,26.35,339.06,1.4
Barkin Ladi,Lowland,Tomato,143.87,127.74,207.31,8.51,22.35,300.0,0.38
Barkin Ladi,Lowland,Tomato,172.45,64.91,237.71,3.76,27.88,372.9,2.5
Barkin Ladi,Lowland,Tomato,173.52,137.5,153.09,6.52,28.51,410.36,1.0
Barkin Ladi,Lowland,Tomato,187.5,131.9,201.97,7.75,27.5,300.0,1.83
Barkin Ladi,Lowland,Tomato,163.38,109.25,120.0,5.79,25.81,300.0,2.35
Barkin Ladi,Lowland,Tomato,140.06,78.41,248.81,7.86,23.04,307.98,0.61
Barkin Ladi,Lowland,Tomato,170.33,135.19,251.41,8.35,26.98,300.0,0.96
Barkin Ladi,Lowland,Tomato,156.92,98.51,236.59,7.66,27.59,398.89,1.5
Barkin Ladi,Lowland,Tomato,187.5,60.18,199.44,5.61,30.04,327.29,1.82
Barkin Ladi,Lowland,Tomato,139.07,89.57,252.46,5.16,30.74,340.51,2.2
Barkin Ladi,Lowland,Tomato,147.63,88.25,221.68,5.76,28.46,451.54,0.91
Barkin Ladi,Lowland,Tomato,187.5,137.5,290.33,5.47,19.98,309.64,1.13
Barkin Ladi,Lowland,Tomato,146.44,104.87,120.0,7.49,25.49,300.0,1.34
Barkin Ladi,Lowland,Tomato,158.1,100.42,300.0,6.06,29.28,327.08,1.28
Barkin Ladi,Lowland,Tomato,142.68,96.2,171.09,6.52,22.24,304.21,2.07
Barkin Ladi,Lowland,Tomato,125.28,89.39,241.11,5.44,21.24,347.82,2.16
Barkin Ladi,Lowland,Tomato,117.91,50.55,195.02,6.14,28.8,300.0,1.75
Barkin Ladi,Lowland,Tomato,135.23,110.61,261.28,5.24,29.42,544.37,2.01
Barkin Ladi,Lowland,Tomato,151.41,94.22,154.97,4.99,19.21,710.8,0.38
Barkin Ladi,Lowland,Tomato,149.51,99.16,222.32,6.92,20.52,465.8,0.42
Barkin Ladi,Lowland,Tomato,141.3,94.51,120.0,4.38,21.03,617.03,1.68
Barkin Ladi,Lowland,Tomato,187.5,137.5,267.69,8.11,28.88,300.0,1.09
Barkin Ladi,Lowland,Tomato,121.42,82.98,127.07,6.3,24.58,300.0,2.34
Barkin Ladi,Lowland,Tomato,153.66,79.4,220.26,5.4,25.1,528.26,1.28
Barkin Ladi,Lowland,Groundnut,25.0,50.0,34.48,6.15,24.49,592.21,1.1
Barkin Ladi,Lowland,Groundnut,25.0,16.69,18.75,5.79,27.0,657.05,1.01
Barkin Ladi,Lowland,Groundnut,25.0,32.05,35.22,6.93,24.23,463.75,1.19
Barkin Ladi,Lowland,Groundnut,25.0,48.61,37.77,6.83,28.1,375.0,0.88
Barkin Ladi,Lowland,Groundnut,25.0,32.49,46.82,7.59,27.49,375.0,1.09
Barkin Ladi,Lowland,Groundnut,25.0,50.0,48.5,5.7,29.01,643.41,0.81
Barkin Ladi,Lowland,Groundnut,25.0,50.0,33.98,6.35,27.29,554.3,0.45
Barkin Ladi,Lowland,Groundnut,25.0,26.63,28.83,6.71,28.33,375.0,0.7
Barkin Ladi,Lowland,Groundnut,25.0,41.79,19.31,6.43,23.4,468.31,0.69
Barkin Ladi,Lowland,Groundnut,25.0,30.85,41.44,5.52,28.49,513.62,0.83
Barkin Ladi,Lowland,Groundnut,25.0,42.27,44.82,5.72,23.66,641.04,1.07
Barkin Ladi,Lowland,Groundnut,25.0,21.92,29.78,6.4,21.8,739.8,0.15
Barkin Ladi,Lowland,Groundnut,25.0,50.0,44.3,6.18,27.84,464.88,0.91
Barkin Ladi,Lowland,Groundnut,25.0,50.0,27.0,4.54,31.62,696.08,1.34
Barkin Ladi,Lowland,Groundnut,25.0,50.0,43.16,7.04,28.2,398.36,0.99
Barkin Ladi,Lowland,Groundnut,25.0,50.0,46.68,7.21,27.01,455.64,0.61
Barkin Ladi,Lowland,Groundnut,25.0,48.6,28.15,6.44,20.79,653.43,0.19
Barkin Ladi,Lowland,Groundnut,25.0,38.9,42.2,5.51,27.21,580.35,0.68
Barkin Ladi,Lowland,Groundnut,25.0,27.36,29.21,6.69,28.26,502.42,0.96
Barkin Ladi,Lowland,Groundnut,25.0,43.26,32.92,6.86,30.0,511.72,1.03
Barkin Ladi,Lowland,Groundnut,25.0,41.47,41.05,7.36,30.65,375.0,1.49
Barkin Ladi,Lowland,Groundnut,25.0,23.01,39.26,7.92,28.49,375.0,1.14
Barkin Ladi,Lowland,Groundnut,25.0,50.0,34.94,6.81,31.0,455.91,0.87
Barkin Ladi,Lowland,Groundnut,25.0,26.24,44.2,5.61,28.42,493.18,1.31
Barkin Ladi,Lowland,Groundnut,25.0,31.74,36.75,6.05,27.36,626.5,1.14
Barkin Ladi,Lowland,Groundnut,25.0,16.7,37.9,6.19,30.22,541.49,0.92
Barkin Ladi,Lowland,Groundnut,25.0,47.22,35.61,5.06,33.73,585.53,1.37
Barkin Ladi,Lowland,Groundnut,25.0,40.37,37.57,6.91,26.87,375.0,1.26
Barkin Ladi,Lowland,Groundnut,25.0,41.54,22.71,6.48,27.51,552.35,0.9
Barkin Ladi,Lowland,Groundnut,25.0,50.0,40.78,7.69,23.5,402.36,0.72
Barkin Ladi,Lowland,Groundnut,25.0,32.01,42.37,5.52,25.2,776.18,0.54
Barkin Ladi,Lowland,Groundnut,25.0,43.0,47.91,6.26,33.21,681.97,1.47
Barkin Ladi,Lowland,Groundnut,25.0,50.0,39.26,6.15,27.17,499.08,0.75
Barkin Ladi,Lowland,Groundnut,25.0,30.01,26.1,6.34,22.22,696.47,0.47
Barkin Ladi,Lowland,Groundnut,25.0,50.0,35.31,7.14,31.74,391.66,1.02
Barkin Ladi,Lowland,Groundnut,25.0,41.13,38.86,6.37,33.75,426.76,1.0
Barkin Ladi,Lowland,Groundnut,25.0,20.41,21.43,5.86,27.3,622.71,0.78
Barkin Ladi,Lowland,Groundnut,25.0,11.25,22.66,5.98,21.39,784.91,0.26
Barkin Ladi,Lowland,Groundnut,25.0,33.71,32.75,6.1,32.93,601.86,1.13
Barkin Ladi,Lowland,Groundnut,25.0,15.86,36.88,6.73,28.84,473.1,1.07
Barkin Ladi,Lowland,Groundnut,25.0,24.07,18.75,7.54,25.37,408.89,0.8
Barkin Ladi,Lowland,Groundnut,19.08,22.79,34.02,6.41,29.63,621.67,0.43
Barkin Ladi,Lowland,Groundnut,25.0,40.71,43.84,5.83,30.11,514.5,1.03
Barkin Ladi,Lowland,Groundnut,25.0,45.08,34.21,6.04,35.0,440.26,1.5
Barkin Ladi,Lowland,Groundnut,25.0,50.0,44.54,7.76,28.17,378.05,0.29
Barkin Ladi,Lowland,Groundnut,25.0,47.74,25.39,5.6,32.3,679.77,0.9
Barkin Ladi,Lowland,Groundnut,25.0,35.08,30.01,6.48,24.62,446.74,0.62
Barkin Ladi,Lowland,Groundnut,25.0,11.25,18.75,6.75,24.45,443.44,0.98
Barkin Ladi,Lowland,Groundnut,25.0,50.0,39.23,6.39,29.42,496.53,1.15
Barkin Ladi,Lowland,Groundnut,25.0,43.67,46.97,7.28,33.06,394.29,1.2
Barkin Ladi,Lowland,Pepper,156.72,33.88,95.17,6.36,20.56,477.84,2.06
Barkin Ladi,Lowland,Pepper,212.5,61.64,55.01,5.63,22.24,738.49,1.68
Barkin Ladi,Lowland,Pepper,130.63,42.44,41.25,6.08,30.78,1217.43,1.2
Barkin Ladi,Lowland,Pepper,156.81,45.17,125.0,6.38,15.18,847.69,1.51
Barkin Ladi,Lowland,Pepper,143.93,36.04,51.68,6.52,26.57,1041.41,0.9
Barkin Ladi,Lowland,Pepper,169.24,41.43,76.37,5.41,20.81,944.34,1.9
Barkin Ladi,Lowland,Pepper,178.18,62.5,88.01,7.07,20.15,450.0,1.6
Barkin Ladi,Lowland,Pepper,174.07,47.05,68.94,6.62,24.12,1343.23,1.27
Barkin Ladi,Lowland,Pepper,118.87,30.58,113.68,6.5,21.03,682.07,1.4
Barkin Ladi,Lowland,Pepper,75.0,23.49,84.3,5.96,30.14,974.32,1.48
Barkin Ladi,Lowland,Pepper,152.88,36.33,107.98,5.78,33.75,662.81,2.19
Barkin Ladi,Lowland,Pepper,145.8,50.38,116.61,6.07,33.75,450.0,2.01
Barkin Ladi,Lowland,Pepper,142.3,47.9,94.55,6.26,33.69,653.87,2.5
Barkin Ladi,Lowland,Pepper,132.99,59.3,44.24,4.64,13.5,1562.5,0.46
Barkin Ladi,Lowland,Pepper,153.13,39.07,87.3,4.65,28.74,1294.3,1.53
Barkin Ladi,Lowland,Pepper,205.82,62.23,81.05,7.0,33.56,450.0,1.68
Barkin Ladi,Lowland,Pepper,212.5,62.5,55.77,6.94,28.73,450.0,1.47
Barkin Ladi,Lowland,Pepper,109.52,54.87,67.9,6.7,18.22,1059.54,1.44
Barkin Ladi,Lowland,Pepper,181.9,53.81,47.25,6.92,30.47,450.0,2.06
Barkin Ladi,Lowland,Pepper,169.05,34.61,101.3,6.53,23.68,707.1,1.93
Barkin Ladi,Lowland,Pepper,184.13,52.97,105.04,6.5,30.83,725.76,1.34
Barkin Ladi,Lowland,Pepper,212.5,35.71,113.82,4.89,20.78,1562.5,1.4
Barkin Ladi,Lowland,Pepper,212.5,62.5,109.45,7.25,29.59,574.55,2.11
Barkin Ladi,Lowland,Pepper,122.28,53.72,72.27,4.12,19.08,1562.5,1.41
Barkin Ladi,Lowland,Pepper,155.07,62.5,59.57,7.04,28.45,450.0,2.16
Barkin Ladi,Lowland,Pepper,117.49,62.19,76.3,5.62,33.75,524.31,2.5
Barkin Ladi,Lowland,Pepper,167.0,62.5,95.38,7.53,27.15,858.96,0.45
Barkin Ladi,Lowland,Pepper,135.78,33.37,74.69,6.0,19.59,706.41,2.0
Barkin Ladi,Lowland,Pepper,203.15,30.06,79.93,4.64,23.78,830.39,1.97
Barkin Ladi,Lowland,Pepper,136.39,27.38,69.94,7.37,28.05,450.0,1.36
Barkin Ladi,Lowland,Pepper,212.5,45.52,84.11,8.16,26.08,450.0,0.9
Barkin Ladi,Lowland,Pepper,113.94,57.42,80.68,7.66,27.43,450.0,1.87
Barkin Ladi,Lowland,Pepper,200.25,60.73,125.0,7.84,28.63,548.32,1.48
Barkin Ladi,Lowland,Pepper,163.69,34.45,48.28,6.83,28.93,1077.75,1.23
Barkin Ladi,Lowland,Pepper,140.57,37.7,94.28,6.44,28.68,975.16,1.97
Barkin Ladi,Lowland,Pepper,212.5,46.93,125.0,6.6,24.71,576.34,1.45
Barkin Ladi,Lowland,Pepper,186.91,59.37,81.62,6.33,28.83,1009.92,1.02
Barkin Ladi,Lowland,Pepper,116.98,60.51,125.0,4.96,26.8,806.78,1.9
Barkin Ladi,Lowland,Pepper,86.43,33.48,86.55,6.29,29.7,885.24,1.07
Barkin Ladi,Lowland,Pepper,75.0,18.75,41.25,7.93,25.64,544.41,0.92
Barkin Ladi,Lowland,Pepper,189.59,38.19,66.28,6.14,14.57,1232.43,0.45
Barkin Ladi,Lowland,Pepper,85.22,62.5,97.8,6.8,25.48,686.68,1.16
Barkin Ladi,Lowland,Pepper,158.47,23.62,125.0,6.76,28.9,1184.11,1.39
Barkin Ladi,Lowland,Pepper,167.46,33.53,73.82,4.85,27.99,679.22,1.76
Barkin Ladi,Lowland,Pepper,194.05,45.88,58.34,5.62,27.56,1113.74,2.03
Barkin Ladi,Lowland,Pepper,187.56,51.74,101.24,5.02,24.21,1069.51,1.01
Barkin Ladi,Lowland,Pepper,157.11,57.96,99.04,8.51,25.81,952.2,0.45
Barkin Ladi,Lowland,Pepper,135.88,49.45,93.8,6.43,19.17,492.52,2.16
Barkin Ladi,Lowland,Pepper,136.93,47.36,79.47,7.36,24.39,634.96,1.68
Barkin Ladi,Lowland,Pepper,146.47,28.06,42.12,6.07,33.42,763.41,2.36
Barkin Ladi,Lowland,Cabbage,168.08,67.11,133.48,6.51,26.29,406.75,1.22
Barkin Ladi,Lowland,Cabbage,162.35,74.51,136.45,6.61,28.71,339.88,1.09
Barkin Ladi,Lowland,Cabbage,115.61,56.71,117.33,6.67,24.84,429.02,0.49
Barkin Ladi,Lowland,Cabbage,131.88,60.42,110.57,6.35,30.0,440.58,0.27
Barkin Ladi,Lowland,Cabbage,146.3,64.37,91.84,6.42,23.36,365.07,0.97
Barkin Ladi,Lowland,Cabbage,85.69,55.44,92.93,6.76,23.74,285.0,1.39
Barkin Ladi,Lowland,Cabbage,136.02,63.08,108.75,6.86,9.73,293.17,1.12
Barkin Ladi,Lowland,Cabbage,137.41,62.19,107.2,6.03,25.08,437.43,0.9
Barkin Ladi,Lowland,Cabbage,81.62,62.64,120.77,6.57,9.23,285.0,0.87
Barkin Ladi,Lowland,Cabbage,101.88,53.21,103.68,5.93,30.0,378.22,1.62
Barkin Ladi,Lowland,Cabbage,144.81,59.08,120.25,6.17,15.1,402.95,1.2
Barkin Ladi,Lowland,Cabbage,155.63,67.39,137.07,7.24,14.11,285.0,1.62
Barkin Ladi,Lowland,Cabbage,143.29,69.89,113.94,6.0,16.67,353.22,1.21
Barkin Ladi,Lowland,Cabbage,176.13,65.37,135.51,7.48,14.57,287.54,0.56
Barkin Ladi,Lowland,Cabbage,187.5,81.25,144.2,6.36,19.15,356.83,0.93
Barkin Ladi,Lowland,Cabbage,146.82,64.27,91.16,6.18,30.0,299.82,1.49
Barkin Ladi,Lowland,Cabbage,156.67,69.44,118.34,6.84,23.52,352.35,0.63
Barkin Ladi,Lowland,Cabbage,131.77,64.71,98.35,6.23,15.98,353.87,1.37
Barkin Ladi,Lowland,Cabbage,152.93,75.0,115.78,6.35,15.28,336.49,1.21
Barkin Ladi,Lowland,Cabbage,138.66,63.17,128.92,6.68,24.58,320.76,0.93
Barkin Ladi,Lowland,Cabbage,162.73,62.12,112.02,5.88,8.79,336.41,1.04
Barkin Ladi,Lowland,Cabbage,163.52,58.55,128.74,6.28,30.0,347.55,1.41
Barkin Ladi,Lowland,Cabbage,169.77,81.25,144.89,6.69,30.0,285.0,1.62
Barkin Ladi,Lowland,Cabbage,180.87,79.51,137.83,6.13,21.92,355.66,1.37
Barkin Ladi,Lowland,Cabbage,144.08,39.41,95.42,7.82,17.03,285.0,1.52
Barkin Ladi,Lowland,Cabbage,166.66,70.47,118.8,7.34,15.27,316.97,0.49
Barkin Ladi,Lowland,Cabbage,140.1,55.48,111.2,7.12,12.53,429.76,0.36
Barkin Ladi,Lowland,Cabbage,147.41,77.57,100.27,7.52,20.94,320.44,0.26
Barkin Ladi,Lowland,Cabbage,132.77,75.73,131.74,6.68,22.33,434.27,0.54
Barkin Ladi,Lowland,Cabbage,123.33,65.77,113.21,6.62,25.69,285.0,1.58
Barkin Ladi,Lowland,Cabbage,127.35,62.48,114.32,6.37,24.25,361.72,0.92
Barkin Ladi,Lowland,Cabbage,172.31,55.84,119.56,7.48,20.72,310.07,1.02
Barkin Ladi,Lowland,Cabbage,127.75,63.39,126.66,7.48,19.81,315.95,0.71
Barkin Ladi,Lowland,Cabbage,148.18,60.24,93.66,7.63,11.2,433.96,0.54
Barkin Ladi,Lowland,Cabbage,133.67,71.73,142.28,5.82,25.27,446.68,1.05
Barkin Ladi,Lowland,Cabbage,126.3,57.81,100.13,7.62,28.37,285.0,1.03
Barkin Ladi,Lowland,Cabbage,187.5,58.46,112.24,5.45,30.0,325.65,1.62
Barkin Ladi,Lowland,Cabbage,174.15,69.03,100.1,6.98,12.81,314.68,0.62
Barkin Ladi,Lowland,Cabbage,148.94,51.59,123.61,5.9,13.59,413.17,0.84
Barkin Ladi,Lowland,Cabbage,148.9,69.22,113.44,6.56,12.17,303.59,0.53
Barkin Ladi,Lowland,Cabbage,167.97,57.73,127.84,7.17,30.0,285.0,1.11
Barkin Ladi,Lowland,Cabbage,143.3,58.45,108.18,5.91,27.62,314.21,1.62
Barkin Ladi,Lowland,Cabbage,91.53,56.6,95.85,5.95,9.57,285.0,1.46
Barkin Ladi,Lowland,Cabbage,159.16,57.04,111.41,6.82,24.6,305.12,1.5
Barkin Ladi,Lowland,Cabbage,118.68,61.71,113.93,6.61,24.28,314.77,0.97
Barkin Ladi,Lowland,Cabbage,155.3,49.69,130.84,7.19,21.13,436.79,0.15
Barkin Ladi,Lowland,Cabbage,170.26,81.25,162.5,6.77,28.53,285.0,0.99
Barkin Ladi,Lowland,Cabbage,165.63,54.22,99.86,6.92,22.71,346.64,1.38
Barkin Ladi,Lowland,Cabbage,187.5,62.13,138.51,6.75,30.0,285.0,1.11
Barkin Ladi,Lowland,Cabbage,116.0,67.82,92.94,6.92,19.56,402.7,0.42
Barkin Ladi,Lowland,Maize,228.19,95.65,111.32,6.64,30.31,375.0,1.88
Barkin Ladi,Lowland,Maize,183.89,72.04,97.97,8.39,26.81,499.42,1.03
Barkin Ladi,Lowland,Maize,213.92,62.59,67.41,7.6,28.35,395.36,1.77
Barkin Ladi,Lowland,Maize,193.32,100.0,97.16,6.49,24.8,669.33,1.3
Barkin Ladi,Lowland,Maize,156.04,44.31,74.85,5.23,29.38,610.8,1.12
Barkin Ladi,Lowland,Maize,246.58,84.55,116.6,7.48,28.33,594.16,1.2
Barkin Ladi,Lowland,Maize,219.9,40.16,95.33,5.8,22.12,532.29,1.93
Barkin Ladi,Lowland,Maize,250.0,100.0,125.0,6.83,34.14,582.98,0.3
Barkin Ladi,Lowland,Maize,187.07,60.57,52.23,7.93,31.92,541.9,0.3
Barkin Ladi,Lowland,Maize,222.31,100.0,102.17,7.58,26.81,375.0,1.37
Barkin Ladi,Lowland,Maize,224.75,80.6,87.41,5.14,26.42,751.28,1.76
Barkin Ladi,Lowland,Maize,208.57,82.92,84.13,7.29,25.62,384.62,2.23
Barkin Ladi,Lowland,Maize,202.18,72.01,108.33,6.68,35.0,375.0,1.98
Barkin Ladi,Lowland,Maize,238.56,73.82,117.95,6.68,27.64,423.66,2.49
Barkin Ladi,Lowland,Maize,212.1,85.92,80.25,7.94,28.72,597.02,0.93
Barkin Ladi,Lowland,Maize,185.3,67.63,99.99,6.93,30.94,482.3,1.84
Barkin Ladi,Lowland,Maize,185.73,37.5,115.55,5.61,18.35,688.25,0.91
Barkin Ladi,Lowland,Maize,224.68,75.21,70.11,7.13,30.59,530.78,1.7
Barkin Ladi,Lowland,Maize,152.53,58.28,45.0,4.72,35.0,827.74,1.6
Barkin Ladi,Lowland,Maize,183.1,65.1,104.56,6.12,23.93,574.51,1.81
Barkin Ladi,Lowland,Maize,203.15,74.17,86.93,5.39,25.46,656.32,1.78
Barkin Ladi,Lowland,Maize,112.5,100.0,45.0,5.99,19.01,910.55,0.3
Barkin Ladi,Lowland,Maize,210.85,100.0,77.0,6.36,31.98,481.08,1.88
Barkin Ladi,Lowland,Maize,201.92,86.31,106.51,4.42,24.52,663.63,0.86
Barkin Ladi,Lowland,Maize,220.43,72.89,125.0,6.53,24.34,513.49,1.85
Barkin Ladi,Lowland,Maize,231.03,82.7,53.32,6.63,24.44,466.41,0.48
Barkin Ladi,Lowland,Maize,237.16,74.73,84.6,9.17,25.84,375.0,1.88
Barkin Ladi,Lowland,Maize,195.7,78.02,83.42,7.81,22.54,380.8,0.37
Barkin Ladi,Lowland,Maize,242.13,66.95,45.0,7.13,29.11,553.59,0.3
Barkin Ladi,Lowland,Maize,217.41,59.96,63.69,7.56,27.75,375.0,1.53
Barkin Ladi,Lowland,Maize,151.67,61.89,61.93,6.78,35.0,456.76,2.1
Barkin Ladi,Lowland,Maize,224.99,100.0,81.85,7.82,23.45,375.0,0.83
Barkin Ladi,Lowland,Maize,219.85,62.77,45.0,5.89,32.78,375.0,2.19
Barkin Ladi,Lowland,Maize,134.21,77.05,111.23,5.62,20.81,789.77,0.3
Barkin Ladi,Lowland,Maize,250.0,61.01,120.51,5.13,23.74,441.74,2.5
Barkin Ladi,Lowland,Maize,140.6,55.25,45.0,4.69,21.66,726.74,1.19
Barkin Ladi,Lowland,Maize,207.99,63.59,71.33,4.74,34.42,423.37,2.43
Barkin Ladi,Lowland,Maize,249.02,78.98,51.81,5.85,31.01,504.62,2.22
Barkin Ladi,Lowland,Maize,165.3,74.61,83.47,7.89,35.0,516.12,1.81
Barkin Ladi,Lowland,Maize,200.21,69.53,45.0,5.49,25.94,836.94,0.81
Barkin Ladi,Lowland,Maize,171.25,54.04,65.06,6.34,23.26,510.47,0.93
Barkin Ladi,Lowland,Maize,199.16,76.27,89.62,4.6,28.86,375.0,2.29
Barkin Ladi,Lowland,Maize,196.97,73.58,93.9,6.31,27.26,375.0,1.7
Barkin Ladi,Lowland,Maize,203.73,39.91,70.28,6.96,24.07,451.55,0.98
Barkin Ladi,Lowland,Maize,222.78,77.5,83.38,7.21,33.53,452.09,1.86
Barkin Ladi,Lowland,Maize,188.7,43.8,69.13,6.61,25.96,610.44,0.68
Barkin Ladi,Lowland,Maize,250.0,98.04,120.57,7.18,31.79,597.48,1.37
Barkin Ladi,Lowland,Maize,195.47,70.77,74.56,6.28,21.27,590.12,0.41
Barkin Ladi,Lowland,Maize,166.26,83.24,76.0,6.1,22.89,834.91,1.19
Barkin Ladi,Lowland,Maize,232.7,69.02,83.39,6.13,26.58,490.51,1.67
Barkin Ladi,Lowland,Wheat,113.67,46.4,23.27,10.0,17.14,475.14,0.71
Barkin Ladi,Lowland,Wheat,174.5,53.17,49.57,9.33,19.2,337.5,1.53
Barkin Ladi,Lowland,Wheat,141.37,48.62,40.39,7.83,22.65,382.13,1.94
Barkin Ladi,Lowland,Wheat,154.88,46.62,52.06,5.47,19.54,561.13,1.61
Barkin Ladi,Lowland,Wheat,170.12,53.33,58.36,7.17,23.5,337.5,2.89
Barkin Ladi,Lowland,Wheat,141.46,48.4,35.76,8.23,19.09,467.23,1.67
Barkin Ladi,Lowland,Wheat,185.17,56.25,46.55,5.06,18.21,424.65,2.57
Barkin Ladi,Lowland,Wheat,187.5,56.25,44.46,7.95,21.64,491.71,1.41
Barkin Ladi,Lowland,Wheat,137.23,40.09,48.02,8.45,22.12,567.48,0.67
Barkin Ladi,Lowland,Wheat,124.22,45.06,41.48,8.99,18.03,337.5,0.81
Barkin Ladi,Lowland,Wheat,101.01,49.08,37.76,7.81,19.49,438.67,1.29
Barkin Ladi,Lowland,Wheat,89.06,48.42,46.5,5.81,21.96,337.5,2.84
Barkin Ladi,Lowland,Wheat,113.39,49.67,23.03,7.09,17.34,679.82,0.9
Barkin Ladi,Lowland,Wheat,153.52,55.88,50.07,7.64,18.98,337.5,2.64
Barkin Ladi,Lowland,Wheat,134.73,49.19,18.75,8.39,17.32,337.5,1.0
Barkin Ladi,Lowland,Wheat,115.75,50.62,43.99,7.55,19.16,412.73,1.88
Barkin Ladi,Lowland,Wheat,129.98,46.78,41.36,5.33,22.77,476.98,2.46
Barkin Ladi,Lowland,Wheat,146.3,50.66,35.18,7.5,22.49,581.96,0.6
Barkin Ladi,Lowland,Wheat,145.24,50.59,26.44,8.53,23.49,411.75,1.41
Barkin Ladi,Lowland,Wheat,104.15,40.5,18.75,6.53,14.99,608.85,1.3
Barkin Ladi,Lowland,Wheat,184.76,53.0,58.45,5.48,19.98,415.06,3.07
Barkin Ladi,Lowland,Wheat,149.85,55.75,42.54,5.72,21.14,588.23,1.76
Barkin Ladi,Lowland,Wheat,134.9,36.52,40.89,5.29,20.08,559.58,2.18
Barkin Ladi,Lowland,Wheat,115.42,56.25,27.89,5.68,19.53,531.12,2.24
Barkin Ladi,Lowland,Wheat,187.5,50.7,59.14,5.71,18.44,505.01,2.21
Barkin Ladi,Lowland,Wheat,139.52,56.25,50.02,6.6,18.53,497.48,1.12
Barkin Ladi,Lowland,Wheat,137.92,46.62,43.97,10.0,17.27,337.5,0.6
Barkin Ladi,Lowland,Wheat,102.06,36.96,51.97,7.25,20.72,423.34,1.82
Barkin Ladi,Lowland,Wheat,116.19,46.1,47.66,8.67,22.13,397.56,2.71
Barkin Ladi,Lowland,Wheat,129.28,53.54,19.48,9.35,15.73,497.59,0.6
Barkin Ladi,Lowland,Wheat,133.29,48.92,34.43,7.82,21.22,395.48,0.66
Barkin Ladi,Lowland,Wheat,126.66,49.51,18.75,7.41,18.18,533.21,1.55
Barkin Ladi,Lowland,Wheat,133.2,42.44,39.85,6.88,18.1,568.75,0.6
Barkin Ladi,Lowland,Wheat,108.3,50.99,18.75,5.47,24.09,413.63,2.34
Barkin Ladi,Lowland,Wheat,165.2,52.59,21.64,6.92,16.82,510.12,1.39
Barkin Ladi,Lowland,Wheat,187.5,55.33,62.5,9.1,25.0,337.5,2.41
Barkin Ladi,Lowland,Wheat,148.65,54.24,28.7,5.14,20.65,515.73,2.57
Barkin Ladi,Lowland,Wheat,76.19,40.27,41.82,7.93,16.27,460.96,1.46
Barkin Ladi,Lowland,Wheat,173.28,47.24,42.74,6.39,18.06,337.5,2.77
Barkin Ladi,Lowland,Wheat,151.33,46.59,27.11,5.62,18.27,589.51,0.79
Barkin Ladi,Lowland,Wheat,145.53,46.86,62.5,7.28,19.01,337.5,1.7
Barkin Ladi,Lowland,Wheat,80.6,39.92,20.25,5.8,19.18,607.3,1.5
Barkin Ladi,Lowland,Wheat,127.53,52.66,18.75,8.62,21.19,444.06,1.61
Barkin Ladi,Lowland,Wheat,187.5,43.43,43.77,7.46,19.16,383.81,2.25
Barkin Ladi,Lowland,Wheat,161.71,51.81,42.57,6.59,22.25,616.44,1.85
Barkin Ladi,Lowland,Wheat,125.13,44.08,32.07,6.9,22.47,514.91,1.72
Barkin Ladi,Lowland,Wheat,134.91,49.74,38.3,6.9,11.42,481.75,1.43
Barkin Ladi,Lowland,Wheat,160.23,49.0,45.27,8.04,25.0,423.66,1.19
Barkin Ladi,Lowland,Wheat,155.77,56.06,21.56,5.4,22.08,474.34,2.73
Barkin Ladi,Lowland,Wheat,80.53,44.25,32.05,8.24,21.1,549.74,0.6
Barkin Ladi,Lowland,Pineapple,286.96,65.54,113.4,3.65,27.73,901.1,0.82
Barkin Ladi,Lowland,Pineapple,330.11,56.93,135.41,6.27,29.81,801.43,0.8
Barkin Ladi,Lowland,Pineapple,330.97,66.88,183.75,4.82,26.7,742.42,0.83
Barkin Ladi,Lowland,Pineapple,312.47,50.11,184.27,4.7,28.93,1029.77,0.94
Barkin Ladi,Lowland,Pineapple,255.72,49.65,169.52,6.24,23.8,952.85,0.08
Barkin Ladi,Lowland,Pineapple,261.29,53.2,129.24,7.32,28.86,785.09,0.32
Barkin Ladi,Lowland,Pineapple,250.94,80.25,196.69,4.59,27.87,762.09,1.2
Barkin Ladi,Lowland,Pineapple,254.83,55.48,213.37,4.53,24.7,962.03,0.15
Barkin Ladi,Lowland,Pineapple,311.96,59.74,176.38,5.77,27.27,598.9,0.97
Barkin Ladi,Lowland,Pineapple,275.2,64.1,136.98,4.73,26.32,867.96,0.79
Barkin Ladi,Lowland,Pineapple,262.05,65.58,82.5,6.85,25.1,808.22,0.08
Barkin Ladi,Lowland,Pineapple,229.89,61.55,145.66,5.76,28.32,804.51,0.88
Barkin Ladi,Lowland,Pineapple,260.54,74.65,164.05,4.87,23.21,873.35,0.4
Barkin Ladi,Lowland,Pineapple,272.03,57.12,164.34,5.31,28.23,876.06,0.71
Barkin Ladi,Lowland,Pineapple,338.37,76.13,111.02,7.41,31.2,659.84,0.57
Barkin Ladi,Lowland,Pineapple,290.68,81.25,162.46,5.25,31.36,632.92,1.08
Barkin Ladi,Lowland,Pineapple,343.05,59.37,269.48,6.66,26.54,686.44,0.68
Barkin Ladi,Lowland,Pineapple,276.87,81.25,121.66,5.84,28.61,525.0,0.93
Barkin Ladi,Lowland,Pineapple,333.6,77.62,239.13,5.6,31.7,710.11,1.17
Barkin Ladi,Lowland,Pineapple,267.03,56.3,82.5,5.84,27.89,671.48,0.76
Barkin Ladi,Lowland,Pineapple,245.08,71.19,150.41,3.52,29.56,693.1,1.25
Barkin Ladi,Lowland,Pineapple,327.13,70.18,219.68,6.37,26.17,810.52,0.54
Barkin Ladi,Lowland,Pineapple,329.76,81.25,211.04,5.21,25.64,681.45,0.63
Barkin Ladi,Lowland,Pineapple,307.89,69.26,189.72,4.39,26.34,608.19,1.04
Barkin Ladi,Lowland,Pineapple,341.01,66.12,122.25,6.38,30.7,525.0,0.85
Barkin Ladi,Lowland,Pineapple,298.49,76.89,243.49,5.56,25.99,870.94,0.59
Barkin Ladi,Lowland,Pineapple,328.37,69.95,219.56,3.38,28.7,760.72,1.25
Barkin Ladi,Lowland,Pineapple,318.79,66.09,82.5,6.71,26.56,715.51,0.51
Barkin Ladi,Lowland,Pineapple,295.84,58.98,155.07,6.87,26.81,714.21,0.33
Barkin Ladi,Lowland,Pineapple,331.45,81.25,179.63,4.84,27.85,657.13,0.95
Barkin Ladi,Lowland,Pineapple,293.47,66.47,165.68,6.93,25.3,831.62,0.23
Barkin Ladi,Lowland,Pineapple,321.75,69.71,111.99,6.44,23.52,799.58,0.71
Barkin Ladi,Lowland,Pineapple,308.78,66.75,207.03,5.42,24.87,899.05,0.46
Barkin Ladi,Lowland,Pineapple,303.41,65.69,142.64,5.78,22.32,990.69,0.1
Barkin Ladi,Lowland,Pineapple,336.6,57.33,152.38,6.39,26.36,1020.62,0.24
Barkin Ladi,Lowland,Pineapple,312.76,71.2,82.5,5.01,25.1,761.52,1.02
Barkin Ladi,Lowland,Pineapple,317.28,81.25,275.0,4.25,26.55,849.65,0.93
Barkin Ladi,Lowland,Pineapple,222.29,81.25,144.19,5.11,25.84,947.78,0.22
Barkin Ladi,Lowland,Pineapple,311.82,63.45,240.19,4.96,27.53,525.0,1.07
Barkin Ladi,Lowland,Pineapple,300.08,68.18,142.59,4.98,23.89,904.32,0.4
Barkin Ladi,Lowland,Pineapple,306.78,78.57,175.8,5.17,26.85,749.89,0.8
Barkin Ladi,Lowland,Pineapple,257.23,55.51,99.91,4.39,25.53,980.56,0.2
Barkin Ladi,Lowland,Pineapple,363.92,74.62,246.92,4.8,27.16,707.77,1.09
Barkin Ladi,Lowland,Pineapple,285.1,81.25,192.1,6.23,29.21,552.96,0.87
Barkin Ladi,Lowland,Pineapple,271.56,62.73,120.4,7.32,27.45,525.0,0.87
Barkin Ladi,Lowland,Pineapple,329.74,54.43,220.97,5.0,25.46,691.88,0.84
Barkin Ladi,Lowland,Pineapple,339.21,52.55,82.5,7.5,29.25,525.0,0.61
Barkin Ladi,Lowland,Pineapple,357.72,74.77,179.57,5.24,27.2,525.0,1.13
Barkin Ladi,Lowland,Pineapple,219.69,57.17,82.5,4.87,24.41,1093.12,0.08
Barkin Ladi,Lowland,Pineapple,252.26,69.88,82.5,4.44,28.94,966.47,0.57
Barkin Ladi,Lowland,Onion,91.48,25.88,42.74,6.87,23.93,308.53,1.49
Barkin Ladi,Lowland,Onion,74.98,18.75,36.74,5.93,19.12,399.68,1.4
Barkin Ladi,Lowland,Onion,99.08,32.55,33.75,5.49,21.01,350.07,1.24
Barkin Ladi,Lowland,Onion,95.51,37.66,61.4,6.57,21.76,262.5,1.51
Barkin Ladi,Lowland,Onion,93.4,18.75,33.75,6.0,19.79,414.68,0.86
Barkin Ladi,Lowland,Onion,116.63,52.96,54.74,6.77,18.7,288.3,1.06
Barkin Ladi,Lowland,Onion,100.75,56.25,73.58,6.59,20.73,379.79,0.75
Barkin Ladi,Lowland,Onion,89.75,29.55,51.23,6.55,18.82,397.46,0.8
Barkin Ladi,Lowland,Onion,103.44,28.93,37.06,6.59,22.02,385.36,1.34
Barkin Ladi,Lowland,Onion,73.56,48.92,46.32,6.08,22.42,473.18,1.2
Barkin Ladi,Lowland,Onion,109.49,56.25,58.99,7.41,18.34,262.5,1.28
Barkin Ladi,Lowland,Onion,120.61,51.55,88.04,6.84,21.78,289.45,1.32
Barkin Ladi,Lowland,Onion,88.07,39.95,90.34,5.67,20.8,330.28,1.65
Barkin Ladi,Lowland,Onion,98.74,55.35,57.85,6.49,25.0,262.5,2.25
Barkin Ladi,Lowland,Onion,125.0,56.25,58.64,7.17,23.94,262.5,1.36
Barkin Ladi,Lowland,Onion,70.95,38.95,82.46,7.67,19.8,262.5,0.61
Barkin Ladi,Lowland,Onion,80.77,25.78,61.52,6.03,16.33,490.5,0.67
Barkin Ladi,Lowland,Onion,97.46,33.97,65.92,7.27,25.0,301.35,0.99
Barkin Ladi,Lowland,Onion,99.96,47.45,100.0,6.4,20.84,293.83,1.55
Barkin Ladi,Lowland,Onion,66.24,31.94,66.96,6.6,25.0,332.88,0.87
Barkin Ladi,Lowland,Onion,96.49,53.56,61.46,6.73,20.56,441.33,0.77
Barkin Ladi,Lowland,Onion,61.22,46.36,72.08,6.98,16.93,262.5,0.58
Barkin Ladi,Lowland,Onion,99.94,56.25,81.06,6.53,12.45,376.36,0.3
Barkin Ladi,Lowland,Onion,72.2,46.03,59.18,5.94,17.39,523.29,0.3
Barkin Ladi,Lowland,Onion,118.11,30.01,44.02,5.32,21.74,558.71,1.26
Barkin Ladi,Lowland,Onion,122.12,55.64,72.94,6.57,22.8,262.5,2.04
Barkin Ladi,Lowland,Onion,87.86,56.25,53.07,6.68,19.97,262.5,1.28
Barkin Ladi,Lowland,Onion,110.9,56.25,64.47,5.23,18.24,455.03,1.36
Barkin Ladi,Lowland,Onion,118.85,56.25,75.4,6.53,19.7,262.6,1.64
Barkin Ladi,Lowland,Onion,99.92,35.02,45.87,7.22,21.34,262.5,1.82
Barkin Ladi,Lowland,Onion,121.54,45.93,55.33,6.64,19.06,575.52,0.3
Barkin Ladi,Lowland,Onion,104.51,52.84,90.39,6.46,22.31,262.5,1.08
Barkin Ladi,Lowland,Onion,95.47,34.32,77.73,7.0,21.26,262.5,2.04
Barkin Ladi,Lowland,Onion,123.93,43.19,62.85,5.94,21.18,314.65,1.77
Barkin Ladi,Lowland,Onion,91.96,42.49,77.22,6.49,16.58,353.84,1.11
Barkin Ladi,Lowland,Onion,103.53,36.88,50.95,6.51,21.7,330.53,1.51
Barkin Ladi,Lowland,Onion,83.24,39.53,96.84,6.5,19.53,262.5,1.49
Barkin Ladi,Lowland,Onion,83.65,36.57,33.75,5.68,20.19,383.73,1.15
Barkin Ladi,Lowland,Onion,85.24,34.4,33.84,6.42,25.0,310.24,1.32
Barkin Ladi,Lowland,Onion,102.62,56.25,87.09,6.8,16.44,390.06,0.67
Barkin Ladi,Lowland,Onion,109.47,56.25,96.51,6.16,22.1,351.58,1.19
Barkin Ladi,Lowland,Onion,78.84,35.81,33.75,6.29,15.07,551.88,0.44
Barkin Ladi,Lowland,Onion,91.04,44.9,44.69,6.29,21.94,368.74,1.58
Barkin Ladi,Lowland,Onion,125.0,47.09,92.73,7.33,15.59,306.49,0.43
Barkin Ladi,Lowland,Onion,73.06,46.67,46.47,6.7,19.55,302.64,0.66
Barkin Ladi,Lowland,Onion,73.69,35.9,38.4,6.72,22.38,262.5,1.55
Barkin Ladi,Lowland,Onion,105.75,42.91,49.92,6.29,23.04,383.81,0.56
Barkin Ladi,Lowland,Onion,65.05,36.86,54.8,4.91,20.59,585.01,1.09
Barkin Ladi,Lowland,Onion,110.6,45.82,54.37,6.28,25.0,363.48,1.09
Barkin Ladi,Lowland,Onion,53.21,43.19,66.91,6.8,22.17,357.35,1.2
Langtang North,Lowland,Irish-potato,81.75,46.64,145.32,5.61,15.83,367.46,0.98
Langtang North,Lowland,Irish-potato,80.16,41.94,106.49,4.91,18.43,404.51,1.14
Langtang North,Lowland,Irish-potato,150.0,75.0,194.87,4.62,19.01,500.34,1.07
Langtang North,Lowland,Irish-potato,108.68,75.0,225.0,4.23,15.53,683.75,1.2
Langtang North,Lowland,Irish-potato,99.1,58.18,96.16,4.18,22.73,417.03,0.93
Langtang North,Lowland,Irish-potato,130.57,65.01,135.43,4.19,15.52,628.0,0.81
Langtang North,Lowland,Irish-potato,71.31,67.91,152.05,4.69,14.35,322.26,1.19
Langtang North,Lowland,Irish-potato,135.43,55.09,135.34,3.0,19.39,693.18,1.84
Langtang North,Lowland,Irish-potato,83.41,36.75,127.03,5.38,25.0,375.42,1.46
Langtang North,Lowland,Irish-potato,71.23,30.0,165.98,5.16,14.72,354.41,0.86
Langtang North,Lowland,Irish-potato,92.42,30.0,90.0,4.67,20.72,571.84,0.5
Langtang North,Lowland,Irish-potato,96.8,39.54,144.99,5.74,13.67,476.31,0.22
Langtang North,Lowland,Irish-potato,89.04,35.59,180.28,4.56,21.52,544.94,1.17
Langtang North,Lowland,Irish-potato,82.9,30.0,131.8,4.71,19.42,300.0,1.75
Langtang North,Lowland,Irish-potato,150.0,70.86,225.0,5.22,16.23,300.0,0.94
Langtang North,Lowland,Irish-potato,137.44,69.38,197.7,4.04,16.5,750.0,0.35
Langtang North,Lowland,Irish-potato,87.45,45.67,90.0,4.45,20.98,494.22,1.88
Langtang North,Lowland,Irish-potato,98.31,63.52,186.03,4.2,25.0,334.83,1.48
Langtang North,Lowland,Irish-potato,71.55,56.07,150.2,6.39,15.16,300.0,0.24
Langtang North,Lowland,Irish-potato,60.0,32.92,114.66,6.3,16.4,441.25,0.47
Langtang North,Lowland,Irish-potato,143.25,43.33,148.18,4.63,16.68,555.22,0.51
Langtang North,Lowland,Irish-potato,78.64,75.0,130.99,4.83,13.75,391.08,0.73
Langtang North,Lowland,Irish-potato,60.0,30.0,103.32,3.99,22.59,541.85,1.36
Langtang North,Lowland,Irish-potato,60.0,53.0,195.47,3.77,15.96,512.4,0.89
Langtang North,Lowland,Irish-potato,118.66,65.05,172.4,3.65,16.02,582.73,0.78
Langtang North,Lowland,Irish-potato,150.0,75.0,127.0,4.02,11.53,300.0,1.53
Langtang North,Lowland,Irish-potato,114.73,75.0,194.5,3.83,18.16,350.97,1.44
Langtang North,Lowland,Irish-potato,150.0,64.47,225.0,5.01,17.58,365.36,0.99
Langtang North,Lowland,Irish-potato,111.52,51.99,148.69,4.35,13.69,488.05,1.11
Langtang North,Lowland,Irish-potato,124.03,44.85,103.25,3.11,22.53,664.5,1.58
Langtang North,Lowland,Irish-potato,91.3,48.56,147.36,3.9,20.11,389.49,1.62
Langtang North,Lowland,Irish-potato,134.24,60.89,204.23,5.46,16.91,337.16,0.3
Langtang North,Lowland,Irish-potato,60.0,30.0,90.0,4.57,17.1,502.28,0.87
Langtang North,Lowland,Irish-potato,72.49,62.09,132.04,6.55,16.5,300.0,0.22
Langtang North,Lowland,Irish-potato,112.33,60.61,136.4,5.29,9.61,395.82,0.53
Langtang North,Lowland,Irish-potato,129.86,42.54,153.46,5.17,23.9,300.0,1.6
Langtang North,Lowland,Irish-potato,113.37,68.12,142.63,3.93,12.02,503.05,0.63
Langtang North,Lowland,Irish-potato,148.73,75.0,212.73,4.88,19.7,300.0,1.44
Langtang North,Lowland,Irish-potato,138.77,73.21,199.47,4.52,18.37,450.29,1.17
Langtang North,Lowland,Irish-potato,111.34,58.21,197.26,4.99,22.39,407.29,1.25
Langtang North,Lowland,Irish-potato,124.12,75.0,98.41,5.69,14.86,300.0,1.14
Langtang North,Lowland,Irish-potato,99.98,65.98,111.21,5.87,22.57,309.51,0.87
Langtang North,Lowland,Irish-potato,81.46,66.13,118.11,3.66,19.68,497.46,1.27
Langtang North,Lowland,Irish-potato,133.08,69.95,204.39,4.3,13.96,429.94,1.0
Langtang North,Lowland,Irish-potato,74.63,64.65,201.46,4.7,17.36,379.55,1.2
Langtang North,Lowland,Irish-potato,93.44,40.49,113.39,6.7,24.71,343.18,0.22
Langtang North,Lowland,Irish-potato,116.67,36.24,188.41,5.46,18.3,300.0,1.71
Langtang North,Lowland,Irish-potato,137.91,75.0,162.03,5.77,16.24,467.17,0.42
Langtang North,Lowland,Irish-potato,60.0,45.29,90.0,4.68,15.6,425.77,1.04
Langtang North,Lowland,Irish-potato,150.0,69.68,182.83,5.15,17.46,300.0,0.85
Langtang North,Lowland,Tomato,146.79,136.45,149.19,7.06,20.02,507.91,0.38
Langtang North,Lowland,Tomato,144.97,115.06,288.9,5.22,25.27,525.49,1.74
Langtang North,Lowland,Tomato,130.2,93.27,197.91,4.99,28.87,383.45,2.17
Langtang North,Lowland,Tomato,129.2,94.45,242.69,7.1,29.9,450.3,0.51
Langtang North,Lowland,Tomato,106.48,93.27,241.29,6.48,25.54,463.83,1.91
Langtang North,Lowland,Tomato,116.05,111.2,137.67,6.63,28.17,518.09,1.18
Langtang North,Lowland,Tomato,142.26,106.24,272.6,6.08,23.72,343.13,1.16
Langtang North,Lowland,Tomato,142.06,81.78,227.94,6.26,26.03,483.29,1.26
Langtang North,Lowland,Tomato,180.6,77.51,225.29,6.39,23.01,302.54,1.93
Langtang North,Lowland,Tomato,139.48,92.16,213.87,6.36,25.38,300.0,1.63
Langtang North,Lowland,Tomato,161.93,77.55,262.03,6.51,22.84,413.4,2.04
Langtang North,Lowland,Tomato,187.5,137.5,251.57,8.08,26.5,300.0,1.3
Langtang North,Lowland,Tomato,136.71,104.47,250.14,7.16,22.53,469.58,1.05
Langtang North,Lowland,Tomato,123.87,89.95,214.62,5.82,26.35,508.56,0.89
Langtang North,Lowland,Tomato,127.48,82.47,136.16,5.23,27.08,583.12,1.44
Langtang North,Lowland,Tomato,187.5,114.27,166.37,7.13,20.39,300.0,1.81
Langtang North,Lowland,Tomato,139.06,94.53,172.47,7.32,20.48,312.34,0.89
Langtang North,Lowland,Tomato,127.12,135.11,249.51,6.12,19.83,417.4,0.73
Langtang North,Lowland,Tomato,160.32,102.64,218.29,7.41,28.14,304.78,1.56
Langtang North,Lowland,Tomato,140.81,93.34,210.6,7.59,22.17,315.6,0.38
Langtang North,Lowland,Tomato,169.33,80.19,120.0,7.75,26.49,325.12,0.38
Langtang North,Lowland,Tomato,174.37,105.76,207.08,7.21,24.19,330.66,0.64
Langtang North,Lowland,Tomato,111.14,107.2,169.78,5.53,21.78,426.03,0.77
Langtang North,Lowland,Tomato,141.61,60.18,186.71,7.18,23.89,304.31,1.29
Langtang North,Lowland,Tomato,133.25,73.69,247.31,5.96,20.99,410.64,2.03
Langtang North,Lowland,Tomato,76.45,79.87,150.51,6.49,31.25,326.76,1.39
Langtang North,Lowland,Tomato,94.6,73.86,203.6,7.3,25.72,458.87,0.38
Langtang North,Lowland,Tomato,125.47,74.37,150.05,5.42,31.25,302.18,2.5
Langtang North,Lowland,Tomato,173.22,109.82,254.2,7.32,29.29,300.0,1.64
Langtang North,Lowland,Tomato,109.26,50.26,160.76,6.93,28.06,405.22,1.46
Langtang North,Lowland,Tomato,78.93,64.15,173.93,5.56,20.69,501.32,0.47
Langtang North,Lowland,Tomato,187.5,101.98,211.38,4.67,21.01,458.77,1.71
Langtang North,Lowland,Tomato,103.07,80.7,130.8,5.63,30.68,480.94,1.71
Langtang North,Lowland,Tomato,78.84,105.26,181.53,5.75,25.49,507.0,0.76
Langtang North,Lowland,Tomato,94.17,73.46,120.0,5.51,25.44,460.75,0.89
Langtang North,Lowland,Tomato,132.57,83.21,182.82,7.99,22.94,411.51,0.64
Langtang North,Lowland,Tomato,136.73,83.22,274.13,8.17,26.11,327.18,1.01
Langtang North,Lowland,Tomato,154.32,89.21,213.5,8.64,19.47,300.0,0.72
Langtang North,Lowland,Tomato,124.71,99.13,188.73,7.48,26.73,365.6,1.32
Langtang North,Lowland,Tomato,97.85,85.92,165.3,5.15,28.48,448.05,1.11
Langtang North,Lowland,Tomato,164.94,74.68,238.36,4.81,19.48,622.7,0.42
Langtang North,Lowland,Tomato,150.58,124.75,172.34,8.75,30.81,300.0,0.38
Langtang North,Lowland,Tomato,122.87,82.45,130.26,6.99,26.7,378.15,1.7
Langtang North,Lowland,Tomato,137.66,117.09,300.0,5.3,25.66,434.99,1.52
Langtang North,Lowland,Tomato,121.77,48.75,156.24,5.95,27.87,382.69,1.53
Langtang North,Lowland,Tomato,120.66,106.81,181.62,3.75,28.59,412.33,2.37
Langtang North,Lowland,Tomato,143.91,103.33,272.19,8.44,21.48,490.39,0.38
Langtang North,Lowland,Tomato,101.4,93.08,217.83,7.69,27.29,300.0,0.98
Langtang North,Lowland,Tomato,169.51,137.5,290.19,5.9,25.71,300.0,1.63
Langtang North,Lowland,Tomato,138.07,132.82,194.71,8.18,26.06,303.79,0.5
Langtang North,Lowland,Groundnut,16.89,44.44,47.55,6.01,27.56,504.37,0.86
Langtang North,Lowland,Groundnut,10.36,31.19,31.2,6.66,29.72,427.1,1.0
Langtang North,Lowland,Groundnut,19.53,36.58,29.97,7.69,34.4,375.0,1.5
Langtang North,Lowland,Groundnut,13.75,22.27,33.43,6.44,28.02,605.75,0.87
Langtang North,Lowland,Groundnut,19.3,11.25,43.04,5.9,23.99,675.46,0.67
Langtang North,Lowland,Groundnut,23.29,39.44,46.41,6.37,17.39,840.21,0.15
Langtang North,Lowland,Groundnut,22.34,28.76,39.08,5.95,25.81,625.59,1.21
Langtang North,Lowland,Groundnut,21.0,28.01,35.24,6.67,27.54,535.64,1.09
Langtang North,Lowland,Groundnut,19.35,49.94,42.7,6.02,27.12,677.36,0.88
Langtang North,Lowland,Groundnut,25.0,50.0,50.0,5.87,35.0,487.94,1.5
Langtang North,Lowland,Groundnut,25.0,26.64,50.0,5.86,21.92,653.6,0.69
Langtang North,Lowland,Groundnut,25.0,37.66,45.93,6.85,31.52,510.46,0.59
Langtang North,Lowland,Groundnut,18.66,38.0,32.67,6.67,34.8,375.0,1.5
Langtang North,Lowland,Groundnut,25.0,41.79,35.84,7.51,30.2,424.89,0.85
Langtang North,Lowland,Groundnut,25.0,28.49,40.6,6.84,25.21,593.17,0.58
Langtang North,Lowland,Groundnut,18.56,26.78,41.7,7.1,29.71,375.0,1.29
Langtang North,Lowland,Groundnut,20.42,34.81,32.26,6.47,28.84,568.92,0.78
Langtang North,Lowland,Groundnut,25.0,34.47,39.81,7.02,23.96,559.07,0.68
Langtang North,Lowland,Groundnut,24.34,26.59,34.84,6.77,26.71,513.61,1.05
Langtang North,Lowland,Groundnut,18.64,31.17,36.01,6.8,27.83,527.11,0.57
Langtang North,Lowland,Groundnut,25.0,50.0,50.0,6.87,28.23,384.29,0.46
Langtang North,Lowland,Groundnut,23.63,12.84,26.51,5.05,29.68,683.06,1.04
Langtang North,Lowland,Groundnut,25.0,49.87,42.61,6.21,27.87,528.39,1.02
Langtang North,Lowland,Groundnut,17.69,44.54,36.7,6.12,25.55,439.26,0.77
Langtang North,Lowland,Groundnut,15.63,11.25,27.0,6.56,23.87,631.09,0.65
Langtang North,Lowland,Groundnut,22.79,35.59,36.39,7.47,25.91,375.0,0.68
Langtang North,Lowland,Groundnut,17.84,29.81,34.92,5.14,28.71,720.99,0.96
Langtang North,Lowland,Groundnut,23.88,38.23,50.0,6.51,32.02,375.0,1.17
Langtang North,Lowland,Groundnut,12.95,12.38,26.89,7.14,27.15,602.8,0.4
Langtang North,Lowland,Groundnut,16.9,31.32,18.75,6.9,35.0,399.29,1.13
Langtang North,Lowland,Groundnut,15.99,44.1,41.45,6.11,31.04,510.5,0.88
Langtang North,Lowland,Groundnut,16.26,50.0,30.58,6.24,28.2,563.19,0.71
Langtang North,Lowland,Groundnut,20.39,26.07,28.39,6.87,28.63,516.4,1.33
Langtang North,Lowland,Groundnut,19.91,43.38,40.44,6.92,27.3,611.11,0.38
Langtang North,Lowland,Groundnut,25.0,12.79,50.0,6.46,22.07,711.05,0.66
Langtang North,Lowland,Groundnut,18.54,45.65,31.3,6.74,35.0,399.99,1.13
Langtang North,Lowland,Groundnut,24.53,27.49,38.77,6.78,26.16,639.7,0.79
Langtang North,Lowland,Groundnut,14.78,33.19,38.91,6.51,29.71,522.56,0.86
Langtang North,Lowland,Groundnut,16.46,27.9,29.49,6.17,23.34,648.11,0.68
Langtang North,Lowland,Groundnut,21.73,47.5,38.75,5.93,29.5,498.85,0.91
Langtang North,Lowland,Groundnut,17.18,20.32,33.86,6.57,27.94,450.27,0.68
Langtang North,Lowland,Groundnut,16.27,11.25,39.53,6.68,30.52,458.65,0.91
Langtang North,Lowland,Groundnut,12.81,30.94,33.09,6.62,28.93,556.58,0.87
Langtang North,Lowland,Groundnut,11.88,25.55,29.56,7.33,31.02,407.07,1.44
Langtang North,Lowland,Groundnut,14.29,11.25,45.04,7.1,31.1,449.27,0.83
Langtang North,Lowland,Groundnut,25.0,48.45,32.69,6.69,25.41,417.65,0.99
Langtang North,Lowland,Groundnut,17.36,49.21,42.28,6.29,31.75,442.48,1.5
Langtang North,Lowland,Groundnut,11.07,16.18,38.19,6.31,25.95,545.34,0.93
Langtang North,Lowland,Groundnut,16.47,18.12,44.82,6.48,31.79,471.43,0.86
Langtang North,Lowland,Groundnut,16.58,44.97,46.89,6.24,28.35,420.56,1.25
Langtang North,Lowland,Pepper,81.38,27.94,41.25,5.09,23.58,1407.65,1.29
Langtang North,Lowland,Pepper,126.16,59.09,110.12,6.95,28.29,450.0,1.43
Langtang North,Lowland,Pepper,94.03,21.66,95.66,4.5,33.36,886.79,2.5
Langtang North,Lowland,Pepper,212.5,51.34,111.7,6.49,25.05,882.28,0.91
Langtang North,Lowland,Pepper,141.11,43.97,43.95,4.88,26.03,1253.31,1.09
Langtang North,Lowland,Pepper,95.15,62.5,97.66,8.22,18.02,450.0,0.66
Langtang North,Lowland,Pepper,212.5,54.73,125.0,5.68,22.58,854.3,1.79
Langtang North,Lowland,Pepper,148.32,62.5,118.62,4.8,30.9,1096.12,1.52
Langtang North,Lowland,Pepper,149.77,26.39,90.53,5.78,27.38,929.13,1.92
Langtang North,Lowland,Pepper,75.0,18.75,85.19,7.28,23.35,764.96,1.76
Langtang North,Lowland,Pepper,167.22,47.94,125.0,6.69,33.63,450.0,2.43
Langtang North,Lowland,Pepper,125.16,55.83,85.35,6.82,13.5,642.9,0.45
Langtang North,Lowland,Pepper,204.1,47.91,89.17,7.01,24.58,507.07,1.4
Langtang North,Lowland,Pepper,153.69,38.93,69.77,6.48,23.73,684.35,2.05
Langtang North,Lowland,Pepper,132.22,46.68,51.17,7.02,29.56,933.71,0.99
Langtang North,Lowland,Pepper,138.43,31.05,91.38,7.51,32.15,450.0,2.49
Langtang North,Lowland,Pepper,157.42,38.93,82.89,6.33,21.29,1349.98,1.34
Langtang North,Lowland,Pepper,176.76,44.41,91.05,6.5,21.68,450.0,2.28
Langtang North,Lowland,Pepper,167.7,18.91,69.79,5.84,17.63,1318.27,0.95
Langtang North,Lowland,Pepper,130.76,57.1,110.74,7.21,33.65,450.0,1.87
Langtang North,Lowland,Pepper,169.78,47.03,67.96,6.46,28.88,929.26,2.33
Langtang North,Lowland,Pepper,139.33,48.92,119.94,6.16,23.4,952.65,0.59
Langtang North,Lowland,Pepper,100.21,45.57,41.25,8.03,24.13,500.82,1.37
Langtang North,Lowland,Pepper,88.42,29.8,107.18,5.9,25.32,917.11,2.2
Langtang North,Lowland,Pepper,169.46,46.14,75.49,6.54,29.69,850.51,0.7
Langtang North,Lowland,Pepper,101.8,43.88,66.72,7.34,22.66,630.34,1.02
Langtang North,Lowland,Pepper,97.42,51.61,106.84,6.71,33.75,756.34,2.09
Langtang North,Lowland,Pepper,173.11,32.63,76.79,5.86,26.87,633.81,1.71
Langtang North,Lowland,Pepper,75.0,51.34,41.25,5.18,26.58,1344.98,1.21
Langtang North,Lowland,Pepper,101.11,36.0,84.34,5.7,28.08,1306.69,1.04
Langtang North,Lowland,Pepper,75.0,52.69,76.15,6.93,25.12,1268.24,0.45
Langtang North,Lowland,Pepper,76.73,33.64,54.6,5.78,33.75,1107.26,1.7
Langtang North,Lowland,Pepper,157.15,62.5,98.13,6.19,33.75,1068.16,0.61
Langtang North,Lowland,Pepper,152.14,58.63,99.98,4.48,33.75,953.39,2.43
Langtang North,Lowland,Pepper,208.81,50.01,86.21,7.13,29.92,670.16,2.16
Langtang North,Lowland,Pepper,137.67,62.5,104.68,6.43,25.8,797.76,1.94
Langtang North,Lowland,Pepper,198.56,57.27,124.38,7.54,29.25,450.0,2.24
Langtang North,Lowland,Pepper,114.02,43.0,65.95,6.14,19.23,481.5,2.46
Langtang North,Lowland,Pepper,112.7,18.75,63.53,6.98,25.12,450.0,2.5
Langtang North,Lowland,Pepper,75.0,46.24,42.08,5.5,25.37,1334.07,1.26
Langtang North,Lowland,Pepper,210.06,47.18,125.0,6.77,18.96,450.0,2.4
Langtang North,Lowland,Pepper,205.41,57.87,118.56,6.42,27.32,796.38,1.79
Langtang North,Lowland,Pepper,128.32,50.77,123.72,5.03,23.38,1148.92,1.64
Langtang North,Lowland,Pepper,126.45,27.57,77.7,6.47,28.31,1018.93,1.25
Langtang North,Lowland,Pepper,120.36,39.59,95.98,6.4,27.12,581.88,1.66
Langtang North,Lowland,Pepper,140.91,42.83,80.17,7.47,17.64,696.3,0.7
Langtang North,Lowland,Pepper,129.49,50.2,110.79,6.7,29.73,450.0,1.94
Langtang North,Lowland,Pepper,90.24,42.4,60.18,5.4,28.1,597.76,2.4
Langtang North,Lowland,Pepper,167.69,57.55,108.46,7.11,32.56,564.62,1.08
Langtang North,Lowland,Pepper,150.66,27.36,92.52,6.37,18.19,1049.6,0.8
Langtang North,Lowland,Cabbage,115.66,68.51,121.51,7.29,25.29,285.0,0.99
Langtang North,Lowland,Cabbage,108.86,69.78,125.48,6.92,30.0,285.0,1.21
Langtang North,Lowland,Cabbage,89.72,65.78,105.58,6.55,21.3,331.48,1.41
Langtang North,Lowland,Cabbage,112.12,60.46,105.99,6.14,30.0,357.84,1.62
Langtang North,Lowland,Cabbage,159.85,75.97,146.53,7.03,21.38,285.0,1.42
Langtang North,Lowland,Cabbage,142.97,53.39,138.07,6.3,19.43,418.76,1.03
Langtang North,Lowland,Cabbage,113.86,67.14,121.8,6.78,30.0,336.69,0.78
Langtang North,Lowland,Cabbage,155.49,73.56,138.15,6.69,9.11,316.86,0.45
Langtang North,Lowland,Cabbage,123.86,68.21,129.45,6.58,18.95,285.0,0.84
Langtang North,Lowland,Cabbage,148.31,67.37,126.53,6.89,20.96,381.36,0.57
Langtang North,Lowland,Cabbage,164.44,64.33,102.21,6.59,14.13,457.66,0.2
Langtang North,Lowland,Cabbage,162.54,60.95,136.13,7.52,7.59,307.94,0.59
Langtang North,Lowland,Cabbage,160.3,80.13,119.0,5.93,30.0,361.4,1.02
Langtang North,Lowland,Cabbage,118.12,51.29,125.87,7.41,20.62,285.0,1.17
Langtang North,Lowland,Cabbage,75.0,46.74,116.16,6.66,23.57,285.0,1.12
Langtang North,Lowland,Cabbage,187.5,67.75,138.14,7.94,19.94,336.74,0.15
Langtang North,Lowland,Cabbage,129.08,60.85,117.93,7.51,17.6,286.4,0.89
Langtang North,Lowland,Cabbage,116.91,47.39,120.5,6.94,25.57,372.05,0.85
Langtang North,Lowland,Cabbage,145.73,71.72,107.47,6.01,30.0,394.94,1.06
Langtang North,Lowland,Cabbage,102.1,49.24,109.46,6.18,29.0,374.49,1.45
Langtang North,Lowland,Cabbage,105.67,69.74,123.19,6.53,26.03,331.05,1.19
Langtang North,Lowland,Cabbage,97.86,62.84,113.44,5.96,9.03,419.57,1.12
Langtang North,Lowland,Cabbage,125.69,66.51,125.42,6.42,13.58,416.64,0.75
Langtang North,Lowland,Cabbage,131.9,58.23,135.33,6.62,24.32,331.79,0.9
Langtang North,Lowland,Cabbage,105.34,66.17,106.52,6.77,11.65,285.0,1.27
Langtang North,Lowland,Cabbage,106.39,56.8,134.32,6.54,16.19,451.47,0.69
Langtang North,Lowland,Cabbage,109.83,69.72,131.73,7.01,20.09,285.0,1.33
Langtang North,Lowland,Cabbage,144.63,63.06,145.74,7.06,13.65,289.9,1.2
Langtang North,Lowland,Cabbage,137.35,42.19,125.62,7.05,18.71,443.7,0.49
Langtang North,Lowland,Cabbage,102.91,68.86,124.47,7.04,19.95,337.56,0.95
Langtang North,Lowland,Cabbage,148.79,56.61,159.0,7.14,19.58,285.0,1.05
Langtang North,Lowland,Cabbage,86.81,68.48,99.97,7.01,25.94,366.85,0.64
Langtang North,Lowland,Cabbage,125.77,75.96,129.54,6.16,22.93,293.91,1.62
Langtang North,Lowland,Cabbage,101.65,50.21,117.15,5.94,22.97,459.46,0.9
Langtang North,Lowland,Cabbage,109.31,60.76,112.44,7.36,30.0,285.0,1.44
Langtang North,Lowland,Cabbage,163.44,63.69,128.24,6.08,21.64,387.65,0.85
Langtang North,Lowland,Cabbage,132.87,71.81,112.39,7.33,10.15,285.0,0.71
Langtang North,Lowland,Cabbage,168.09,69.24,120.3,7.12,25.39,285.0,1.31
Langtang North,Lowland,Cabbage,135.23,53.44,105.39,6.54,21.84,370.66,1.15
Langtang North,Lowland,Cabbage,101.67,69.06,96.93,7.01,21.42,358.19,0.91
Langtang North,Lowland,Cabbage,133.19,56.34,120.07,7.59,29.19,285.0,0.77
Langtang North,Lowland,Cabbage,152.75,66.83,133.39,7.99,7.94,285.0,0.87
Langtang North,Lowland,Cabbage,93.17,62.2,118.99,5.73,26.66,420.42,1.16
Langtang North,Lowland,Cabbage,155.31,70.77,162.5,7.07,7.5,316.04,0.71
Langtang North,Lowland,Cabbage,80.18,69.34,82.6,5.52,26.45,379.58,1.62
Langtang North,Lowland,Cabbage,168.79,67.27,117.86,6.17,19.06,357.21,1.28
Langtang North,Lowland,Cabbage,151.45,61.34,120.03,6.47,23.99,285.0,1.42
Langtang North,Lowland,Cabbage,187.5,72.13,157.49,6.56,23.13,364.45,0.7
Langtang North,Lowland,Cabbage,110.56,69.24,99.52,6.55,10.34,407.8,0.5
Langtang North,Lowland,Cabbage,147.89,67.08,113.95,6.83,7.5,297.08,0.89
Langtang North,Lowland,Maize,206.43,81.86,115.15,6.51,19.08,710.94,0.9
Langtang North,Lowland,Maize,190.9,53.18,55.86,6.43,28.59,445.76,2.07
Langtang North,Lowland,Maize,157.98,60.13,48.34,6.68,23.99,636.81,0.45
Langtang North,Lowland,Maize,170.98,59.86,119.39,4.12,35.0,503.18,2.5
Langtang North,Lowland,Maize,182.43,79.68,81.26,6.95,26.48,504.33,1.17
Langtang North,Lowland,Maize,215.07,79.0,105.26,6.98,25.71,583.72,1.58
Langtang North,Lowland,Maize,188.74,70.42,62.66,7.21,26.73,487.6,1.78
Langtang North,Lowland,Maize,143.62,72.28,68.32,7.34,24.73,503.04,1.26
Langtang North,Lowland,Maize,188.34,95.69,105.13,8.65,33.11,375.0,1.82
Langtang North,Lowland,Maize,194.48,67.96,65.81,6.77,25.52,375.0,2.5
Langtang North,Lowland,Maize,178.09,56.72,99.13,5.3,21.04,878.0,1.77
Langtang North,Lowland,Maize,167.16,37.5,101.67,6.8,28.84,551.25,1.23
Langtang North,Lowland,Maize,193.52,99.23,106.59,5.12,30.74,438.5,2.5
Langtang North,Lowland,Maize,154.86,82.01,45.0,6.56,31.58,710.24,0.6
Langtang North,Lowland,Maize,196.27,74.85,91.2,8.58,30.62,498.08,0.3
Langtang North,Lowland,Maize,177.43,81.93,111.15,6.66,32.53,454.51,1.17
Langtang North,Lowland,Maize,215.52,97.69,111.08,6.9,23.54,403.51,1.43
Langtang North,Lowland,Maize,182.23,67.45,73.25,7.15,21.2,409.7,1.75
Langtang North,Lowland,Maize,152.11,70.61,88.31,6.4,25.36,572.49,1.5
Langtang North,Lowland,Maize,202.85,75.98,119.95,4.12,27.86,744.84,2.5
Langtang North,Lowland,Maize,189.9,74.84,103.02,7.1,26.41,537.13,0.98
Langtang North,Lowland,Maize,132.95,72.61,51.95,4.74,23.0,783.24,1.94
Langtang North,Lowland,Maize,140.9,45.79,62.19,6.06,29.57,676.32,1.92
Langtang North,Lowland,Maize,206.86,83.38,100.27,7.86,24.62,448.15,1.77
Langtang North,Lowland,Maize,140.81,90.08,82.88,7.48,27.94,375.0,0.91
Langtang North,Lowland,Maize,202.33,67.66,79.58,7.16,29.22,375.0,1.99
Langtang North,Lowland,Maize,224.11,90.48,118.01,7.01,24.61,375.0,2.08
Langtang North,Lowland,Maize,224.65,76.02,103.07,7.0,35.0,503.02,1.26
Langtang North,Lowland,Maize,199.79,80.15,98.36,7.11,27.26,571.96,0.7
Langtang North,Lowland,Maize,179.46,81.84,74.59,8.15,21.88,375.0,1.67
Langtang North,Lowland,Maize,242.83,87.01,114.01,7.62,27.1,440.62,1.18
Langtang North,Lowland,Maize,200.28,71.94,79.74,7.21,25.02,460.83,1.07
Langtang North,Lowland,Maize,162.63,87.04,125.0,6.7,28.42,375.0,1.75
Langtang North,Lowland,Maize,229.44,100.0,115.05,6.61,30.82,614.38,1.75
Langtang North,Lowland,Maize,174.79,79.26,83.32,5.65,28.79,615.03,0.89
Langtang North,Lowland,Maize,198.61,57.52,77.83,6.37,33.67,654.22,0.94
Langtang North,Lowland,Maize,244.64,76.54,70.71,7.12,20.92,375.0,1.51
Langtang North,Lowland,Maize,169.17,74.83,70.91,4.12,34.18,482.35,2.5
Langtang North,Lowland,Maize,177.32,68.64,90.86,6.99,21.82,492.8,0.6
Langtang North,Lowland,Maize,211.74,57.63,72.84,7.76,26.95,522.09,0.33
Langtang North,Lowland,Maize,165.9,74.35,86.8,6.1,29.66,552.26,0.42
Langtang North,Lowland,Maize,212.4,91.49,79.01,7.33,27.48,375.0,2.11
Langtang North,Lowland,Maize,167.15,76.09,88.03,6.39,26.18,771.18,0.96
Langtang North,Lowland,Maize,181.09,37.5,58.48,5.3,26.37,622.27,1.63
Langtang North,Lowland,Maize,155.11,55.01,48.01,7.17,28.89,755.65,0.45
Langtang North,Lowland,Maize,189.98,55.1,72.5,4.12,26.13,818.54,0.43
Langtang North,Lowland,Maize,205.26,78.11,121.02,7.13,27.02,375.0,2.01
Langtang North,Lowland,Maize,220.0,93.81,101.47,6.2,34.69,385.66,2.5
Langtang North,Lowland,Maize,177.01,42.94,68.8,4.6,27.89,822.0,1.7
Langtang North,Lowland,Maize,183.3,61.91,57.94,4.25,32.42,709.46,1.64
Langtang North,Lowland,Wheat,128.99,37.26,26.52,6.16,18.41,595.94,1.81
Langtang North,Lowland,Wheat,136.19,47.42,62.5,9.6,25.0,337.5,2.83
Langtang North,Lowland,Wheat,124.22,45.14,38.49,7.57,18.06,574.6,1.25
Langtang North,Lowland,Wheat,143.64,49.59,47.22,8.0,19.71,421.23,1.61
Langtang North,Lowland,Wheat,142.84,43.2,47.08,6.06,20.47,592.96,2.06
Langtang North,Lowland,Wheat,137.73,47.69,56.7,5.44,21.9,577.46,1.51
Langtang North,Lowland,Wheat,79.38,35.16,28.57,4.5,23.03,719.66,2.77
Langtang North,Lowland,Wheat,184.71,55.07,50.4,7.43,19.94,439.08,0.92
Langtang North,Lowland,Wheat,124.77,50.49,60.93,5.47,18.8,356.09,3.12
Langtang North,Lowland,Wheat,146.39,48.97,48.84,7.93,18.64,343.72,2.34
Langtang North,Lowland,Wheat,93.89,47.63,37.93,9.33,15.17,411.09,0.6
Langtang North,Lowland,Wheat,75.0,31.39,18.75,5.29,22.53,372.28,3.12
Langtang North,Lowland,Wheat,118.88,45.08,40.5,6.07,20.13,563.6,2.01
Langtang North,Lowland,Wheat,78.89,41.22,62.5,6.24,18.45,444.22,2.3
Langtang North,Lowland,Wheat,105.53,43.33,18.75,4.93,19.72,472.28,1.68
Langtang North,Lowland,Wheat,96.61,39.36,22.85,8.1,22.97,366.89,1.39
Langtang North,Lowland,Wheat,138.48,48.64,42.08,6.91,16.69,631.46,0.6
Langtang North,Lowland,Wheat,186.06,56.25,59.43,10.0,15.95,337.5,0.6
Langtang North,Lowland,Wheat,136.86,51.93,60.12,7.73,22.88,452.81,2.66
Langtang North,Lowland,Wheat,98.26,36.6,30.06,7.12,25.0,457.01,3.04
Langtang North,Lowland,Wheat,88.34,43.43,18.75,8.14,23.0,380.12,1.17
Langtang North,Lowland,Wheat,121.62,43.6,62.5,9.98,20.05,337.5,1.77
Langtang North,Lowland,Wheat,103.76,40.17,47.32,7.76,17.08,508.67,2.14
Langtang North,Lowland,Wheat,98.83,39.54,32.92,6.19,25.0,453.15,2.2
Langtang North,Lowland,Wheat,85.22,47.74,37.37,9.19,22.57,348.45,1.91
Langtang North,Lowland,Wheat,123.62,46.57,25.42,9.32,19.92,367.8,2.25
Langtang North,Lowland,Wheat,127.52,45.76,52.29,4.5,20.24,559.59,2.2
Langtang North,Lowland,Wheat,129.58,45.84,45.29,6.4,20.53,465.76,2.55
Langtang North,Lowland,Wheat,187.5,56.25,58.78,5.39,17.35,503.98,1.82
Langtang North,Lowland,Wheat,152.69,45.51,33.37,7.36,15.93,420.27,1.74
Langtang North,Lowland,Wheat,101.45,44.1,60.39,6.36,20.53,456.84,2.15
Langtang North,Lowland,Wheat,132.63,56.25,60.17,7.51,18.92,337.5,2.32
Langtang North,Lowland,Wheat,136.62,46.6,62.5,7.07,20.14,603.24,0.9
Langtang North,Lowland,Wheat,184.38,56.25,62.5,8.46,19.88,381.98,1.94
Langtang North,Lowland,Wheat,96.82,34.93,54.78,6.93,14.91,635.94,1.5
Langtang North,Lowland,Wheat,184.86,41.85,62.5,7.11,24.86,389.03,2.62
Langtang North,Lowland,Wheat,146.1,49.92,47.58,7.22,24.65,391.01,2.92
Langtang North,Lowland,Wheat,143.88,48.31,62.5,6.59,14.98,552.91,1.72
Langtang North,Lowland,Wheat,113.43,39.78,37.36,8.03,21.61,552.96,1.15
Langtang North,Lowland,Wheat,157.3,37.04,38.12,7.21,19.64,595.98,1.08
Langtang North,Lowland,Wheat,151.99,55.53,43.93,7.11,24.65,386.9,2.25
Langtang North,Lowland,Wheat,75.59,37.51,29.46,5.87,23.27,486.81,2.22
Langtang North,Lowland,Wheat,135.66,51.76,31.2,6.92,25.0,458.42,2.37
Langtang North,Lowland,Wheat,95.62,45.14,29.76,7.05,25.0,465.63,2.64
Langtang North,Lowland,Wheat,132.88,50.66,39.44,5.94,18.81,404.2,2.56
Langtang North,Lowland,Wheat,132.57,46.55,62.5,6.28,19.8,337.5,3.03
Langtang North,Lowland,Wheat,150.54,54.96,52.61,7.23,20.29,499.18,1.52
Langtang North,Lowland,Wheat,130.71,47.81,49.55,7.7,20.73,377.25,2.31
Langtang North,Lowland,Wheat,140.17,50.12,48.87,4.98,21.14,436.59,2.7
Langtang North,Lowland,Wheat,142.15,48.38,50.57,9.25,20.04,418.24,1.2
Langtang North,Lowland,Pineapple,214.22,66.74,265.29,3.38,26.66,866.96,1.25
Langtang North,Lowland,Pineapple,300.18,64.57,241.61,6.47,31.1,525.0,1.01
Langtang North,Lowland,Pineapple,301.6,55.64,163.2,6.93,26.6,555.83,0.98
Langtang North,Lowland,Pineapple,243.55,62.38,166.1,3.38,26.38,802.75,1.25
Langtang North,Lowland,Pineapple,279.56,40.88,238.21,4.99,28.28,647.94,1.08
Langtang North,Lowland,Pineapple,230.97,61.65,126.11,4.97,23.15,790.19,0.91
Langtang North,Lowland,Pineapple,320.95,62.14,107.31,6.7,25.27,886.25,0.15
Langtang North,Lowland,Pineapple,172.5,55.27,142.69,6.46,32.5,529.95,1.0
Langtang North,Lowland,Pineapple,222.21,41.89,137.02,4.77,26.22,988.94,0.36
Langtang North,Lowland,Pineapple,298.79,65.1,236.34,6.05,24.08,582.18,0.21
Langtang North,Lowland,Pineapple,265.97,70.57,267.74,6.66,28.18,804.58,0.58
Langtang North,Lowland,Pineapple,349.22,81.25,143.55,8.12,28.69,525.0,0.42
Langtang North,Lowland,Pineapple,252.36,47.01,117.28,4.18,20.9,857.74,0.65
Langtang North,Lowland,Pineapple,261.0,57.95,229.83,6.31,30.67,525.0,1.25
Langtang North,Lowland,Pineapple,329.18,81.25,216.19,5.64,27.38,739.49,0.77
Langtang North,Lowland,Pineapple,253.91,61.31,131.98,6.09,27.93,777.65,0.86
Langtang North,Lowland,Pineapple,258.03,64.23,129.25,6.91,26.26,631.55,0.79
Langtang North,Lowland,Pineapple,299.52,57.84,198.61,4.86,24.06,791.38,0.95
Langtang North,Lowland,Pineapple,181.59,40.08,82.5,7.58,27.59,535.96,0.67
Langtang North,Lowland,Pineapple,218.64,56.33,101.66,3.44,32.34,727.34,1.14
Langtang North,Lowland,Pineapple,267.03,51.15,174.33,5.62,23.08,807.67,0.78
Langtang North,Lowland,Pineapple,230.88,43.2,110.46,4.65,24.5,800.54,0.71
Langtang North,Lowland,Pineapple,222.28,39.26,176.6,5.44,27.4,717.88,0.79
Langtang North,Lowland,Pineapple,303.5,59.49,225.97,6.08,27.46,525.0,0.97
Langtang North,Lowland,Pineapple,258.23,47.28,82.5,6.87,26.47,827.74,0.18
Langtang North,Lowland,Pineapple,282.84,43.12,160.61,4.33,25.03,829.82,0.96
Langtang North,Lowland,Pineapple,253.49,43.98,197.47,5.84,25.92,608.48,1.25
Langtang North,Lowland,Pineapple,232.06,59.36,181.92,6.12,29.23,525.0,1.25
Langtang North,Lowland,Pineapple,294.98,59.62,179.67,5.36,29.65,989.64,0.58
Langtang North,Lowland,Pineapple,210.8,53.79,140.73,5.35,21.88,940.65,0.34
Langtang North,Lowland,Pineapple,234.53,49.71,123.3,4.61,27.53,830.72,0.95
Langtang North,Lowland,Pineapple,255.69,49.68,220.99,5.04,26.81,838.48,0.75
Langtang North,Lowland,Pineapple,271.46,51.74,197.13,5.98,23.77,910.91,0.9
Langtang North,Lowland,Pineapple,301.95,68.42,226.05,5.58,25.57,811.78,0.69
Langtang North,Lowland,Pineapple,217.33,66.98,138.56,4.7,26.82,583.42,1.06
Langtang North,Lowland,Pineapple,267.76,60.25,85.61,7.14,29.3,866.35,0.32
Langtang North,Lowland,Pineapple,306.35,73.42,213.87,4.24,25.53,963.83,0.57
Langtang North,Lowland,Pineapple,301.61,61.05,185.95,4.06,26.47,782.99,1.22
Langtang North,Lowland,Pineapple,275.98,61.22,188.18,6.17,21.83,629.73,0.21
Langtang North,Lowland,Pineapple,303.9,81.25,275.0,7.21,28.98,667.39,0.69
Langtang North,Lowland,Pineapple,258.83,73.31,154.01,3.92,25.59,748.16,1.14
Langtang North,Lowland,Pineapple,275.0,59.23,275.0,5.89,24.71,683.96,0.98
Langtang North,Lowland,Pineapple,230.98,52.94,138.11,5.05,28.55,870.01,0.87
Langtang North,Lowland,Pineapple,300.9,47.02,221.0,4.04,23.89,1052.25,0.82
Langtang North,Lowland,Pineapple,235.41,57.1,235.37,3.38,30.66,983.01,1.25
Langtang North,Lowland,Pineapple,279.89,61.99,201.68,5.36,26.9,676.53,0.9
Langtang North,Lowland,Pineapple,233.05,40.71,137.98,4.93,29.61,911.54,1.06
Langtang North,Lowland,Pineapple,287.59,71.47,156.76,6.17,27.63,622.03,0.71
Langtang North,Lowland,Pineapple,299.09,64.45,171.41,3.97,27.55,1158.21,0.75
Langtang North,Lowland,Pineapple,327.27,58.36,82.5,4.53,27.88,903.16,0.77
Langtang North,Lowland,Onion,125.0,37.76,52.13,6.68,24.23,459.62,1.22
Langtang North,Lowland,Onion,108.75,56.25,70.74,5.65,19.23,489.12,1.16
Langtang North,Lowland,Onion,85.22,36.53,82.43,6.98,24.37,262.5,0.92
Langtang North,Lowland,Onion,76.91,38.17,87.26,6.84,17.46,370.12,0.98
Langtang North,Lowland,Onion,125.0,51.91,56.55,6.24,18.17,383.51,1.27
Langtang North,Lowland,Onion,63.17,40.12,82.2,6.37,21.67,420.52,0.67
Langtang North,Lowland,Onion,58.38,18.75,33.75,6.43,21.03,478.65,0.64
Langtang North,Lowland,Onion,79.23,24.48,65.42,6.76,19.03,424.6,0.58
Langtang North,Lowland,Onion,69.32,18.75,45.43,6.24,15.82,427.65,0.86
Langtang North,Lowland,Onion,110.46,27.6,71.72,6.48,20.55,262.5,1.89
Langtang North,Lowland,Onion,45.65,37.44,81.44,6.2,17.42,421.53,0.72
Langtang North,Lowland,Onion,102.43,56.25,84.93,7.27,22.02,262.5,1.98
Langtang North,Lowland,Onion,122.31,47.16,100.0,7.09,20.92,262.5,1.74
Langtang North,Lowland,Onion,107.44,54.62,69.56,6.72,18.2,312.91,1.14
Langtang North,Lowland,Onion,109.81,52.25,100.0,6.86,25.0,275.66,1.83
Langtang North,Lowland,Onion,92.12,47.21,72.67,5.95,19.36,416.9,1.84
Langtang North,Lowland,Onion,96.73,56.25,62.06,6.33,20.47,411.52,1.42
Langtang North,Lowland,Onion,75.11,31.62,65.25,6.76,22.69,427.62,0.91
Langtang North,Lowland,Onion,125.0,42.23,89.19,5.33,20.13,372.84,1.98
Langtang North,Lowland,Onion,93.9,46.6,77.13,6.84,24.59,308.58,1.24
Langtang North,Lowland,Onion,45.0,33.93,33.75,6.63,21.84,489.81,1.32
Langtang North,Lowland,Onion,110.28,40.0,96.6,6.98,18.49,332.7,1.24
Langtang North,Lowland,Onion,100.89,54.03,64.73,8.41,24.82,262.5,1.38
Langtang North,Lowland,Onion,92.54,25.88,61.9,7.13,21.79,265.52,1.27
Langtang North,Lowland,Onion,70.45,53.12,77.77,5.67,22.51,500.16,1.3
Langtang North,Lowland,Onion,103.43,48.09,80.66,6.45,21.53,280.3,2.22
Langtang North,Lowland,Onion,78.62,44.48,81.75,7.3,21.08,262.5,1.43
Langtang North,Lowland,Onion,68.56,43.1,70.33,7.07,23.9,428.13,1.35
Langtang North,Lowland,Onion,116.69,49.93,85.22,6.3,21.39,262.5,2.06
Langtang North,Lowland,Onion,93.64,34.84,85.29,7.6,21.85,288.86,0.69
Langtang North,Lowland,Onion,45.0,33.32,57.37,7.21,21.6,262.5,1.27
Langtang North,Lowland,Onion,61.84,18.75,36.22,6.3,23.53,396.67,1.49
Langtang North,Lowland,Onion,52.24,35.95,50.44,7.39,19.07,388.88,0.3
Langtang North,Lowland,Onion,112.92,56.25,67.4,6.78,20.7,335.75,1.6
Langtang North,Lowland,Onion,72.89,34.42,46.19,7.23,23.83,347.3,0.83
Langtang North,Lowland,Onion,75.69,38.91,47.79,6.26,24.38,285.33,1.44
Langtang North,Lowland,Onion,110.26,35.61,89.54,6.78,21.08,263.0,0.9
Langtang North,Lowland,Onion,99.12,46.77,76.05,6.62,17.5,415.53,0.85
Langtang North,Lowland,Onion,47.6,29.09,33.75,6.57,20.61,403.34,0.65
Langtang North,Lowland,Onion,108.06,56.25,72.58,6.59,17.01,286.75,1.33
Langtang North,Lowland,Onion,101.51,32.55,74.52,7.42,22.48,350.78,0.92
Langtang North,Lowland,Onion,98.24,53.83,93.17,6.57,21.87,389.66,1.01
Langtang North,Lowland,Onion,102.34,44.17,86.17,6.35,21.72,275.32,1.95
Langtang North,Lowland,Onion,87.22,46.02,59.67,6.96,25.0,262.5,1.73
Langtang North,Lowland,Onion,119.55,53.14,95.84,6.76,22.27,262.5,1.2
Langtang North,Lowland,Onion,69.85,55.06,66.52,7.28,22.18,298.71,0.91
Langtang North,Lowland,Onion,123.01,56.25,80.13,6.49,15.47,389.66,0.52
Langtang North,Lowland,Onion,79.82,41.89,74.28,7.48,17.13,262.5,0.9
Langtang North,Lowland,Onion,58.5,29.55,81.78,5.29,22.48,515.19,1.47
Langtang North,Lowland,Onion,45.0,24.58,46.26,5.56,16.12,687.5,0.84
Wase,Lowland,Irish-potato,82.93,51.95,150.83,4.45,13.79,619.42,0.93
Wase,Lowland,Irish-potato,144.48,60.31,225.0,6.17,11.11,548.04,0.64
Wase,Lowland,Irish-potato,139.86,49.53,111.04,4.83,16.6,411.92,1.03
Wase,Lowland,Irish-potato,106.97,75.0,190.33,5.13,16.16,398.38,0.82
Wase,Lowland,Irish-potato,150.0,72.04,201.84,5.56,17.69,445.68,0.78
Wase,Lowland,Irish-potato,96.32,37.32,90.0,5.38,18.06,638.59,0.36
Wase,Lowland,Irish-potato,96.4,30.0,103.26,5.34,14.73,354.15,0.4
Wase,Lowland,Irish-potato,60.0,30.0,90.0,4.68,15.95,635.6,1.38
Wase,Lowland,Irish-potato,93.67,36.77,102.06,4.35,18.13,632.63,0.67
Wase,Lowland,Irish-potato,93.66,50.58,184.94,4.54,19.4,342.95,0.98
Wase,Lowland,Irish-potato,90.45,53.15,153.59,4.73,23.42,379.49,1.71
Wase,Lowland,Irish-potato,84.56,38.19,95.75,4.17,17.26,481.92,0.82
Wase,Lowland,Irish-potato,60.0,35.38,115.03,5.57,15.72,300.0,0.98
Wase,Lowland,Irish-potato,105.96,64.64,170.61,4.16,13.94,424.25,1.36
Wase,Lowland,Irish-potato,118.44,52.21,200.12,6.04,22.76,300.0,1.5
Wase,Lowland,Irish-potato,79.22,30.0,192.89,5.07,14.77,565.73,1.15
Wase,Lowland,Irish-potato,90.19,47.15,111.77,6.34,18.79,374.58,1.23
Wase,Lowland,Irish-potato,125.95,75.0,225.0,5.08,18.66,300.0,1.82
Wase,Lowland,Irish-potato,103.79,45.51,160.74,3.87,22.94,543.85,1.05
Wase,Lowland,Irish-potato,86.22,58.15,153.28,3.0,17.68,750.0,1.83
Wase,Lowland,Irish-potato,116.34,59.54,90.0,6.02,18.83,300.0,1.88
Wase,Lowland,Irish-potato,88.11,73.91,161.36,6.48,11.52,300.0,0.53
Wase,Lowland,Irish-potato,131.5,75.0,190.15,6.16,17.62,300.0,1.61
Wase,Lowland,Irish-potato,105.15,48.67,167.88,4.59,14.37,640.76,0.82
Wase,Lowland,Irish-potato,139.22,49.7,137.82,4.72,15.86,357.52,1.32
Wase,Lowland,Irish-potato,146.85,75.0,189.21,3.92,17.17,461.52,0.95
Wase,Lowland,Irish-potato,104.16,38.94,189.47,6.11,16.98,472.53,0.22
Wase,Lowland,Irish-potato,139.33,30.0,102.41,3.0,18.14,569.42,1.88
Wase,Lowland,Irish-potato,62.82,30.0,225.0,6.28,14.0,300.0,0.76
Wase,Lowland,Irish-potato,69.57,52.01,222.26,5.24,18.89,419.93,1.09
Wase,Lowland,Irish-potato,103.43,38.98,152.22,4.96,14.67,651.37,0.6
Wase,Lowland,Irish-potato,150.0,42.33,191.49,4.67,19.54,501.14,1.47
Wase,Lowland,Irish-potato,96.14,74.62,134.85,6.2,17.03,302.76,0.98
Wase,Lowland,Irish-potato,149.46,55.65,155.67,5.74,22.2,300.0,0.95
Wase,Lowland,Irish-potato,64.22,62.11,141.85,5.36,16.7,467.2,1.5
Wase,Lowland,Irish-potato,60.0,59.05,90.0,4.36,22.06,398.21,1.88
Wase,Lowland,Irish-potato,77.91,75.0,199.78,5.3,16.21,300.0,1.17
Wase,Lowland,Irish-potato,67.7,37.04,96.12,5.59,24.87,300.0,1.7
Wase,Lowland,Irish-potato,106.19,70.03,137.34,4.89,16.86,456.98,1.08
Wase,Lowland,Irish-potato,81.82,75.0,225.0,4.68,14.71,417.7,1.41
Wase,Lowland,Irish-potato,112.27,56.39,225.0,5.12,16.79,462.25,1.1
Wase,Lowland,Irish-potato,84.1,33.56,157.21,5.75,19.7,401.04,0.57
Wase,Lowland,Irish-potato,82.94,50.38,110.23,4.39,22.74,334.79,1.48
Wase,Lowland,Irish-potato,82.56,71.2,90.0,4.71,24.16,376.68,0.98
Wase,Lowland,Irish-potato,98.04,61.36,143.25,3.07,11.32,513.43,1.6
Wase,Lowland,Irish-potato,86.96,61.87,148.82,5.57,21.25,461.34,0.91
Wase,Lowland,Irish-potato,150.0,72.95,225.0,4.93,13.31,320.38,0.75
Wase,Lowland,Irish-potato,117.63,47.56,225.0,4.97,20.3,300.0,1.68
Wase,Lowland,Irish-potato,60.0,30.0,132.31,4.28,17.23,564.48,0.88
Wase,Lowland,Irish-potato,140.54,46.99,190.45,3.09,19.5,628.55,1.83
Wase,Lowland,Tomato,170.41,137.5,242.13,6.97,18.85,486.84,0.38
Wase,Lowland,Tomato,94.94,48.75,164.6,7.35,20.15,484.63,1.22
Wase,Lowland,Tomato,143.78,127.19,244.65,6.96,24.88,300.0,1.65
Wase,Lowland,Tomato,144.27,72.54,202.26,5.06,20.3,498.21,0.9
Wase,Lowland,Tomato,111.05,76.4,252.1,5.24,27.21,465.07,2.1
Wase,Lowland,Tomato,117.89,93.67,279.87,7.65,24.98,300.0,1.44
Wase,Lowland,Tomato,170.56,136.27,278.01,6.31,22.19,565.73,1.27
Wase,Lowland,Tomato,122.92,132.26,214.37,6.86,29.44,300.0,1.34
Wase,Lowland,Tomato,145.27,114.86,222.97,7.76,21.14,307.63,0.38
Wase,Lowland,Tomato,75.0,92.54,228.21,5.73,17.91,627.07,0.38
Wase,Lowland,Tomato,139.55,48.75,162.83,5.63,24.58,375.17,2.31
Wase,Lowland,Tomato,149.18,93.64,227.29,6.31,26.5,399.37,2.05
Wase,Lowland,Tomato,126.28,109.56,124.18,3.86,19.14,637.71,0.76
Wase,Lowland,Tomato,75.0,80.14,146.84,5.92,19.77,332.77,1.81
Wase,Lowland,Tomato,160.35,73.74,220.53,4.17,23.34,397.21,2.01
Wase,Lowland,Tomato,109.38,78.74,234.06,6.35,22.87,398.92,2.37
Wase,Lowland,Tomato,128.89,48.75,147.53,5.91,15.05,447.19,0.65
Wase,Lowland,Tomato,143.81,86.31,193.57,6.65,23.44,334.78,1.18
Wase,Lowland,Tomato,121.15,75.78,120.0,6.64,20.56,436.81,0.65
Wase,Lowland,Tomato,141.55,69.06,223.0,7.83,27.37,313.17,2.14
Wase,Lowland,Tomato,120.31,117.05,199.69,6.54,20.1,347.07,2.01
Wase,Lowland,Tomato,133.71,89.33,208.09,6.09,31.03,320.43,1.34
Wase,Lowland,Tomato,132.97,66.79,300.0,7.17,25.83,452.25,1.51
Wase,Lowland,Tomato,143.3,48.75,163.02,4.38,26.78,432.65,2.32
Wase,Lowland,Tomato,121.77,117.06,200.48,7.23,30.17,300.0,2.05
Wase,Lowland,Tomato,98.82,107.01,194.06,8.25,24.22,300.0,2.23
Wase,Lowland,Tomato,126.99,77.02,201.69,6.96,25.68,450.81,1.19
Wase,Lowland,Tomato,146.26,110.31,193.48,7.1,24.48,383.95,1.23
Wase,Lowland,Tomato,92.37,76.22,168.77,5.93,21.38,435.07,0.82
Wase,Lowland,Tomato,142.43,134.03,257.05,7.63,14.89,562.61,0.38
Wase,Lowland,Tomato,144.82,87.14,219.7,7.12,28.04,392.72,1.47
Wase,Lowland,Tomato,187.5,137.5,217.32,8.2,21.39,300.0,1.34
Wase,Lowland,Tomato,127.05,48.75,149.03,5.71,26.51,469.27,1.62
Wase,Lowland,Tomato,135.68,109.39,229.16,8.51,16.26,300.0,1.18
Wase,Lowland,Tomato,93.75,83.42,206.47,7.29,25.73,499.16,0.38
Wase,Lowland,Tomato,137.57,81.68,155.8,7.48,24.39,300.0,2.32
Wase,Lowland,Tomato,125.3,126.34,200.4,7.33,13.5,328.98,0.8
Wase,Lowland,Tomato,105.91,71.3,150.48,5.99,29.19,541.14,1.27
Wase,Lowland,Tomato,82.96,95.0,149.38,5.13,20.13,444.69,1.91
Wase,Lowland,Tomato,178.63,134.41,123.29,6.88,29.65,377.97,1.55
Wase,Lowland,Tomato,162.52,78.8,210.64,6.31,21.38,300.0,1.13
Wase,Lowland,Tomato,90.57,109.55,162.62,6.43,26.65,503.66,0.38
Wase,Lowland,Tomato,187.33,137.5,211.17,7.99,18.87,406.48,0.38
Wase,Lowland,Tomato,128.99,95.78,248.82,4.51,24.88,416.16,2.34
Wase,Lowland,Tomato,125.27,92.84,169.52,6.08,25.23,453.28,1.78
Wase,Lowland,Tomato,134.74,101.74,194.63,6.12,22.82,533.17,0.69
Wase,Lowland,Tomato,98.92,107.0,185.74,5.6,24.05,555.93,0.49
Wase,Lowland,Tomato,136.19,93.82,222.87,6.54,28.06,405.08,1.39
Wase,Lowland,Tomato,106.88,62.76,187.6,5.25,16.56,535.68,1.32
Wase,Lowland,Tomato,127.04,78.69,121.62,6.95,19.93,477.01,0.38
Wase,Lowland,Groundnut,21.1,26.91,40.45,6.85,33.87,518.39,0.92
Wase,Lowland,Groundnut,14.14,11.25,46.59,7.01,26.93,375.0,1.05
Wase,Lowland,Groundnut,12.04,29.09,18.75,7.0,28.19,579.25,0.48
Wase,Lowland,Groundnut,16.09,12.83,33.42,8.54,24.17,403.12,0.66
Wase,Lowland,Groundnut,13.19,22.19,43.55,5.79,26.33,506.3,1.5
Wase,Lowland,Groundnut,12.98,27.99,41.97,7.39,28.29,647.63,0.2
Wase,Lowland,Groundnut,18.91,34.25,37.94,7.13,28.59,434.76,0.49
Wase,Lowland,Groundnut,22.84,45.98,37.43,6.73,25.18,433.32,1.04
Wase,Lowland,Groundnut,25.0,38.05,50.0,7.54,28.59,439.63,0.61
Wase,Lowland,Groundnut,13.76,34.7,31.61,6.97,35.0,398.92,1.19
Wase,Lowland,Groundnut,18.17,39.98,38.7,6.68,28.18,474.04,0.96
Wase,Lowland,Groundnut,15.84,12.82,28.29,6.94,24.77,442.61,1.21
Wase,Lowland,Groundnut,25.0,30.46,38.95,7.77,26.41,375.0,1.02
Wase,Lowland,Groundnut,18.65,20.55,43.25,6.58,28.48,519.43,0.89
Wase,Lowland,Groundnut,11.43,13.3,44.1,7.33,29.05,431.37,0.71
Wase,Lowland,Groundnut,25.0,47.44,47.9,7.28,25.57,512.99,0.8
Wase,Lowland,Groundnut,18.03,13.54,33.03,7.03,34.32,565.77,0.91
Wase,Lowland,Groundnut,15.01,42.82,39.36,6.3,28.43,538.8,1.3
Wase,Lowland,Groundnut,21.11,46.94,46.58,6.6,30.87,384.31,1.43
Wase,Lowland,Groundnut,7.5,50.0,36.47,6.31,24.99,547.73,0.83
Wase,Lowland,Groundnut,16.13,26.99,34.69,6.18,16.5,648.28,0.87
Wase,Lowland,Groundnut,22.46,28.36,44.04,7.71,28.32,393.62,0.84
Wase,Lowland,Groundnut,18.7,28.37,45.31,7.17,26.29,400.98,0.91
Wase,Lowland,Groundnut,17.51,16.83,43.06,6.64,23.36,523.43,0.96
Wase,Lowland,Groundnut,7.5,24.62,32.15,5.87,32.96,574.33,0.91
Wase,Lowland,Groundnut,20.39,31.27,45.53,5.65,26.57,547.02,1.23
Wase,Lowland,Groundnut,18.67,18.78,37.98,6.49,24.49,667.73,0.77
Wase,Lowland,Groundnut,16.73,45.3,36.3,6.91,28.82,430.73,1.1
Wase,Lowland,Groundnut,13.36,16.51,35.1,7.28,28.44,375.0,1.33
Wase,Lowland,Groundnut,15.24,20.95,22.75,7.39,28.29,562.3,0.96
Wase,Lowland,Groundnut,22.9,33.16,50.0,7.74,27.33,472.63,0.73
Wase,Lowland,Groundnut,8.92,11.25,34.15,6.25,32.06,440.82,1.39
Wase,Lowland,Groundnut,20.77,18.61,46.24,7.02,22.71,415.26,1.16
Wase,Lowland,Groundnut,10.3,11.25,20.27,7.2,24.69,600.54,0.7
Wase,Lowland,Groundnut,25.0,30.81,50.0,6.58,30.51,383.22,1.5
Wase,Lowland,Groundnut,25.0,43.18,28.8,6.22,23.9,631.41,0.89
Wase,Lowland,Groundnut,16.15,17.62,48.27,7.25,34.45,438.69,1.21
Wase,Lowland,Groundnut,7.5,29.21,38.04,6.95,28.99,558.86,0.59
Wase,Lowland,Groundnut,9.46,40.08,47.34,7.19,28.3,570.29,0.62
Wase,Lowland,Groundnut,25.0,30.1,37.94,7.99,27.19,389.12,0.38
Wase,Lowland,Groundnut,25.0,35.31,50.0,6.6,24.64,507.06,0.9
Wase,Lowland,Groundnut,12.88,39.59,39.18,7.77,22.51,550.08,0.58
Wase,Lowland,Groundnut,20.55,36.74,37.14,6.74,23.23,504.7,0.67
Wase,Lowland,Groundnut,12.89,11.25,19.64,6.68,25.86,505.57,1.26
Wase,Lowland,Groundnut,16.68,50.0,44.1,7.47,31.75,447.4,1.4
Wase,Lowland,Groundnut,9.14,22.69,48.24,6.05,30.66,515.8,1.41
Wase,Lowland,Groundnut,21.36,15.72,36.81,5.96,29.37,569.52,1.37
Wase,Lowland,Groundnut,25.0,41.09,50.0,8.53,29.38,375.0,0.8
Wase,Lowland,Groundnut,18.16,50.0,31.05,7.05,29.43,437.93,0.58
Wase,Lowland,Groundnut,15.7,14.72,39.28,7.76,35.0,375.0,1.2
Wase,Lowland,Pepper,75.0,29.06,41.25,7.22,23.38,966.05,1.81
Wase,Lowland,Pepper,123.95,18.75,72.01,4.57,21.13,1260.24,1.25
Wase,Lowland,Pepper,169.06,19.72,52.09,5.75,24.93,1000.09,2.5
Wase,Lowland,Pepper,75.0,27.08,47.92,6.97,21.96,850.47,1.14
Wase,Lowland,Pepper,111.04,33.4,111.99,5.44,26.51,1359.45,1.99
Wase,Lowland,Pepper,96.07,37.04,41.25,4.53,19.49,1381.59,1.65
Wase,Lowland,Pepper,136.68,35.45,99.69,5.05,18.78,1507.88,1.05
Wase,Lowland,Pepper,146.46,56.96,120.89,6.21,27.85,990.73,2.16
Wase,Lowland,Pepper,126.41,35.73,111.81,8.09,31.02,450.0,1.86
Wase,Lowland,Pepper,137.49,34.52,125.0,6.61,22.04,603.12,1.11
Wase,Lowland,Pepper,152.46,18.75,98.75,5.58,27.19,1284.12,2.08
Wase,Lowland,Pepper,125.43,33.12,69.08,5.05,25.31,972.52,1.78
Wase,Lowland,Pepper,102.82,18.75,52.38,7.45,25.07,1211.13,0.45
Wase,Lowland,Pepper,162.76,55.32,124.42,8.75,29.56,450.3,0.96
Wase,Lowland,Pepper,92.42,30.71,66.81,5.5,24.29,1562.5,1.03
Wase,Lowland,Pepper,75.0,24.81,96.45,5.7,27.78,504.52,2.5
Wase,Lowland,Pepper,147.64,57.23,85.83,7.69,29.66,688.92,0.52
Wase,Lowland,Pepper,107.88,42.24,120.35,6.61,22.32,860.53,1.09
Wase,Lowland,Pepper,156.19,43.03,106.44,7.57,14.4,669.4,0.71
Wase,Lowland,Pepper,168.83,62.5,65.99,5.91,27.66,806.13,1.81
Wase,Lowland,Pepper,133.37,35.82,61.84,6.43,31.13,513.26,2.04
Wase,Lowland,Pepper,75.0,30.81,114.09,4.2,33.04,1106.21,2.5
Wase,Lowland,Pepper,123.72,50.78,95.27,6.29,16.04,1108.07,2.06
Wase,Lowland,Pepper,122.04,42.17,83.85,6.19,30.62,845.77,1.5
Wase,Lowland,Pepper,130.86,18.75,74.22,6.36,25.38,992.2,2.5
Wase,Lowland,Pepper,78.16,26.56,66.59,5.56,30.42,1319.06,1.79
Wase,Lowland,Pepper,88.74,18.75,96.35,6.74,21.47,832.8,1.37
Wase,Lowland,Pepper,75.0,27.13,56.85,5.06,25.2,1005.47,2.16
Wase,Lowland,Pepper,82.04,18.75,60.8,6.98,30.88,812.15,2.19
Wase,Lowland,Pepper,148.42,55.28,81.69,6.77,28.42,568.82,1.81
Wase,Lowland,Pepper,75.0,26.31,72.8,5.24,20.51,1308.71,2.03
Wase,Lowland,Pepper,111.65,45.93,56.15,5.43,24.2,934.48,2.0
Wase,Lowland,Pepper,126.5,43.97,125.0,6.68,23.35,874.64,0.81
Wase,Lowland,Pepper,131.42,18.75,41.25,6.04,33.75,490.06,2.36
Wase,Lowland,Pepper,166.4,31.38,78.6,7.01,27.03,604.67,1.91
Wase,Lowland,Pepper,75.31,32.57,90.86,6.19,30.17,1039.2,1.49
Wase,Lowland,Pepper,153.14,62.5,123.38,6.75,25.3,808.46,1.0
Wase,Lowland,Pepper,172.89,18.96,59.85,5.58,33.37,1327.04,1.61
Wase,Lowland,Pepper,212.5,30.63,104.74,7.77,25.54,450.0,2.48
Wase,Lowland,Pepper,75.0,48.21,53.54,4.63,33.59,1460.66,1.99
Wase,Lowland,Pepper,198.74,55.42,122.85,6.59,23.35,896.55,0.9
Wase,Lowland,Pepper,98.3,26.68,65.58,8.75,31.96,526.24,0.45
Wase,Lowland,Pepper,156.88,26.82,41.25,6.83,14.0,495.6,1.32
Wase,Lowland,Pepper,77.12,32.74,41.25,7.7,24.6,954.68,0.87
Wase,Lowland,Pepper,117.15,31.45,88.83,5.97,20.94,1413.82,1.14
Wase,Lowland,Pepper,103.01,45.97,52.6,6.89,31.12,757.98,1.83
Wase,Lowland,Pepper,161.93,47.39,85.01,6.36,20.6,881.79,1.36
Wase,Lowland,Pepper,78.88,26.75,75.84,6.04,25.95,911.37,1.5
Wase,Lowland,Pepper,82.47,51.15,84.95,7.34,31.82,865.82,1.28
Wase,Lowland,Pepper,165.27,39.86,81.8,7.06,29.7,450.0,2.17
Wase,Lowland,Cabbage,146.02,42.19,91.76,7.29,10.97,323.65,0.83
Wase,Lowland,Cabbage,167.96,57.42,105.23,7.89,9.57,285.0,0.48
Wase,Lowland,Cabbage,135.09,59.45,108.98,6.92,25.85,316.2,1.06
Wase,Lowland,Cabbage,162.01,66.9,115.99,7.41,7.5,285.0,0.61
Wase,Lowland,Cabbage,85.78,44.01,88.71,7.48,15.96,385.98,0.29
Wase,Lowland,Cabbage,97.74,50.12,119.58,7.48,24.21,285.0,0.87
Wase,Lowland,Cabbage,138.6,66.32,119.48,6.41,14.14,433.07,0.57
Wase,Lowland,Cabbage,120.34,71.05,133.15,7.28,23.54,285.0,1.36
Wase,Lowland,Cabbage,145.77,58.39,88.91,6.78,7.5,446.62,0.2
Wase,Lowland,Cabbage,135.96,61.79,115.5,7.33,30.0,288.25,0.81
Wase,Lowland,Cabbage,129.59,49.05,137.33,7.23,8.04,332.68,0.69
Wase,Lowland,Cabbage,141.36,55.55,113.27,6.61,7.5,380.21,0.7
Wase,Lowland,Cabbage,150.31,72.58,106.09,7.32,18.95,300.15,0.87
Wase,Lowland,Cabbage,167.59,69.83,140.07,6.66,22.56,326.48,1.51
Wase,Lowland,Cabbage,110.35,58.79,150.14,7.09,11.6,334.17,0.65
Wase,Lowland,Cabbage,75.0,52.96,88.56,6.3,30.0,493.59,0.6
Wase,Lowland,Cabbage,130.03,59.46,162.5,6.05,18.1,325.99,1.37
Wase,Lowland,Cabbage,187.5,69.07,152.04,5.89,28.22,288.75,1.62
Wase,Lowland,Cabbage,163.61,72.62,126.33,6.78,7.5,354.42,1.25
Wase,Lowland,Cabbage,131.82,62.55,114.84,8.29,30.0,285.0,0.7
Wase,Lowland,Cabbage,146.28,68.39,114.35,7.6,27.68,331.38,0.34
Wase,Lowland,Cabbage,89.72,54.95,101.44,5.51,15.24,504.8,0.86
Wase,Lowland,Cabbage,142.14,47.86,93.65,7.15,15.62,380.58,1.0
Wase,Lowland,Cabbage,132.71,63.98,96.1,6.88,14.91,317.0,1.2
Wase,Lowland,Cabbage,75.0,40.0,124.1,5.88,22.55,301.61,1.4
Wase,Lowland,Cabbage,80.87,70.03,136.85,7.31,17.13,285.0,1.44
Wase,Lowland,Cabbage,146.58,57.27,122.32,6.74,19.98,328.96,0.61
Wase,Lowland,Cabbage,94.54,53.02,108.93,7.78,15.22,285.0,0.71
Wase,Lowland,Cabbage,137.42,69.21,121.63,6.46,26.54,351.48,0.85
Wase,Lowland,Cabbage,84.74,62.67,110.86,7.37,15.24,346.86,0.78
Wase,Lowland,Cabbage,85.54,50.62,89.07,7.18,17.09,323.14,0.89
Wase,Lowland,Cabbage,115.32,47.46,94.98,6.61,20.69,311.42,1.51
Wase,Lowland,Cabbage,95.45,57.85,83.39,6.98,25.62,285.0,1.53
Wase,Lowland,Cabbage,164.72,57.69,128.24,6.71,18.31,329.93,1.12
Wase,Lowland,Cabbage,114.32,67.93,121.9,6.62,26.65,409.9,1.07
Wase,Lowland,Cabbage,80.96,47.42,110.04,5.68,18.05,358.46,1.62
Wase,Lowland,Cabbage,119.25,55.18,89.89,6.79,17.3,285.0,1.62
Wase,Lowland,Cabbage,145.18,55.1,127.72,6.64,16.23,351.01,1.02
Wase,Lowland,Cabbage,99.6,61.42,104.39,6.1,16.17,375.68,0.83
Wase,Lowland,Cabbage,101.77,60.0,108.14,7.06,30.0,285.0,1.62
Wase,Lowland,Cabbage,98.41,62.13,111.49,8.41,25.15,285.0,0.83
Wase,Lowland,Cabbage,134.8,70.22,101.19,7.2,16.07,358.52,0.57
Wase,Lowland,Cabbage,112.37,55.57,121.23,5.86,7.5,342.78,1.54
Wase,Lowland,Cabbage,83.31,62.96,131.09,7.6,24.73,285.0,0.78
Wase,Lowland,Cabbage,131.77,67.13,122.74,7.34,21.1,285.0,1.25
Wase,Lowland,Cabbage,108.19,46.63,105.95,7.47,16.06,326.26,0.6
Wase,Lowland,Cabbage,107.38,60.51,156.47,7.8,12.69,465.12,0.25
Wase,Lowland,Cabbage,119.97,73.36,122.39,7.67,21.52,289.2,1.05
Wase,Lowland,Cabbage,138.88,48.63,140.39,6.41,17.26,331.55,1.54
Wase,Lowland,Cabbage,155.75,77.01,132.4,6.05,25.4,364.95,1.19
Wase,Lowland,Maize,153.36,46.3,58.21,4.27,28.39,757.82,2.03
Wase,Lowland,Maize,184.43,65.43,110.57,7.21,25.42,603.88,0.32
Wase,Lowland,Maize,145.03,66.36,83.02,8.82,22.78,375.0,0.56
Wase,Lowland,Maize,160.15,44.37,45.0,8.38,25.5,412.65,1.93
Wase,Lowland,Maize,150.03,62.77,72.3,6.78,19.5,595.54,1.7
Wase,Lowland,Maize,192.05,72.82,107.07,7.87,29.12,596.06,1.38
Wase,Lowland,Maize,176.68,76.68,79.45,8.58,21.42,454.42,0.73
Wase,Lowland,Maize,166.83,54.61,108.96,7.64,23.38,593.2,1.15
Wase,Lowland,Maize,203.92,61.14,119.92,7.08,24.75,617.52,0.66
Wase,Lowland,Maize,176.66,98.88,104.92,6.2,22.16,460.74,1.05
Wase,Lowland,Maize,195.69,80.2,101.96,4.68,28.17,575.3,2.1
Wase,Lowland,Maize,205.65,100.0,79.25,5.82,31.0,409.78,2.36
Wase,Lowland,Maize,118.38,58.05,46.47,8.03,28.76,580.42,1.26
Wase,Lowland,Maize,153.33,61.24,45.0,6.23,30.87,648.76,0.97
Wase,Lowland,Maize,144.19,54.64,70.66,5.85,27.57,577.16,1.42
Wase,Lowland,Maize,188.39,64.49,73.02,9.19,33.28,375.0,1.8
Wase,Lowland,Maize,193.08,81.49,53.34,6.75,18.97,574.74,0.3
Wase,Lowland,Maize,143.03,81.19,74.6,7.85,28.16,517.41,1.12
Wase,Lowland,Maize,195.63,63.31,111.28,7.06,29.44,686.98,0.41
Wase,Lowland,Maize,159.33,63.46,90.57,7.53,19.89,611.17,0.3
Wase,Lowland,Maize,171.97,57.43,98.33,8.76,22.78,629.8,0.3
Wase,Lowland,Maize,157.68,37.5,56.53,4.89,24.06,954.44,1.41
Wase,Lowland,Maize,181.17,77.01,83.33,7.52,26.1,644.86,0.3
Wase,Lowland,Maize,197.6,79.44,109.12,6.09,25.14,502.09,1.57
Wase,Lowland,Maize,148.8,51.96,56.51,5.24,24.05,782.12,1.92
Wase,Lowland,Maize,177.49,42.64,71.9,6.27,28.16,783.35,1.05
Wase,Lowland,Maize,138.85,78.16,67.71,7.0,24.86,706.23,0.3
Wase,Lowland,Maize,188.71,68.27,63.42,6.2,28.02,375.0,1.57
Wase,Lowland,Maize,177.27,72.74,72.31,6.57,29.85,641.05,2.04
Wase,Lowland,Maize,165.41,93.73,107.8,7.47,19.52,701.74,0.3
Wase,Lowland,Maize,224.84,80.66,77.39,5.96,29.76,783.52,0.8
Wase,Lowland,Maize,171.51,75.4,125.0,5.91,31.94,628.45,1.12
Wase,Lowland,Maize,173.28,63.97,89.08,8.37,24.83,464.3,0.8
Wase,Lowland,Maize,183.41,91.65,100.5,7.62,30.11,375.0,2.47
Wase,Lowland,Maize,162.25,79.27,108.57,7.23,22.78,384.62,0.58
Wase,Lowland,Maize,185.4,95.94,73.19,7.05,27.34,375.0,2.5
Wase,Lowland,Maize,147.78,37.5,117.14,7.4,29.41,607.27,1.0
Wase,Lowland,Maize,113.42,37.5,45.0,7.28,25.71,811.07,1.08
Wase,Lowland,Maize,154.17,46.68,45.0,5.4,20.41,438.49,2.1
Wase,Lowland,Maize,250.0,93.0,78.11,8.54,22.59,411.0,1.56
Wase,Lowland,Maize,208.25,88.46,108.99,7.54,24.8,429.35,1.6
Wase,Lowland,Maize,197.54,44.73,111.3,8.88,26.51,499.93,0.42
Wase,Lowland,Maize,133.35,63.79,45.0,7.55,16.82,564.03,1.2
Wase,Lowland,Maize,221.43,100.0,125.0,7.55,17.83,375.0,0.72
Wase,Lowland,Maize,179.04,46.41,72.48,7.54,27.98,628.72,1.28
Wase,Lowland,Maize,188.44,69.73,45.0,5.69,30.02,690.04,1.19
Wase,Lowland,Maize,198.48,45.66,106.6,7.47,28.04,637.84,1.53
Wase,Lowland,Maize,210.12,63.59,93.1,8.53,23.02,375.0,1.34
Wase,Lowland,Maize,204.96,82.36,74.98,6.83,26.23,469.24,1.01
Wase,Lowland,Maize,137.31,55.42,106.67,4.82,29.08,718.47,1.18
Wase,Lowland,Wheat,118.75,38.24,41.11,5.82,24.94,407.84,3.12
Wase,Lowland,Wheat,92.64,45.63,32.53,5.37,20.62,607.0,2.95
Wase,Lowland,Wheat,187.5,51.34,62.5,7.39,20.99,382.67,2.83
Wase,Lowland,Wheat,101.93,43.12,59.36,7.07,13.08,564.91,1.18
Wase,Lowland,Wheat,105.0,44.01,62.5,5.96,19.9,491.59,2.5
Wase,Lowland,Wheat,121.6,50.47,54.65,7.98,23.96,337.5,3.12
Wase,Lowland,Wheat,106.91,39.56,31.2,9.53,18.69,505.11,0.6
Wase,Lowland,Wheat,99.52,41.19,40.11,6.86,25.0,337.5,3.12
Wase,Lowland,Wheat,143.61,43.09,56.43,5.85,21.7,516.43,1.21
Wase,Lowland,Wheat,79.9,37.65,26.77,10.0,16.24,389.99,0.6
Wase,Lowland,Wheat,106.92,44.87,26.93,8.55,18.28,401.63,1.87
Wase,Lowland,Wheat,135.15,38.92,53.36,8.01,22.9,337.5,2.65
Wase,Lowland,Wheat,98.34,41.89,32.43,7.02,21.13,512.01,1.82
Wase,Lowland,Wheat,122.32,40.19,62.5,6.54,19.92,433.05,2.51
Wase,Lowland,Wheat,147.0,41.86,53.34,7.99,25.0,337.5,3.12
Wase,Lowland,Wheat,126.21,47.39,51.98,8.5,22.13,372.92,1.99
Wase,Lowland,Wheat,162.22,39.39,29.21,8.13,25.0,365.62,2.37
Wase,Lowland,Wheat,170.33,40.4,37.5,6.13,18.63,490.05,2.68
Wase,Lowland,Wheat,82.51,41.99,18.75,8.02,18.77,499.43,1.21
Wase,Lowland,Wheat,162.26,43.83,52.28,6.9,20.97,507.94,2.38
Wase,Lowland,Wheat,124.55,38.61,24.15,8.5,20.36,445.8,1.53
Wase,Lowland,Wheat,87.49,48.74,32.01,5.95,24.82,486.35,2.22
Wase,Lowland,Wheat,119.85,42.4,42.82,6.76,22.51,500.75,1.66
Wase,Lowland,Wheat,137.45,39.08,49.32,7.02,21.04,407.19,3.12
Wase,Lowland,Wheat,107.16,35.54,32.84,6.14,19.63,548.64,2.44
Wase,Lowland,Wheat,103.48,41.44,36.74,7.59,22.26,406.53,2.61
Wase,Lowland,Wheat,113.05,33.62,30.67,8.21,20.58,552.87,1.57
Wase,Lowland,Wheat,143.93,43.1,62.5,8.15,25.0,389.78,2.37
Wase,Lowland,Wheat,139.6,47.79,46.38,6.42,21.09,535.3,1.61
Wase,Lowland,Wheat,172.96,42.65,39.26,6.23,18.26,423.82,2.17
Wase,Lowland,Wheat,187.5,45.8,18.75,9.22,18.03,410.93,1.33
Wase,Lowland,Wheat,113.35,42.0,50.33,6.04,24.87,666.81,2.16
Wase,Lowland,Wheat,136.43,39.85,38.44,7.6,25.0,446.26,3.12
Wase,Lowland,Wheat,143.39,37.29,23.39,7.81,23.39,337.5,2.67
Wase,Lowland,Wheat,132.31,43.23,49.18,8.79,23.36,363.02,1.54
Wase,Lowland,Wheat,112.55,36.58,41.52,4.58,19.27,649.77,2.48
Wase,Lowland,Wheat,144.97,41.6,39.51,7.22,20.07,532.84,1.06
Wase,Lowland,Wheat,106.49,39.33,39.47,7.04,20.51,481.84,1.74
Wase,Lowland,Wheat,75.0,32.74,21.01,8.08,19.96,447.4,2.13
Wase,Lowland,Wheat,96.95,45.64,40.51,8.8,19.94,414.34,1.3
Wase,Lowland,Wheat,139.43,31.1,62.5,7.97,25.0,337.5,3.12
Wase,Lowland,Wheat,95.25,32.44,38.45,6.84,17.38,569.32,1.56
Wase,Lowland,Wheat,158.21,37.34,34.74,7.42,23.36,415.91,2.17
Wase,Lowland,Wheat,127.37,45.72,30.31,5.9,22.71,445.95,2.56
Wase,Lowland,Wheat,147.48,37.21,54.61,7.45,18.95,337.5,3.12
Wase,Lowland,Wheat,138.99,48.24,46.71,6.16,19.86,561.51,1.95
Wase,Lowland,Wheat,151.58,49.67,39.72,5.87,18.65,604.73,1.6
Wase,Lowland,Wheat,145.19,42.12,62.5,8.7,15.03,516.11,1.14
Wase,Lowland,Wheat,160.46,46.19,62.5,7.97,21.4,457.55,0.6
Wase,Lowland,Wheat,125.96,45.69,43.99,7.04,20.49,351.0,2.82
Wase,Lowland,Pineapple,214.98,53.88,127.04,7.08,27.9,722.12,0.53
Wase,Lowland,Pineapple,214.16,36.41,96.48,6.53,28.86,525.0,1.17
Wase,Lowland,Pineapple,273.49,48.53,119.64,6.06,27.88,782.64,0.42
Wase,Lowland,Pineapple,292.75,53.84,82.5,7.09,28.63,835.76,0.77
Wase,Lowland,Pineapple,282.51,63.28,220.79,6.65,28.12,525.0,0.56
Wase,Lowland,Pineapple,338.37,73.65,275.0,6.07,31.37,767.49,0.78
Wase,Lowland,Pineapple,263.98,42.6,136.6,4.45,26.41,957.14,1.02
Wase,Lowland,Pineapple,199.56,41.6,117.15,5.78,31.65,525.0,1.25
Wase,Lowland,Pineapple,293.97,64.16,181.68,6.19,22.96,714.87,0.62
Wase,Lowland,Pineapple,270.0,64.08,242.93,6.77,28.36,661.06,1.25
Wase,Lowland,Pineapple,293.11,54.75,169.82,6.69,27.91,569.32,1.07
Wase,Lowland,Pineapple,216.62,58.06,200.95,6.09,29.47,797.14,0.79
Wase,Lowland,Pineapple,207.38,40.43,82.5,4.52,26.36,800.84,1.15
Wase,Lowland,Pineapple,322.67,72.78,275.0,7.41,29.64,584.98,0.87
Wase,Lowland,Pineapple,281.11,58.09,165.48,3.91,28.62,1016.75,0.66
Wase,Lowland,Pineapple,302.42,72.3,179.74,6.72,25.99,756.72,0.48
Wase,Lowland,Pineapple,272.08,68.42,90.23,8.12,32.37,525.0,1.25
Wase,Lowland,Pineapple,344.96,79.7,185.6,4.85,27.64,525.0,1.25
Wase,Lowland,Pineapple,242.12,40.68,142.71,7.59,28.25,768.39,0.44
Wase,Lowland,Pineapple,273.76,47.76,205.48,6.31,26.16,582.46,0.99
Wase,Lowland,Pineapple,327.71,60.29,275.0,6.94,27.69,578.86,1.03
Wase,Lowland,Pineapple,273.05,45.18,82.5,7.4,25.81,725.46,0.7
Wase,Lowland,Pineapple,266.8,51.05,121.79,6.39,20.84,812.23,0.69
Wase,Lowland,Pineapple,285.47,54.72,117.82,7.36,23.82,663.23,0.45
Wase,Lowland,Pineapple,252.72,40.95,111.53,6.72,28.71,781.54,0.78
Wase,Lowland,Pineapple,254.07,59.14,138.57,5.85,27.29,733.02,0.78
Wase,Lowland,Pineapple,305.85,59.97,187.69,6.3,21.98,717.68,0.53
Wase,Lowland,Pineapple,266.85,46.12,93.14,3.89,23.76,1215.09,0.27
Wase,Lowland,Pineapple,285.01,68.48,247.64,5.4,25.61,822.7,0.9
Wase,Lowland,Pineapple,268.99,48.7,206.49,6.97,24.54,803.87,0.14
Wase,Lowland,Pineapple,290.25,68.62,102.42,4.6,26.65,617.14,1.25
Wase,Lowland,Pineapple,201.06,49.57,98.98,5.01,26.15,991.51,0.85
Wase,Lowland,Pineapple,279.73,81.25,275.0,5.38,25.66,839.49,0.8
Wase,Lowland,Pineapple,283.32,72.55,134.52,6.17,30.89,578.62,1.25
Wase,Lowland,Pineapple,215.06,39.87,119.5,5.43,27.15,1043.03,0.08
Wase,Lowland,Pineapple,279.92,81.25,205.46,8.12,26.49,772.19,0.51
Wase,Lowland,Pineapple,285.49,69.03,172.42,4.65,26.23,843.55,0.17
Wase,Lowland,Pineapple,265.81,43.04,181.21,6.37,30.03,671.7,0.52
Wase,Lowland,Pineapple,243.1,53.9,168.0,4.91,24.46,1015.37,1.22
Wase,Lowland,Pineapple,253.02,60.54,198.63,5.24,29.94,831.99,1.12
Wase,Lowland,Pineapple,338.82,81.25,210.08,6.76,31.79,649.18,0.54
Wase,Lowland,Pineapple,264.41,45.3,189.54,4.78,28.22,819.62,1.25
Wase,Lowland,Pineapple,247.42,45.66,135.34,7.35,31.23,665.35,0.7
Wase,Lowland,Pineapple,278.99,53.52,218.09,7.05,28.6,597.65,0.8
Wase,Lowland,Pineapple,239.48,57.39,258.49,5.15,28.65,620.27,0.87
Wase,Lowland,Pineapple,200.39,51.87,82.5,7.31,30.61,642.88,1.13
Wase,Lowland,Pineapple,205.33,47.84,180.25,4.94,24.35,777.73,1.06
Wase,Lowland,Pineapple,290.49,79.74,159.57,5.43,30.04,551.1,1.25
Wase,Lowland,Pineapple,267.32,50.62,144.08,6.03,29.62,525.0,1.25
Wase,Lowland,Pineapple,249.08,39.29,182.83,6.9,27.81,687.84,0.62
Wase,Lowland,Onion,56.11,18.75,76.6,6.61,19.82,363.59,1.42
Wase,Lowland,Onion,93.93,38.84,55.85,7.17,18.38,352.36,0.98
Wase,Lowland,Onion,51.64,35.71,64.9,7.37,22.3,262.5,1.46
Wase,Lowland,Onion,46.69,28.64,60.53,6.68,23.21,311.07,1.59
Wase,Lowland,Onion,52.51,25.26,60.95,6.55,23.07,330.16,1.19
Wase,Lowland,Onion,103.67,39.42,46.94,7.04,16.56,272.7,1.11
Wase,Lowland,Onion,59.57,26.39,64.25,7.48,20.17,528.76,0.42
Wase,Lowland,Onion,45.0,27.63,33.75,6.53,17.62,474.79,1.55
Wase,Lowland,Onion,79.28,32.8,80.8,6.46,24.76,345.1,1.96
Wase,Lowland,Onion,91.83,27.41,43.09,6.73,21.86,417.77,0.82
Wase,Lowland,Onion,112.16,28.9,66.27,6.69,22.38,415.56,1.27
Wase,Lowland,Onion,45.0,29.01,63.75,7.14,20.81,450.78,0.42
Wase,Lowland,Onion,75.99,18.75,94.05,6.49,19.54,400.16,1.06
Wase,Lowland,Onion,63.47,47.5,94.02,6.01,17.8,380.88,1.84
Wase,Lowland,Onion,80.42,24.66,67.57,5.88,14.97,478.66,1.07
Wase,Lowland,Onion,74.23,32.12,68.05,6.81,18.33,341.75,1.91
Wase,Lowland,Onion,118.24,26.98,85.8,6.71,21.94,313.48,1.91
Wase,Lowland,Onion,67.07,56.25,77.42,7.08,23.17,372.61,1.35
Wase,Lowland,Onion,85.42,33.47,88.63,6.64,16.7,338.76,1.63
Wase,Lowland,Onion,116.54,32.76,53.52,7.23,25.0,262.5,1.91
Wase,Lowland,Onion,125.0,56.25,100.0,7.14,22.73,264.75,1.32
Wase,Lowland,Onion,94.14,56.25,81.93,8.17,19.39,350.45,0.3
Wase,Lowland,Onion,107.79,29.89,70.47,5.78,25.0,458.63,0.93
Wase,Lowland,Onion,62.33,18.75,100.0,7.59,19.93,336.29,1.33
Wase,Lowland,Onion,97.35,29.21,100.0,7.17,20.91,262.5,2.0
Wase,Lowland,Onion,79.69,34.78,60.63,6.7,21.72,416.73,1.26
Wase,Lowland,Onion,100.73,33.68,100.0,6.31,20.94,365.16,1.31
Wase,Lowland,Onion,102.62,52.13,88.69,7.69,17.92,262.5,1.8
Wase,Lowland,Onion,125.0,56.25,84.86,7.52,18.86,400.81,1.23
Wase,Lowland,Onion,88.85,35.5,74.33,6.3,16.72,518.86,0.59
Wase,Lowland,Onion,97.51,35.63,54.4,6.62,23.32,266.25,1.7
Wase,Lowland,Onion,45.0,18.75,33.75,6.58,22.44,449.92,1.16
Wase,Lowland,Onion,45.0,18.75,37.98,6.74,25.0,323.72,2.03
Wase,Lowland,Onion,125.0,52.13,100.0,6.06,18.3,292.3,1.94
Wase,Lowland,Onion,112.51,41.19,86.05,6.77,22.5,262.5,1.94
Wase,Lowland,Onion,90.48,56.25,84.92,6.89,19.36,356.66,1.12
Wase,Lowland,Onion,69.95,33.7,61.7,6.85,24.05,408.23,1.14
Wase,Lowland,Onion,61.38,32.12,67.85,6.91,20.98,262.98,1.88
Wase,Lowland,Onion,125.0,32.52,80.26,6.31,20.92,433.83,1.15
Wase,Lowland,Onion,100.42,49.5,93.92,7.68,24.64,262.5,1.5
Wase,Lowland,Onion,85.0,18.75,56.2,6.97,18.43,262.5,1.3
Wase,Lowland,Onion,69.84,26.95,69.71,6.85,24.24,383.75,1.47
Wase,Lowland,Onion,84.09,47.59,73.11,7.6,17.42,316.86,0.74
Wase,Lowland,Onion,97.82,50.75,77.82,7.28,16.05,399.68,0.3
Wase,Lowland,Onion,125.0,43.16,71.26,7.71,20.99,262.5,1.45
Wase,Lowland,Onion,59.48,41.2,71.29,6.89,19.18,262.5,1.72
Wase,Lowland,Onion,95.57,51.0,75.75,8.28,17.55,262.5,0.3
Wase,Lowland,Onion,125.0,47.11,100.0,6.55,20.13,294.99,2.25
Wase,Lowland,Onion,68.19,56.25,58.0,6.66,23.79,400.25,1.4
Wase,Lowland,Onion,110.13,27.22,67.97,6.29,17.59,384.87,1.37
Bassa,Highland,Irish-potato,87.26,37.48,118.32,4.64,11.35,750.0,0.22
Bassa,Highland,Irish-potato,111.16,37.76,144.46,3.1,11.77,750.0,0.78
Bassa,Highland,Irish-potato,60.0,50.32,104.17,3.85,10.76,750.0,0.22
Bassa,Highland,Irish-potato,120.48,34.21,180.54,3.27,16.1,565.54,1.39
Bassa,Highland,Irish-potato,62.73,43.07,122.59,5.52,14.64,425.95,0.7
Bassa,Highland,Irish-potato,124.53,75.0,211.67,3.49,15.5,556.58,0.77
Bassa,Highland,Irish-potato,79.06,51.62,143.26,5.15,15.64,300.0,0.9
Bassa,Highland,Irish-potato,114.72,41.35,195.46,4.65,12.65,750.0,0.3
Bassa,Highland,Irish-potato,126.99,56.66,175.45,3.43,18.68,429.77,1.47
Bassa,Highland,Irish-potato,104.43,30.0,129.86,4.02,18.12,528.54,1.47
Bassa,Highland,Irish-potato,90.36,66.61,94.48,5.69,7.5,573.29,0.22
Bassa,Highland,Irish-potato,60.0,33.27,90.0,4.87,8.09,545.74,0.22
Bassa,Highland,Irish-potato,67.29,30.0,90.0,5.24,10.59,520.87,0.37
Bassa,Highland,Irish-potato,150.0,60.35,135.98,5.62,9.49,455.88,0.84
Bassa,Highland,Irish-potato,84.61,61.66,90.0,4.47,14.74,750.0,0.22
Bassa,Highland,Irish-potato,150.0,30.0,145.58,3.3,11.43,659.88,1.66
Bassa,Highland,Irish-potato,117.12,67.64,225.0,4.66,11.18,529.75,0.6
Bassa,Highland,Irish-potato,112.51,59.4,193.13,3.5,10.33,697.11,0.34
Bassa,Highland,Irish-potato,75.64,30.66,159.59,4.8,14.84,550.91,0.34
Bassa,Highland,Irish-potato,103.07,30.0,151.59,3.58,11.09,750.0,1.27
Bassa,Highland,Irish-potato,89.32,64.33,124.42,4.74,13.31,750.0,0.78
Bassa,Highland,Irish-potato,77.56,39.27,207.04,4.24,12.27,460.75,1.27
Bassa,Highland,Irish-potato,146.43,65.33,184.29,5.18,9.12,362.72,0.28
Bassa,Highland,Irish-potato,88.69,46.16,202.32,5.76,10.51,550.76,0.22
Bassa,Highland,Irish-potato,101.81,60.25,181.13,4.32,7.7,500.28,1.14
Bassa,Highland,Irish-potato,107.06,55.56,196.58,5.41,14.31,517.63,0.29
Bassa,Highland,Irish-potato,94.5,30.0,107.29,4.14,16.84,526.59,0.79
Bassa,Highland,Irish-potato,129.04,63.43,166.86,4.8,7.77,388.93,0.58
Bassa,Highland,Irish-potato,60.0,30.0,120.07,3.96,10.36,750.0,0.22
Bassa,Highland,Irish-potato,79.83,48.63,96.65,3.46,7.98,750.0,0.23
Bassa,Highland,Irish-potato,60.0,36.35,149.74,4.17,15.26,348.73,1.2
Bassa,Highland,Irish-potato,118.74,30.0,146.31,4.14,14.35,750.0,1.45
Bassa,Highland,Irish-potato,103.27,48.1,130.91,3.21,17.51,611.84,0.59
Bassa,Highland,Irish-potato,60.0,47.97,92.2,5.21,9.84,521.78,0.22
Bassa,Highland,Irish-potato,60.0,30.0,164.56,4.67,10.34,648.04,0.22
Bassa,Highland,Irish-potato,60.0,30.0,90.0,3.84,10.02,676.92,0.67
Bassa,Highland,Irish-potato,113.89,30.0,174.79,4.23,14.57,442.32,1.07
Bassa,Highland,Irish-potato,70.06,58.33,90.0,3.6,13.92,613.41,0.99
Bassa,Highland,Irish-potato,130.12,43.02,190.61,3.45,12.84,402.77,1.88
Bassa,Highland,Irish-potato,74.27,40.87,198.86,3.65,13.72,560.34,1.67
Bassa,Highland,Irish-potato,86.0,30.0,203.82,3.5,13.05,715.29,1.07
Bassa,Highland,Irish-potato,93.99,45.86,179.49,5.19,8.39,611.97,0.22
Bassa,Highland,Irish-potato,60.0,56.12,119.94,5.81,9.9,604.67,0.22
Bassa,Highland,Irish-potato,101.77,46.92,225.0,4.6,13.6,579.07,0.88
Bassa,Highland,Irish-potato,98.52,30.0,197.29,6.33,7.5,568.26,0.22
Bassa,Highland,Irish-potato,60.0,62.47,100.08,4.93,9.96,639.73,0.22
Bassa,Highland,Irish-potato,87.41,35.25,128.19,5.42,11.41,366.72,0.56
Bassa,Highland,Irish-potato,64.91,37.34,171.75,5.61,9.08,510.83,0.55
Bassa,Highland,Irish-potato,60.0,61.72,148.99,3.87,11.42,618.15,0.45
Bassa,Highland,Irish-potato,60.0,30.0,98.19,5.1,7.5,750.0,0.22
Bassa,Highland,Tomato,117.99,104.18,152.83,4.14,14.4,559.46,1.53
Bassa,Highland,Tomato,109.81,87.53,210.65,4.35,14.14,694.75,0.81
Bassa,Highland,Tomato,82.61,79.61,120.0,5.83,19.46,750.0,0.38
Bassa,Highland,Tomato,95.52,51.32,189.38,5.5,20.25,454.01,2.2
Bassa,Highland,Tomato,75.0,79.89,120.0,6.65,21.47,750.0,0.38
Bassa,Highland,Tomato,119.37,77.23,219.13,6.8,19.53,611.02,0.38
Bassa,Highland,Tomato,140.35,117.39,201.2,5.22,13.5,498.08,0.94
Bassa,Highland,Tomato,131.73,116.82,196.38,5.35,16.0,471.98,1.0
Bassa,Highland,Tomato,94.75,92.79,169.29,5.96,20.91,517.45,0.38
Bassa,Highland,Tomato,75.0,48.75,237.06,3.75,20.62,689.49,1.28
Bassa,Highland,Tomato,83.9,85.61,192.15,7.32,18.2,468.83,0.38
Bassa,Highland,Tomato,81.82,61.93,151.77,3.89,14.63,750.0,0.38
Bassa,Highland,Tomato,111.86,80.18,213.8,5.0,17.88,645.34,1.15
Bassa,Highland,Tomato,157.02,70.14,272.98,6.61,23.32,431.71,1.14
Bassa,Highland,Tomato,141.89,99.67,176.4,3.75,21.95,535.66,2.3
Bassa,Highland,Tomato,102.74,48.75,142.48,4.71,23.14,524.11,1.92
Bassa,Highland,Tomato,75.0,48.75,120.0,5.73,23.43,738.28,0.38
Bassa,Highland,Tomato,102.61,74.17,188.39,5.23,15.57,658.25,1.2
Bassa,Highland,Tomato,94.1,53.52,179.33,5.4,20.89,750.0,0.6
Bassa,Highland,Tomato,99.66,70.98,264.62,5.05,13.94,591.14,1.1
Bassa,Highland,Tomato,75.0,111.66,179.28,4.06,17.59,750.0,1.09
Bassa,Highland,Tomato,126.46,99.76,171.47,5.78,28.36,501.71,1.82
Bassa,Highland,Tomato,75.0,114.03,230.8,6.89,15.62,490.48,1.26
Bassa,Highland,Tomato,113.63,70.72,200.0,5.43,13.57,701.64,0.89
Bassa,Highland,Tomato,127.12,90.71,241.4,7.11,23.29,571.17,0.64
Bassa,Highland,Tomato,126.72,56.0,208.42,7.42,14.25,553.08,0.38
Bassa,Highland,Tomato,76.39,89.15,159.28,5.78,20.33,695.64,0.43
Bassa,Highland,Tomato,85.9,64.78,215.97,6.71,13.5,750.0,0.38
Bassa,Highland,Tomato,99.25,53.64,245.12,5.56,19.41,582.72,0.61
Bassa,Highland,Tomato,106.7,99.12,220.48,3.75,24.48,565.7,1.78
Bassa,Highland,Tomato,97.41,66.08,291.41,4.59,17.2,629.54,1.42
Bassa,Highland,Tomato,165.3,103.24,219.63,5.64,22.98,589.24,1.1
Bassa,Highland,Tomato,111.38,93.28,154.94,4.74,20.02,556.09,1.88
Bassa,Highland,Tomato,149.19,93.99,259.88,4.88,28.51,618.1,1.26
Bassa,Highland,Tomato,139.58,68.48,236.51,4.78,20.2,579.2,1.08
Bassa,Highland,Tomato,109.52,83.82,181.2,7.74,15.24,688.6,0.38
Bassa,Highland,Tomato,126.37,94.25,284.42,6.1,20.62,659.87,0.57
Bassa,Highland,Tomato,95.24,89.52,231.32,4.79,26.39,722.7,1.35
Bassa,Highland,Tomato,90.85,64.98,234.24,5.31,13.92,722.22,0.47
Bassa,Highland,Tomato,129.61,53.44,214.21,6.22,17.83,736.76,0.38
Bassa,Highland,Tomato,94.86,65.23,198.67,8.35,22.94,487.97,0.38
Bassa,Highland,Tomato,75.09,77.92,177.66,4.4,16.91,613.81,1.25
Bassa,Highland,Tomato,93.28,48.75,219.41,5.06,14.58,649.76,0.76
Bassa,Highland,Tomato,134.2,80.06,129.08,6.82,17.72,665.64,0.38
Bassa,Highland,Tomato,119.63,97.36,144.91,7.9,13.5,626.9,0.38
Bassa,Highland,Tomato,119.81,128.36,289.85,6.39,19.37,518.03,1.33
Bassa,Highland,Tomato,119.37,66.66,169.34,7.71,22.48,419.26,0.38
Bassa,Highland,Tomato,129.8,118.77,171.72,8.22,17.63,448.22,0.38
Bassa,Highland,Tomato,131.98,79.21,251.25,3.75,28.55,685.99,1.95
Bassa,Highland,Tomato,83.47,48.75,222.44,5.58,18.1,684.24,1.06
Bassa,Highland,Groundnut,7.5,11.25,18.75,5.98,22.42,787.96,0.56
Bassa,Highland,Groundnut,7.5,30.75,18.75,6.71,20.73,528.86,0.69
Bassa,Highland,Groundnut,7.5,37.31,32.6,6.59,23.71,605.97,0.83
Bassa,Highland,Groundnut,7.5,15.89,18.75,4.99,22.55,746.57,0.79
Bassa,Highland,Groundnut,7.5,11.25,31.86,5.79,20.3,829.81,0.15
Bassa,Highland,Groundnut,7.5,31.78,29.05,6.24,16.82,569.99,0.77
Bassa,Highland,Groundnut,7.5,32.23,28.8,6.39,21.12,583.08,0.64
Bassa,Highland,Groundnut,7.5,34.94,21.59,5.79,24.04,819.83,0.58
Bassa,Highland,Groundnut,7.5,21.6,22.9,6.7,25.3,756.88,0.15
Bassa,Highland,Groundnut,7.5,23.94,21.24,6.61,20.18,709.23,0.56
Bassa,Highland,Groundnut,7.5,11.25,18.75,6.86,25.63,708.38,0.15
Bassa,Highland,Groundnut,7.5,18.36,30.21,6.96,18.65,597.31,0.72
Bassa,Highland,Groundnut,7.5,26.59,31.94,7.19,30.47,563.15,0.38
Bassa,Highland,Groundnut,7.5,12.35,34.73,6.27,16.5,875.0,0.15
Bassa,Highland,Groundnut,7.5,11.25,18.75,5.72,26.1,871.69,0.35
Bassa,Highland,Groundnut,7.5,11.25,32.63,5.66,25.24,742.02,0.56
Bassa,Highland,Groundnut,7.5,30.33,41.04,6.18,25.0,605.53,0.83
Bassa,Highland,Groundnut,7.5,12.96,18.75,6.54,22.36,875.0,0.15
Bassa,Highland,Groundnut,7.5,11.25,18.75,6.46,23.89,533.03,0.6
Bassa,Highland,Groundnut,7.5,31.75,49.79,5.37,25.23,803.67,1.05
Bassa,Highland,Groundnut,7.5,11.71,19.1,7.08,25.46,535.85,0.56
Bassa,Highland,Groundnut,7.5,25.87,33.5,6.94,23.83,556.9,0.36
Bassa,Highland,Groundnut,7.5,19.77,31.43,6.63,20.01,875.0,0.19
Bassa,Highland,Groundnut,7.5,28.52,24.81,6.34,27.66,659.15,1.03
Bassa,Highland,Groundnut,7.5,38.11,34.91,6.68,17.0,715.55,0.23
Bassa,Highland,Groundnut,11.0,45.38,35.76,6.66,22.64,533.39,0.62
Bassa,Highland,Groundnut,7.5,29.97,22.31,6.52,16.5,829.42,0.15
Bassa,Highland,Groundnut,7.5,20.58,22.33,5.35,25.05,764.04,0.89
Bassa,Highland,Groundnut,7.5,26.91,22.3,5.49,16.71,858.55,0.29
Bassa,Highland,Groundnut,7.5,11.25,19.25,7.68,22.9,522.24,0.38
Bassa,Highland,Groundnut,7.5,30.15,26.43,6.47,23.03,528.62,0.65
Bassa,Highland,Groundnut,7.5,22.06,29.9,6.13,24.78,696.23,0.39
Bassa,Highland,Groundnut,7.5,25.96,35.09,6.39,23.01,682.05,0.45
Bassa,Highland,Groundnut,15.74,33.09,37.57,6.6,25.14,679.58,0.48
Bassa,Highland,Groundnut,7.5,13.1,26.93,6.42,21.46,741.86,0.26
Bassa,Highland,Groundnut,7.5,19.21,23.17,5.18,17.53,822.99,0.15
Bassa,Highland,Groundnut,7.5,11.25,29.01,6.63,17.55,805.26,0.15
Bassa,Highland,Groundnut,7.5,34.7,29.34,6.43,23.41,802.07,0.15
Bassa,Highland,Groundnut,7.5,11.25,28.41,6.79,23.92,793.25,0.15
Bassa,Highland,Groundnut,7.5,11.25,22.63,5.82,22.34,830.6,0.15
Bassa,Highland,Groundnut,7.5,24.05,39.23,6.45,20.82,659.6,0.27
Bassa,Highland,Groundnut,7.5,11.25,28.46,6.59,24.82,593.17,0.65
Bassa,Highland,Groundnut,7.5,28.65,18.75,6.92,23.84,540.24,0.97
Bassa,Highland,Groundnut,7.5,26.07,30.03,5.4,23.76,832.63,0.58
Bassa,Highland,Groundnut,7.5,22.5,29.19,6.36,21.94,760.53,0.18
Bassa,Highland,Groundnut,7.5,35.62,34.81,6.65,18.73,722.96,0.15
Bassa,Highland,Groundnut,7.5,50.0,24.56,6.71,22.23,471.26,0.6
Bassa,Highland,Groundnut,7.5,11.25,19.7,6.69,20.16,690.81,0.15
Bassa,Highland,Groundnut,7.5,11.25,27.49,6.67,22.05,614.69,0.45
Bassa,Highland,Groundnut,7.5,11.25,21.5,5.27,22.08,875.0,0.15
Bassa,Highland,Pepper,98.8,34.71,57.82,6.56,13.57,1562.5,0.45
Bassa,Highland,Pepper,75.0,21.81,80.56,5.04,13.5,1523.41,0.45
Bassa,Highland,Pepper,138.55,18.82,96.29,5.33,30.11,779.14,1.52
Bassa,Highland,Pepper,202.69,29.43,118.63,7.63,19.18,662.86,1.0
Bassa,Highland,Pepper,120.85,18.75,41.25,6.37,14.72,1491.28,0.45
Bassa,Highland,Pepper,90.37,28.14,77.77,7.63,23.42,1106.71,0.45
Bassa,Highland,Pepper,129.2,31.82,71.11,6.63,23.42,455.35,1.71
Bassa,Highland,Pepper,75.0,18.75,41.25,5.49,23.54,1301.66,1.32
Bassa,Highland,Pepper,96.69,21.58,71.85,5.7,15.5,951.49,1.31
Bassa,Highland,Pepper,158.96,18.75,76.1,6.04,23.16,631.29,1.5
Bassa,Highland,Pepper,138.08,25.44,125.0,6.1,31.84,656.84,1.24
Bassa,Highland,Pepper,75.0,38.81,51.01,6.93,24.23,688.29,0.8
Bassa,Highland,Pepper,75.0,23.4,84.78,5.39,21.15,1088.71,1.51
Bassa,Highland,Pepper,93.8,18.75,84.98,5.6,14.75,1248.45,1.55
Bassa,Highland,Pepper,75.0,24.49,41.25,5.8,19.46,1181.64,0.58
Bassa,Highland,Pepper,93.9,20.68,56.91,6.41,13.5,1562.5,0.45
Bassa,Highland,Pepper,139.63,43.84,76.06,6.4,24.23,501.95,1.29
Bassa,Highland,Pepper,78.15,18.75,41.25,5.88,14.28,1141.18,0.74
Bassa,Highland,Pepper,136.54,28.7,93.18,5.71,18.87,732.74,1.08
Bassa,Highland,Pepper,113.24,38.02,92.68,6.02,13.5,1562.5,0.45
Bassa,Highland,Pepper,119.23,33.3,91.38,5.85,14.28,952.42,0.55
Bassa,Highland,Pepper,144.79,20.05,81.65,6.7,20.83,895.02,1.69
Bassa,Highland,Pepper,104.27,18.75,41.25,4.46,28.64,1356.24,1.0
Bassa,Highland,Pepper,177.11,47.38,102.66,6.27,21.85,1198.32,1.11
Bassa,Highland,Pepper,94.36,35.07,87.89,6.84,19.07,753.91,0.45
Bassa,Highland,Pepper,75.0,30.16,53.97,5.92,18.27,1210.23,0.81
Bassa,Highland,Pepper,174.31,45.97,118.15,6.84,22.01,450.0,2.01
Bassa,Highland,Pepper,79.88,41.81,41.25,7.16,20.42,530.24,0.84
Bassa,Highland,Pepper,75.0,18.75,41.25,5.78,20.5,1421.8,1.23
Bassa,Highland,Pepper,140.93,33.94,119.52,6.84,17.86,1009.22,0.94
Bassa,Highland,Pepper,125.9,39.24,75.35,5.23,18.83,865.29,1.16
Bassa,Highland,Pepper,109.53,18.8,64.23,5.72,18.72,1209.92,1.31
Bassa,Highland,Pepper,108.04,34.35,75.01,5.95,21.93,833.54,1.37
Bassa,Highland,Pepper,102.55,33.38,103.96,5.62,18.29,1174.79,0.72
Bassa,Highland,Pepper,101.28,30.49,74.99,6.47,23.01,571.21,1.16
Bassa,Highland,Pepper,102.69,31.24,82.95,6.7,19.12,657.59,0.45
Bassa,Highland,Pepper,126.29,18.75,55.2,5.34,13.5,1562.5,0.45
Bassa,Highland,Pepper,93.79,35.52,50.51,7.47,26.38,708.4,0.98
Bassa,Highland,Pepper,99.56,50.73,83.28,6.36,14.16,1070.55,0.9
Bassa,Highland,Pepper,137.06,24.89,62.4,6.73,16.31,878.83,0.96
Bassa,Highland,Pepper,110.71,18.75,79.84,5.05,21.13,1445.54,1.14
Bassa,Highland,Pepper,75.0,60.1,121.61,6.45,19.34,450.0,1.23
Bassa,Highland,Pepper,212.5,43.89,91.43,6.12,18.7,1083.72,1.1
Bassa,Highland,Pepper,210.92,26.23,52.51,6.1,25.86,1015.79,1.04
Bassa,Highland,Pepper,186.99,62.5,104.37,5.93,18.01,1436.47,0.45
Bassa,Highland,Pepper,157.91,32.43,72.45,6.42,17.62,796.44,0.73
Bassa,Highland,Pepper,82.45,27.77,112.14,6.11,18.05,979.67,0.9
Bassa,Highland,Pepper,170.57,40.4,52.79,7.24,25.2,450.0,1.82
Bassa,Highland,Pepper,127.24,18.75,64.23,4.14,13.66,1274.82,1.6
Bassa,Highland,Pepper,138.87,22.87,67.06,5.44,19.3,1562.5,0.96
Bassa,Highland,Cabbage,75.0,37.5,118.9,6.52,20.57,485.06,0.57
Bassa,Highland,Cabbage,116.62,37.5,114.23,6.35,10.13,504.64,0.38
Bassa,Highland,Cabbage,112.01,51.96,127.47,6.47,7.5,502.11,0.15
Bassa,Highland,Cabbage,129.68,52.83,131.82,6.06,7.5,600.97,0.15
Bassa,Highland,Cabbage,98.84,52.35,133.59,6.07,7.5,625.0,0.65
Bassa,Highland,Cabbage,108.65,59.58,121.25,6.56,7.5,480.04,0.52
Bassa,Highland,Cabbage,119.53,49.2,128.18,5.6,7.5,572.23,0.91
Bassa,Highland,Cabbage,99.47,57.63,105.49,7.04,8.75,540.98,0.15
Bassa,Highland,Cabbage,75.0,51.95,108.24,5.98,14.73,625.0,0.4
Bassa,Highland,Cabbage,75.0,37.5,75.0,6.18,11.76,576.53,0.15
Bassa,Highland,Cabbage,75.0,39.05,98.84,5.44,7.5,625.0,0.15
Bassa,Highland,Cabbage,117.23,39.19,94.21,6.75,11.33,556.97,0.15
Bassa,Highland,Cabbage,109.15,53.47,131.97,5.09,16.18,620.68,0.9
Bassa,Highland,Cabbage,124.56,52.15,88.37,6.62,18.13,552.06,0.21
Bassa,Highland,Cabbage,77.72,50.35,130.21,6.44,12.23,468.58,0.47
Bassa,Highland,Cabbage,128.23,48.38,114.89,6.61,12.39,589.16,0.41
Bassa,Highland,Cabbage,94.95,37.5,80.79,6.35,14.1,542.78,0.68
Bassa,Highland,Cabbage,141.78,51.86,114.53,6.25,10.64,558.85,0.16
Bassa,Highland,Cabbage,146.53,54.92,96.36,5.96,9.35,589.79,0.55
Bassa,Highland,Cabbage,95.68,59.7,102.19,6.75,19.25,438.68,0.25
Bassa,Highland,Cabbage,75.0,45.99,82.11,5.71,11.02,625.0,0.72
Bassa,Highland,Cabbage,148.78,71.95,96.82,6.45,11.85,503.47,0.15
Bassa,Highland,Cabbage,75.0,37.5,106.58,6.05,9.84,614.77,0.15
Bassa,Highland,Cabbage,75.0,37.5,90.76,5.88,14.33,625.0,0.15
Bassa,Highland,Cabbage,155.12,52.24,127.16,5.31,19.94,619.87,1.18
Bassa,Highland,Cabbage,125.24,37.5,120.69,6.19,16.42,537.27,0.5
Bassa,Highland,Cabbage,94.85,45.69,124.82,7.39,7.5,547.44,0.15
Bassa,Highland,Cabbage,121.32,52.42,83.19,6.11,7.5,625.0,0.15
Bassa,Highland,Cabbage,96.21,57.74,92.37,6.3,23.88,494.51,0.81
Bassa,Highland,Cabbage,75.0,64.66,114.4,6.03,8.2,518.93,0.23
Bassa,Highland,Cabbage,91.13,44.72,98.19,6.84,14.66,467.81,0.36
Bassa,Highland,Cabbage,129.33,55.72,148.62,6.16,7.5,601.69,0.43
Bassa,Highland,Cabbage,116.07,58.68,103.95,7.54,7.5,397.31,1.18
Bassa,Highland,Cabbage,82.16,64.62,110.04,7.06,14.94,383.17,0.95
Bassa,Highland,Cabbage,75.0,37.5,104.46,6.1,14.0,625.0,0.15
Bassa,Highland,Cabbage,107.91,58.31,121.44,6.32,7.5,490.25,0.53
Bassa,Highland,Cabbage,104.16,47.93,110.48,5.52,14.51,625.0,0.15
Bassa,Highland,Cabbage,151.43,73.23,141.37,6.52,11.41,548.01,0.15
Bassa,Highland,Cabbage,87.97,50.21,132.11,6.32,10.43,586.28,0.18
Bassa,Highland,Cabbage,78.11,45.01,124.63,5.84,7.5,550.79,0.85
Bassa,Highland,Cabbage,75.0,49.65,75.0,6.67,19.54,571.42,0.97
Bassa,Highland,Cabbage,125.02,63.8,139.6,6.51,24.6,432.75,0.32
Bassa,Highland,Cabbage,75.0,49.11,101.11,6.08,13.49,579.15,0.35
Bassa,Highland,Cabbage,75.0,44.94,106.88,6.66,7.5,589.47,0.15
Bassa,Highland,Cabbage,88.22,58.3,113.5,6.77,15.0,554.52,0.27
Bassa,Highland,Cabbage,118.77,61.05,128.36,7.12,7.5,458.29,0.28
Bassa,Highland,Cabbage,143.75,51.91,111.59,6.63,30.0,437.71,1.12
Bassa,Highland,Cabbage,84.32,53.29,116.47,5.8,19.61,494.48,0.78
Bassa,Highland,Cabbage,78.39,59.49,116.47,6.9,26.11,513.04,0.38
Bassa,Highland,Cabbage,132.38,55.47,110.24,6.68,8.46,472.13,0.62
Bassa,Highland,Maize,160.1,39.27,45.0,4.33,21.87,966.39,1.23
Bassa,Highland,Maize,165.23,52.14,53.59,5.98,15.0,680.24,1.16
Bassa,Highland,Maize,172.0,55.24,81.83,6.92,19.63,570.61,1.04
Bassa,Highland,Maize,185.25,94.75,49.81,6.44,15.0,877.32,0.43
Bassa,Highland,Maize,154.75,43.86,59.29,4.87,22.17,812.99,0.78
Bassa,Highland,Maize,147.0,45.8,45.4,5.28,23.16,747.63,0.97
Bassa,Highland,Maize,130.1,72.41,90.19,5.57,18.01,1000.0,0.97
Bassa,Highland,Maize,150.88,70.87,95.1,8.48,15.0,568.35,0.33
Bassa,Highland,Maize,156.85,75.73,60.8,4.6,15.0,818.78,1.06
Bassa,Highland,Maize,162.86,37.5,64.65,5.88,19.83,1000.0,0.3
Bassa,Highland,Maize,153.49,73.75,72.52,6.0,15.0,1000.0,0.3
Bassa,Highland,Maize,187.6,48.15,94.64,6.16,18.45,803.88,0.79
Bassa,Highland,Maize,112.5,40.79,59.91,5.83,21.65,678.96,1.7
Bassa,Highland,Maize,145.22,90.88,58.95,6.53,27.96,744.22,0.4
Bassa,Highland,Maize,144.41,60.96,67.84,6.35,28.51,539.07,0.3
Bassa,Highland,Maize,153.75,82.97,66.02,7.33,20.15,721.52,0.3
Bassa,Highland,Maize,112.5,51.5,45.0,5.19,19.75,872.66,1.08
Bassa,Highland,Maize,168.26,37.5,70.6,6.92,15.0,1000.0,0.3
Bassa,Highland,Maize,112.5,37.5,45.0,4.12,24.34,1000.0,1.76
Bassa,Highland,Maize,173.34,57.07,76.98,6.94,26.24,601.83,0.3
Bassa,Highland,Maize,170.29,38.62,69.27,5.93,18.68,932.24,0.5
Bassa,Highland,Maize,125.33,56.63,48.2,5.08,16.64,759.15,0.46
Bassa,Highland,Maize,145.27,37.5,58.45,4.36,21.6,1000.0,0.76
Bassa,Highland,Maize,195.25,88.0,84.15,6.61,15.4,493.37,1.78
Bassa,Highland,Maize,142.19,43.1,91.9,6.11,19.21,771.48,1.6
Bassa,Highland,Maize,164.58,77.08,71.0,6.12,22.51,644.22,0.95
Bassa,Highland,Maize,203.35,59.13,72.75,5.97,21.4,981.15,0.3
Bassa,Highland,Maize,138.5,37.5,65.49,5.87,25.35,609.16,1.18
Bassa,Highland,Maize,154.39,87.27,87.94,7.0,22.83,581.46,1.46
Bassa,Highland,Maize,127.98,40.96,45.0,5.53,25.67,912.0,1.03
Bassa,Highland,Maize,139.07,63.65,45.0,5.24,20.61,1000.0,0.95
Bassa,Highland,Maize,163.41,77.65,61.5,7.23,15.0,724.68,0.3
Bassa,Highland,Maize,121.07,37.5,45.0,6.21,21.61,749.03,0.3
Bassa,Highland,Maize,180.27,61.2,60.19,6.31,21.52,375.0,2.08
Bassa,Highland,Maize,201.9,59.88,53.61,7.59,25.35,729.49,0.95
Bassa,Highland,Maize,112.5,37.5,100.97,6.9,20.91,565.84,0.99
Bassa,Highland,Maize,112.51,72.34,65.56,5.01,17.56,1000.0,0.3
Bassa,Highland,Maize,176.07,54.82,84.2,5.65,15.0,741.03,0.59
Bassa,Highland,Maize,142.33,52.64,94.62,6.16,15.0,814.53,0.3
Bassa,Highland,Maize,200.17,63.09,78.51,6.57,21.43,756.97,0.55
Bassa,Highland,Maize,168.9,50.72,111.65,6.15,22.41,752.69,1.07
Bassa,Highland,Maize,168.55,78.43,117.16,6.86,18.19,808.4,0.3
Bassa,Highland,Maize,193.49,41.5,108.57,5.99,17.75,1000.0,0.42
Bassa,Highland,Maize,166.21,72.71,74.11,6.03,25.24,760.28,0.42
Bassa,Highland,Maize,160.74,40.34,56.5,5.87,23.1,751.11,1.3
Bassa,Highland,Maize,160.4,56.24,98.19,5.6,27.93,808.24,0.3
Bassa,Highland,Maize,202.37,62.57,76.42,6.46,25.12,517.26,1.94
Bassa,Highland,Maize,193.18,74.67,98.86,5.89,26.1,724.06,1.3
Bassa,Highland,Maize,154.14,58.54,54.67,6.4,19.67,827.37,0.3
Bassa,Highland,Maize,210.26,82.58,81.94,4.88,21.69,987.25,0.3
Bassa,Highland,Wheat,135.97,42.29,41.97,5.43,11.25,556.37,1.18
Bassa,Highland,Wheat,81.52,35.63,18.75,7.06,14.96,711.89,0.6
Bassa,Highland,Wheat,113.96,39.05,54.68,6.87,18.76,509.48,1.82
Bassa,Highland,Wheat,79.36,44.49,18.75,6.92,16.62,681.82,1.11
Bassa,Highland,Wheat,146.32,38.84,41.31,7.56,14.65,459.32,2.12
Bassa,Highland,Wheat,106.27,45.86,21.17,8.84,11.25,672.39,0.6
Bassa,Highland,Wheat,81.03,36.04,62.5,6.03,12.2,622.91,1.37
Bassa,Highland,Wheat,125.58,42.65,40.98,6.45,16.83,616.11,1.81
Bassa,Highland,Wheat,101.12,29.18,19.9,6.89,19.24,706.82,1.01
Bassa,Highland,Wheat,130.34,26.25,25.12,7.05,14.21,648.3,1.77
Bassa,Highland,Wheat,121.41,40.13,24.28,7.8,19.55,432.39,2.02
Bassa,Highland,Wheat,75.0,37.84,25.69,6.53,15.64,540.63,1.98
Bassa,Highland,Wheat,134.15,32.56,18.75,6.69,11.25,707.79,1.37
Bassa,Highland,Wheat,131.79,28.4,20.91,6.72,18.66,548.85,1.96
Bassa,Highland,Wheat,107.71,32.26,18.75,6.59,16.17,568.08,1.74
Bassa,Highland,Wheat,75.0,28.89,47.25,4.94,18.4,696.0,2.05
Bassa,Highland,Wheat,96.49,40.1,25.47,7.1,19.11,506.89,1.26
Bassa,Highland,Wheat,108.34,34.5,46.1,7.97,11.31,526.22,1.17
Bassa,Highland,Wheat,132.8,29.0,18.75,4.73,11.25,812.5,1.27
Bassa,Highland,Wheat,84.26,26.85,18.75,7.92,15.48,579.97,1.14
Bassa,Highland,Wheat,75.0,30.46,27.19,4.87,17.37,758.14,1.54
Bassa,Highland,Wheat,138.68,34.53,23.79,5.39,15.81,743.31,1.36
Bassa,Highland,Wheat,105.3,41.23,52.25,5.29,14.44,738.15,2.21
Bassa,Highland,Wheat,75.0,30.81,22.03,5.93,14.61,812.5,0.6
Bassa,Highland,Wheat,144.89,27.18,41.21,6.79,15.9,650.45,2.09
Bassa,Highland,Wheat,96.59,35.69,33.04,5.18,16.81,682.24,1.13
Bassa,Highland,Wheat,144.29,38.49,25.56,5.71,16.71,765.44,1.96
Bassa,Highland,Wheat,82.72,42.36,56.15,7.08,11.25,598.11,0.6
Bassa,Highland,Wheat,137.67,40.15,41.6,7.73,14.33,570.18,1.93
Bassa,Highland,Wheat,95.61,34.96,18.75,5.23,17.6,698.53,2.17
Bassa,Highland,Wheat,123.25,32.39,43.22,6.47,11.46,667.39,1.79
Bassa,Highland,Wheat,100.39,28.04,31.4,5.85,15.18,716.09,1.11
Bassa,Highland,Wheat,116.42,33.01,45.38,6.86,18.75,573.72,2.04
Bassa,Highland,Wheat,132.51,35.97,36.73,7.17,16.54,439.68,2.31
Bassa,Highland,Wheat,103.18,37.5,18.75,7.26,15.99,651.03,0.73
Bassa,Highland,Wheat,79.03,36.0,37.22,6.75,12.29,812.5,0.6
Bassa,Highland,Wheat,120.1,27.82,19.81,6.64,15.64,807.61,0.6
Bassa,Highland,Wheat,110.64,34.37,36.54,7.17,11.52,522.92,1.93
Bassa,Highland,Wheat,111.75,50.95,18.75,8.06,14.21,419.89,0.94
Bassa,Highland,Wheat,75.0,31.8,18.75,6.29,16.75,740.33,1.61
Bassa,Highland,Wheat,127.38,28.66,18.75,8.48,12.29,604.86,0.6
Bassa,Highland,Wheat,141.02,28.99,18.75,5.0,15.82,660.11,2.55
Bassa,Highland,Wheat,89.74,26.25,18.75,5.12,11.25,812.5,0.6
Bassa,Highland,Wheat,127.79,42.23,32.96,6.45,18.62,711.36,2.03
Bassa,Highland,Wheat,109.48,36.14,18.75,7.57,19.41,757.79,0.6
Bassa,Highland,Wheat,122.63,26.85,27.93,5.81,16.89,746.16,1.93
Bassa,Highland,Wheat,75.0,35.16,28.34,7.61,11.25,547.38,1.57
Bassa,Highland,Wheat,121.39,36.82,18.75,6.01,14.81,808.82,0.6
Bassa,Highland,Wheat,93.83,30.42,33.51,6.62,14.68,745.43,0.89
Bassa,Highland,Wheat,93.04,29.57,32.23,6.72,14.99,703.39,0.6
Bassa,Highland,Pineapple,246.68,37.48,141.07,6.0,21.6,1121.95,0.08
Bassa,Highland,Pineapple,297.59,80.46,151.73,4.67,17.84,1006.82,0.22
Bassa,Highland,Pineapple,215.58,55.96,142.81,6.89,23.93,525.0,0.9
Bassa,Highland,Pineapple,230.94,41.4,92.67,5.36,23.05,1101.08,0.29
Bassa,Highland,Pineapple,208.18,34.49,108.57,3.55,23.13,1091.32,0.4
Bassa,Highland,Pineapple,324.08,60.55,205.02,4.03,20.21,1250.0,0.08
Bassa,Highland,Pineapple,241.35,45.97,213.62,5.85,23.11,941.53,0.08
Bassa,Highland,Pineapple,194.94,51.67,96.36,6.17,21.19,852.86,0.67
Bassa,Highland,Pineapple,274.65,42.54,129.63,5.74,20.67,920.07,0.67
Bassa,Highland,Pineapple,234.81,68.02,194.67,7.86,19.32,935.03,0.08
Bassa,Highland,Pineapple,172.5,46.35,82.5,5.65,21.95,898.48,0.08
Bassa,Highland,Pineapple,285.36,80.13,232.02,5.99,20.72,944.36,0.27
Bassa,Highland,Pineapple,285.27,54.43,135.78,3.38,21.54,1250.0,0.52
Bassa,Highland,Pineapple,242.05,49.18,113.47,5.34,24.08,946.59,0.45
Bassa,Highland,Pineapple,241.42,57.4,100.69,5.26,24.11,923.1,0.2
Bassa,Highland,Pineapple,240.64,39.25,205.41,5.85,20.51,1012.89,0.08
Bassa,Highland,Pineapple,247.99,55.18,112.81,3.38,17.45,1189.74,0.14
Bassa,Highland,Pineapple,284.09,56.01,155.23,5.92,24.14,742.86,0.61
Bassa,Highland,Pineapple,277.73,49.89,113.82,4.74,21.31,875.78,0.25
Bassa,Highland,Pineapple,244.94,60.36,195.19,4.18,17.27,784.41,0.45
Bassa,Highland,Pineapple,289.51,40.41,155.88,4.35,24.84,968.0,0.24
Bassa,Highland,Pineapple,194.35,44.25,115.49,3.81,20.47,1250.0,0.33
Bassa,Highland,Pineapple,271.58,60.05,82.5,4.45,21.59,738.66,0.94
Bassa,Highland,Pineapple,333.98,55.77,82.5,5.24,22.56,888.14,0.43
Bassa,Highland,Pineapple,200.27,53.02,154.77,7.58,19.98,854.53,0.08
Bassa,Highland,Pineapple,287.08,57.09,275.0,6.71,19.19,608.85,0.31
Bassa,Highland,Pineapple,264.77,64.78,201.32,5.1,20.16,1057.14,0.08
Bassa,Highland,Pineapple,280.69,69.28,132.0,6.01,20.94,978.85,0.2
Bassa,Highland,Pineapple,207.22,35.2,125.3,6.2,24.3,1078.01,0.08
Bassa,Highland,Pineapple,172.5,33.75,154.55,6.94,21.36,937.48,0.08
Bassa,Highland,Pineapple,260.38,62.65,92.14,5.6,21.17,1138.14,0.27
Bassa,Highland,Pineapple,172.5,44.21,82.5,3.65,21.23,1043.23,0.29
Bassa,Highland,Pineapple,245.23,56.38,150.42,5.42,21.2,971.22,0.15
Bassa,Highland,Pineapple,172.56,42.93,82.5,4.44,22.52,1103.1,0.08
Bassa,Highland,Pineapple,172.5,33.75,118.6,4.64,22.24,982.91,0.13
Bassa,Highland,Pineapple,237.03,37.3,82.5,5.13,22.08,1153.72,0.21
Bassa,Highland,Pineapple,213.23,40.55,86.13,6.99,17.28,806.16,0.08
Bassa,Highland,Pineapple,206.1,48.43,88.76,3.38,20.78,1128.03,0.29
Bassa,Highland,Pineapple,280.13,52.04,175.24,5.91,23.18,966.93,0.08
Bassa,Highland,Pineapple,283.36,46.1,106.98,6.12,20.46,800.47,0.45
Bassa,Highland,Pineapple,204.27,33.75,82.5,4.61,19.24,988.3,0.08
Bassa,Highland,Pineapple,225.66,62.39,157.66,4.71,20.25,1113.08,0.08
Bassa,Highland,Pineapple,280.18,52.62,140.72,6.55,19.52,689.86,0.27
Bassa,Highland,Pineapple,353.25,51.98,245.74,5.36,24.39,800.98,0.55
Bassa,Highland,Pineapple,272.75,45.0,183.54,5.69,20.27,904.94,0.18
Bassa,Highland,Pineapple,231.63,46.71,115.59,5.38,19.7,1110.91,0.14
Bassa,Highland,Pineapple,285.87,67.93,192.41,5.45,25.04,765.05,0.13
Bassa,Highland,Pineapple,237.75,36.71,134.97,5.94,24.86,717.77,0.65
Bassa,Highland,Pineapple,251.72,67.45,106.77,5.63,21.88,739.17,0.26
Bassa,Highland,Pineapple,329.11,63.33,137.14,7.3,18.48,691.1,0.14
Bassa,Highland,Onion,57.74,20.87,57.94,6.06,11.25,639.85,0.3
Bassa,Highland,Onion,45.0,23.08,33.75,7.22,18.43,524.14,0.3
Bassa,Highland,Onion,65.34,42.46,58.33,5.83,13.35,626.99,0.46
Bassa,Highland,Onion,76.11,22.26,58.1,5.65,13.15,687.5,0.3
Bassa,Highland,Onion,66.02,21.37,46.25,6.22,15.1,687.5,0.69
Bassa,Highland,Onion,45.0,32.81,39.57,5.3,15.39,416.75,1.18
Bassa,Highland,Onion,54.72,24.14,50.01,6.57,16.78,532.82,0.51
Bassa,Highland,Onion,64.68,37.63,66.72,7.52,14.6,418.46,0.3
Bassa,Highland,Onion,86.11,30.59,44.46,6.23,14.0,687.5,0.3
Bassa,Highland,Onion,64.88,18.75,57.83,6.7,12.36,687.5,0.3
Bassa,Highland,Onion,45.0,21.42,88.52,6.41,13.75,687.5,0.3
Bassa,Highland,Onion,64.47,31.69,75.2,5.9,15.22,664.85,0.51
Bassa,Highland,Onion,83.55,35.64,62.8,5.92,15.59,410.88,1.8
Bassa,Highland,Onion,63.26,33.43,51.63,6.26,11.55,649.6,0.3
Bassa,Highland,Onion,88.9,38.1,33.75,5.79,16.24,568.54,0.78
Bassa,Highland,Onion,92.33,31.95,66.98,5.71,15.42,517.6,0.62
Bassa,Highland,Onion,55.28,49.74,76.27,6.44,15.69,468.15,1.28
Bassa,Highland,Onion,58.75,18.75,40.55,7.33,16.32,484.95,0.3
Bassa,Highland,Onion,79.23,39.76,74.93,6.26,14.75,433.0,0.98
Bassa,Highland,Onion,69.03,31.51,41.39,6.36,14.41,596.02,0.35
Bassa,Highland,Onion,90.13,48.1,60.7,6.0,15.74,460.06,1.09
Bassa,Highland,Onion,57.84,46.78,74.22,6.9,11.25,647.69,0.3
Bassa,Highland,Onion,58.1,43.55,33.75,6.27,18.56,431.44,1.31
Bassa,Highland,Onion,89.89,31.28,34.07,5.88,17.15,641.24,0.3
Bassa,Highland,Onion,72.35,34.9,51.83,6.81,14.71,687.5,0.3
Bassa,Highland,Onion,62.28,23.19,86.06,5.04,17.68,687.5,0.93
Bassa,Highland,Onion,51.88,38.03,71.09,8.16,14.52,421.2,0.3
Bassa,Highland,Onion,81.6,26.56,89.75,5.61,12.51,557.04,0.96
Bassa,Highland,Onion,61.31,18.75,40.47,6.12,16.46,583.77,0.54
Bassa,Highland,Onion,45.0,18.75,70.36,6.62,17.9,542.9,1.03
Bassa,Highland,Onion,45.0,37.38,65.28,6.52,11.58,587.89,0.3
Bassa,Highland,Onion,82.38,33.23,63.69,6.19,13.46,663.9,0.3
Bassa,Highland,Onion,53.7,20.1,64.14,7.09,16.28,423.58,0.46
Bassa,Highland,Onion,45.0,28.25,48.35,6.69,11.25,500.62,1.03
Bassa,Highland,Onion,87.26,18.75,51.57,5.84,11.25,687.5,0.79
Bassa,Highland,Onion,74.99,51.9,72.93,6.94,11.25,516.15,0.56
Bassa,Highland,Onion,45.0,39.87,51.56,6.4,11.25,404.97,1.02
Bassa,Highland,Onion,53.84,35.78,46.43,5.88,15.55,553.35,2.0
Bassa,Highland,Onion,45.0,31.68,46.66,6.47,15.2,687.5,0.63
Bassa,Highland,Onion,45.0,18.75,51.96,6.85,13.9,687.5,0.3
Bassa,Highland,Onion,80.3,41.43,74.56,6.27,15.1,453.17,0.32
Bassa,Highland,Onion,65.97,34.63,76.81,5.24,13.12,687.5,0.93
Bassa,Highland,Onion,57.14,24.39,47.11,6.32,19.45,615.6,0.98
Bassa,Highland,Onion,71.12,33.06,50.43,6.12,11.25,687.5,0.3
Bassa,Highland,Onion,78.09,24.57,68.49,6.34,18.69,386.42,1.4
Bassa,Highland,Onion,45.0,18.75,59.82,5.76,16.04,580.4,1.19
Bassa,Highland,Onion,86.29,21.66,55.65,7.01,16.2,526.3,0.53
Bassa,Highland,Onion,86.06,44.37,95.61,7.33,19.15,383.33,0.3
Bassa,Highland,Onion,86.49,18.75,78.49,5.8,13.94,626.66,0.52
Bassa,Highland,Onion,63.73,18.75,59.31,5.6,13.11,687.5,0.3
Bokkos,Highland,Irish-potato,90.45,51.17,128.91,4.64,14.84,550.73,0.32
Bokkos,Highland,Irish-potato,117.31,35.63,144.48,4.75,21.68,320.92,1.15
Bokkos,Highland,Irish-potato,105.62,45.22,163.28,4.76,18.02,627.31,0.73
Bokkos,Highland,Irish-potato,65.95,39.15,225.0,5.24,16.44,620.99,0.3
Bokkos,Highland,Irish-potato,83.22,43.05,208.64,4.42,14.74,517.95,0.93
Bokkos,Highland,Irish-potato,91.21,30.0,96.35,4.26,9.33,625.81,0.64
Bokkos,Highland,Irish-potato,104.36,36.04,199.68,4.41,14.67,535.85,0.82
Bokkos,Highland,Irish-potato,68.4,48.75,184.03,4.41,9.97,638.67,0.48
Bokkos,Highland,Irish-potato,116.64,61.95,154.92,5.18,12.07,648.27,0.22
Bokkos,Highland,Irish-potato,104.16,33.57,125.05,5.59,13.91,303.25,0.64
Bokkos,Highland,Irish-potato,60.0,33.83,90.0,4.52,7.5,750.0,0.22
Bokkos,Highland,Irish-potato,112.9,36.35,167.61,4.43,10.51,750.0,0.22
Bokkos,Highland,Irish-potato,112.86,39.84,217.38,5.57,8.13,656.73,0.5
Bokkos,Highland,Irish-potato,60.0,30.59,122.51,3.57,10.56,750.0,0.52
Bokkos,Highland,Irish-potato,87.71,47.65,148.85,4.95,12.74,649.8,1.11
Bokkos,Highland,Irish-potato,99.75,30.0,91.36,4.84,10.04,750.0,0.22
Bokkos,Highland,Irish-potato,66.61,32.67,225.0,5.27,11.24,545.37,0.22
Bokkos,Highland,Irish-potato,94.53,44.59,179.05,4.61,8.86,750.0,0.22
Bokkos,Highland,Irish-potato,79.6,32.91,136.82,3.0,7.5,628.47,1.13
Bokkos,Highland,Irish-potato,96.55,30.0,146.92,5.54,13.72,300.0,1.63
Bokkos,Highland,Irish-potato,76.27,40.86,214.65,4.14,10.05,750.0,0.55
Bokkos,Highland,Irish-potato,60.0,41.56,90.0,4.16,11.76,750.0,0.67
Bokkos,Highland,Irish-potato,60.0,30.0,90.0,5.03,7.5,658.74,0.22
Bokkos,Highland,Irish-potato,69.08,30.0,167.64,5.59,12.76,433.77,0.93
Bokkos,Highland,Irish-potato,60.0,30.0,114.89,4.57,9.69,626.64,0.22
Bokkos,Highland,Irish-potato,88.72,44.87,90.0,4.5,16.5,588.14,0.69
Bokkos,Highland,Irish-potato,63.12,30.0,160.42,3.72,11.24,677.99,0.39
Bokkos,Highland,Irish-potato,116.72,46.28,225.0,4.04,21.98,300.0,1.88
Bokkos,Highland,Irish-potato,103.34,41.48,173.46,4.21,7.58,750.0,0.44
Bokkos,Highland,Irish-potato,87.31,69.47,166.52,3.0,8.02,750.0,0.67
Bokkos,Highland,Irish-potato,67.08,32.45,107.9,4.7,13.67,580.23,0.7
Bokkos,Highland,Irish-potato,107.73,30.0,211.17,5.15,13.27,612.12,0.46
Bokkos,Highland,Irish-potato,115.18,62.02,223.99,4.29,14.37,480.92,0.62
Bokkos,Highland,Irish-potato,60.0,46.84,159.62,5.29,20.1,300.0,1.34
Bokkos,Highland,Irish-potato,62.31,44.63,90.0,3.0,16.16,610.12,1.88
Bokkos,Highland,Irish-potato,79.23,60.99,136.23,4.04,10.69,703.14,0.33
Bokkos,Highland,Irish-potato,60.0,30.0,90.0,4.55,19.05,498.96,0.66
Bokkos,Highland,Irish-potato,116.97,46.89,202.94,6.53,15.38,392.13,0.82
Bokkos,Highland,Irish-potato,114.25,45.97,206.92,4.22,13.06,554.93,0.64
Bokkos,Highland,Irish-potato,80.77,30.04,199.21,3.38,7.5,736.78,1.33
Bokkos,Highland,Irish-potato,150.0,36.98,216.23,3.79,14.12,550.51,1.27
Bokkos,Highland,Irish-potato,138.45,35.79,136.69,4.44,7.5,750.0,0.22
Bokkos,Highland,Irish-potato,105.58,30.0,111.38,4.34,11.79,426.94,1.16
Bokkos,Highland,Irish-potato,89.16,38.07,162.36,4.07,12.51,696.39,0.66
Bokkos,Highland,Irish-potato,70.05,30.35,99.95,4.2,17.53,529.02,1.41
Bokkos,Highland,Irish-potato,60.0,30.0,90.0,4.38,10.92,519.98,1.03
Bokkos,Highland,Irish-potato,60.0,30.0,109.85,5.03,12.43,692.18,0.54
Bokkos,Highland,Irish-potato,97.89,60.19,225.0,4.89,8.71,507.5,1.16
Bokkos,Highland,Irish-potato,150.0,46.35,90.0,4.15,9.78,481.11,0.64
Bokkos,Highland,Irish-potato,61.71,47.75,131.28,5.26,9.12,701.14,0.78
Bokkos,Highland,Tomato,111.97,85.73,259.1,6.97,13.5,619.8,0.38
Bokkos,Highland,Tomato,77.39,85.18,192.06,6.22,20.16,534.24,0.76
Bokkos,Highland,Tomato,75.0,81.1,159.84,5.7,21.39,530.37,0.68
Bokkos,Highland,Tomato,115.3,75.54,128.29,3.75,24.66,750.0,1.32
Bokkos,Highland,Tomato,150.67,85.67,186.81,6.62,15.83,509.06,0.77
Bokkos,Highland,Tomato,135.16,77.66,192.11,8.12,15.81,641.66,0.38
Bokkos,Highland,Tomato,75.0,85.38,204.39,6.37,16.98,585.87,0.93
Bokkos,Highland,Tomato,112.52,77.73,135.31,5.39,20.43,514.61,1.76
Bokkos,Highland,Tomato,99.61,108.72,137.87,5.9,22.46,623.24,0.38
Bokkos,Highland,Tomato,90.38,79.59,176.13,5.96,14.37,589.26,0.93
Bokkos,Highland,Tomato,134.91,112.97,170.65,6.51,13.5,736.83,0.38
Bokkos,Highland,Tomato,88.42,56.48,164.42,5.0,22.24,518.35,1.51
Bokkos,Highland,Tomato,98.4,48.75,239.52,4.59,18.67,750.0,0.62
Bokkos,Highland,Tomato,155.09,90.28,204.37,5.28,18.93,448.59,1.41
Bokkos,Highland,Tomato,97.2,76.89,189.06,7.87,23.86,559.83,0.71
Bokkos,Highland,Tomato,75.0,70.65,164.23,4.78,18.48,622.85,1.19
Bokkos,Highland,Tomato,113.53,81.76,237.69,5.64,13.5,698.93,1.28
Bokkos,Highland,Tomato,125.97,76.7,208.14,4.75,23.22,442.48,2.34
Bokkos,Highland,Tomato,146.18,48.75,215.15,6.52,15.9,472.86,1.24
Bokkos,Highland,Tomato,75.0,48.75,178.3,6.68,18.19,702.38,0.62
Bokkos,Highland,Tomato,128.71,48.75,137.25,6.21,19.24,750.0,0.38
Bokkos,Highland,Tomato,138.82,80.27,264.14,6.54,18.99,578.91,0.69
Bokkos,Highland,Tomato,116.86,117.7,288.31,7.53,15.34,608.85,0.45
Bokkos,Highland,Tomato,112.44,104.54,226.85,6.63,17.69,555.85,0.42
Bokkos,Highland,Tomato,101.34,62.19,260.01,5.39,17.91,652.59,1.14
Bokkos,Highland,Tomato,75.0,104.94,174.39,3.75,25.2,603.61,2.09
Bokkos,Highland,Tomato,98.87,81.76,206.27,5.35,13.5,712.5,0.38
Bokkos,Highland,Tomato,93.88,51.04,134.65,7.51,17.97,396.15,1.39
Bokkos,Highland,Tomato,147.16,113.22,238.35,5.9,16.62,536.37,1.43
Bokkos,Highland,Tomato,109.37,101.03,248.63,5.83,18.42,421.98,2.35
Bokkos,Highland,Tomato,121.75,73.36,186.6,4.2,22.24,559.17,2.49
Bokkos,Highland,Tomato,78.06,84.37,132.43,6.87,18.3,704.6,0.38
Bokkos,Highland,Tomato,125.93,106.03,191.68,5.43,19.47,581.65,0.38
Bokkos,Highland,Tomato,148.47,81.82,300.0,6.51,16.37,582.66,0.78
Bokkos,Highland,Tomato,187.5,101.71,179.14,6.04,19.2,477.16,0.99
Bokkos,Highland,Tomato,108.82,54.67,199.32,6.24,13.6,503.94,1.15
Bokkos,Highland,Tomato,78.88,67.22,200.51,5.86,17.17,399.08,1.55
Bokkos,Highland,Tomato,89.28,77.9,250.11,5.07,25.13,555.53,1.91
Bokkos,Highland,Tomato,96.09,63.62,249.58,5.51,17.44,669.68,0.68
Bokkos,Highland,Tomato,143.91,74.22,139.81,6.26,13.5,750.0,0.38
Bokkos,Highland,Tomato,161.24,127.12,262.26,5.99,22.31,560.67,0.76
Bokkos,Highland,Tomato,139.64,123.14,199.86,5.73,13.5,522.03,1.27
Bokkos,Highland,Tomato,134.31,84.64,177.08,4.85,23.86,688.12,1.58
Bokkos,Highland,Tomato,76.66,90.14,206.77,7.22,25.07,565.37,0.9
Bokkos,Highland,Tomato,115.9,91.23,267.29,6.18,28.6,313.4,1.77
Bokkos,Highland,Tomato,107.5,75.58,216.32,5.02,15.97,735.29,0.47
Bokkos,Highland,Tomato,88.38,50.65,184.81,5.31,13.7,636.48,1.38
Bokkos,Highland,Tomato,109.43,67.69,248.68,3.75,14.22,624.59,2.43
Bokkos,Highland,Tomato,168.18,133.47,222.7,7.62,19.13,470.16,1.4
Bokkos,Highland,Tomato,100.95,61.21,239.94,4.76,17.55,661.78,1.48
Bokkos,Highland,Groundnut,7.5,25.66,37.87,6.23,22.61,669.42,0.45
Bokkos,Highland,Groundnut,7.5,18.86,40.61,6.09,20.34,773.72,0.58
Bokkos,Highland,Groundnut,7.5,11.25,26.53,6.61,22.48,804.11,0.62
Bokkos,Highland,Groundnut,7.5,11.25,20.7,6.49,19.01,875.0,0.15
Bokkos,Highland,Groundnut,7.5,14.72,31.78,6.44,19.7,597.18,0.66
Bokkos,Highland,Groundnut,7.5,13.48,28.04,5.52,21.63,875.0,0.15
Bokkos,Highland,Groundnut,7.5,20.42,22.5,7.43,26.35,519.37,0.69
Bokkos,Highland,Groundnut,7.5,11.25,28.54,6.22,22.65,633.59,0.74
Bokkos,Highland,Groundnut,7.5,27.27,50.0,6.25,16.98,626.51,0.75
Bokkos,Highland,Groundnut,7.5,11.25,30.04,6.68,26.1,614.08,0.5
Bokkos,Highland,Groundnut,7.5,35.62,39.82,5.63,35.0,527.78,1.07
Bokkos,Highland,Groundnut,7.5,19.48,18.75,6.52,23.31,768.53,0.67
Bokkos,Highland,Groundnut,7.5,18.85,36.87,6.67,22.44,527.9,0.9
Bokkos,Highland,Groundnut,7.5,11.56,31.93,6.5,22.06,716.0,0.25
Bokkos,Highland,Groundnut,7.5,19.56,33.0,6.22,23.87,660.9,0.76
Bokkos,Highland,Groundnut,7.5,20.27,26.33,6.99,22.06,628.95,0.87
Bokkos,Highland,Groundnut,7.5,44.77,34.13,6.86,23.42,625.11,0.9
Bokkos,Highland,Groundnut,7.5,11.25,29.2,6.28,17.13,741.03,0.15
Bokkos,Highland,Groundnut,7.5,11.25,28.72,5.94,22.41,800.96,0.5
Bokkos,Highland,Groundnut,8.3,11.25,37.86,7.39,19.53,630.65,0.22
Bokkos,Highland,Groundnut,7.5,11.25,39.94,6.58,22.53,680.26,0.32
Bokkos,Highland,Groundnut,7.5,39.14,33.14,6.04,21.3,807.81,0.68
Bokkos,Highland,Groundnut,7.5,26.04,39.01,7.38,18.09,618.12,0.45
Bokkos,Highland,Groundnut,7.5,11.25,23.55,5.98,17.78,794.7,0.99
Bokkos,Highland,Groundnut,7.5,11.25,41.12,6.02,25.68,811.8,0.76
Bokkos,Highland,Groundnut,7.5,11.25,27.81,6.04,22.07,699.09,0.73
Bokkos,Highland,Groundnut,10.22,25.41,36.12,6.85,17.26,717.92,0.15
Bokkos,Highland,Groundnut,7.5,11.25,32.75,6.39,21.74,708.54,0.73
Bokkos,Highland,Groundnut,7.5,24.42,30.24,6.31,16.5,638.02,0.72
Bokkos,Highland,Groundnut,7.5,11.25,32.59,5.69,25.21,693.9,1.02
Bokkos,Highland,Groundnut,7.5,11.25,18.75,5.14,23.78,875.0,0.7
Bokkos,Highland,Groundnut,7.5,11.25,33.98,5.71,22.63,762.01,0.89
Bokkos,Highland,Groundnut,7.5,11.25,42.74,6.87,23.43,595.36,0.82
Bokkos,Highland,Groundnut,7.5,11.25,28.69,6.47,18.11,732.58,0.75
Bokkos,Highland,Groundnut,7.5,50.0,30.56,7.08,17.79,763.96,0.15
Bokkos,Highland,Groundnut,7.5,34.93,24.16,6.2,22.8,631.62,0.86
Bokkos,Highland,Groundnut,7.5,32.81,50.0,7.02,26.02,375.0,0.69
Bokkos,Highland,Groundnut,7.5,11.25,18.75,5.66,27.17,663.34,1.21
Bokkos,Highland,Groundnut,7.5,48.68,34.36,6.42,20.67,687.14,0.81
Bokkos,Highland,Groundnut,7.5,21.86,22.5,6.38,19.77,685.24,0.24
Bokkos,Highland,Groundnut,7.5,11.25,18.75,6.69,23.23,699.76,0.34
Bokkos,Highland,Groundnut,7.5,22.73,38.08,6.69,30.39,562.5,0.69
Bokkos,Highland,Groundnut,7.5,30.01,33.72,5.72,17.04,838.79,0.44
Bokkos,Highland,Groundnut,7.5,45.36,38.51,6.9,27.34,636.2,0.56
Bokkos,Highland,Groundnut,7.5,29.86,43.25,6.98,16.96,739.94,0.18
Bokkos,Highland,Groundnut,7.5,11.25,35.04,7.12,27.92,695.48,0.51
Bokkos,Highland,Groundnut,7.5,27.76,28.7,7.56,26.13,492.01,0.63
Bokkos,Highland,Groundnut,7.5,21.03,40.31,5.19,18.43,856.76,0.36
Bokkos,Highland,Groundnut,7.5,11.25,28.85,6.48,26.41,524.39,1.24
Bokkos,Highland,Groundnut,7.5,11.25,29.61,5.98,21.34,734.19,0.72
Bokkos,Highland,Pepper,111.62,37.04,88.11,6.98,21.35,537.88,0.64
Bokkos,Highland,Pepper,75.0,24.86,55.65,8.75,27.79,450.0,0.45
Bokkos,Highland,Pepper,79.45,18.75,47.79,6.37,13.5,1295.18,0.91
Bokkos,Highland,Pepper,145.28,48.83,113.03,6.55,16.15,880.37,0.45
Bokkos,Highland,Pepper,106.71,18.75,50.16,5.56,22.51,1295.04,1.26
Bokkos,Highland,Pepper,165.87,18.75,116.35,5.36,22.83,677.82,2.16
Bokkos,Highland,Pepper,82.38,18.75,41.25,5.95,13.5,1360.74,1.42
Bokkos,Highland,Pepper,117.65,41.41,74.76,7.69,19.22,450.0,0.48
Bokkos,Highland,Pepper,75.0,18.75,75.01,6.54,19.59,450.0,1.75
Bokkos,Highland,Pepper,102.64,44.45,76.4,7.35,28.67,627.91,1.82
Bokkos,Highland,Pepper,91.35,23.68,60.24,4.37,20.64,1562.5,2.05
Bokkos,Highland,Pepper,123.53,36.31,93.41,7.6,14.86,686.5,0.66
Bokkos,Highland,Pepper,123.91,22.83,57.62,6.85,13.5,1301.04,0.45
Bokkos,Highland,Pepper,212.5,55.96,125.0,6.47,13.58,1000.89,0.45
Bokkos,Highland,Pepper,156.92,42.52,125.0,6.57,24.47,1336.99,0.75
Bokkos,Highland,Pepper,89.57,18.75,41.25,4.87,29.44,1356.01,1.52
Bokkos,Highland,Pepper,84.87,50.67,109.22,6.11,17.08,741.37,1.43
Bokkos,Highland,Pepper,100.72,23.31,58.22,6.72,27.18,690.58,1.74
Bokkos,Highland,Pepper,116.67,27.79,81.17,5.19,15.89,1528.46,0.45
Bokkos,Highland,Pepper,75.0,27.06,58.53,5.83,18.67,1475.27,1.02
Bokkos,Highland,Pepper,138.65,22.73,118.82,5.09,16.04,1046.71,1.34
Bokkos,Highland,Pepper,173.01,56.29,75.5,4.18,19.57,1562.5,1.78
Bokkos,Highland,Pepper,143.57,25.3,87.19,6.36,14.07,818.46,0.45
Bokkos,Highland,Pepper,123.92,27.64,112.42,5.48,19.98,1085.17,1.08
Bokkos,Highland,Pepper,157.82,38.15,111.82,5.74,13.5,1211.03,1.44
Bokkos,Highland,Pepper,75.0,18.75,41.25,5.25,13.8,1558.07,1.73
Bokkos,Highland,Pepper,142.41,33.51,80.61,5.02,18.34,866.57,1.86
Bokkos,Highland,Pepper,108.03,51.93,79.92,5.91,22.49,909.45,2.08
Bokkos,Highland,Pepper,169.26,62.5,97.45,7.99,22.77,588.73,1.05
Bokkos,Highland,Pepper,75.0,26.08,41.25,6.3,26.74,731.46,1.43
Bokkos,Highland,Pepper,151.05,26.73,71.96,6.26,20.57,1156.96,0.77
Bokkos,Highland,Pepper,122.62,25.71,80.44,6.95,13.5,715.23,1.33
Bokkos,Highland,Pepper,123.51,28.98,83.09,6.27,17.67,1112.3,0.45
Bokkos,Highland,Pepper,82.51,18.75,46.53,5.51,15.1,1271.89,1.46
Bokkos,Highland,Pepper,164.22,37.42,106.82,8.08,21.65,700.46,1.12
Bokkos,Highland,Pepper,118.84,55.36,47.59,6.25,22.32,920.88,0.89
Bokkos,Highland,Pepper,75.0,18.75,45.86,6.58,20.45,957.51,0.45
Bokkos,Highland,Pepper,115.59,32.21,80.55,5.01,23.77,450.0,2.41
Bokkos,Highland,Pepper,110.62,18.75,76.4,6.16,13.5,1376.61,0.85
Bokkos,Highland,Pepper,114.34,34.71,71.13,6.42,20.37,1162.94,1.11
Bokkos,Highland,Pepper,158.21,62.5,108.42,5.92,20.89,990.6,1.08
Bokkos,Highland,Pepper,79.75,38.2,46.25,5.24,18.21,1562.5,0.45
Bokkos,Highland,Pepper,186.0,31.47,125.0,6.69,20.77,723.94,1.28
Bokkos,Highland,Pepper,110.22,33.98,59.5,5.6,20.65,1467.47,1.73
Bokkos,Highland,Pepper,85.67,18.75,61.33,6.86,13.9,1562.5,0.45
Bokkos,Highland,Pepper,176.29,47.62,120.19,5.95,19.31,1155.3,0.88
Bokkos,Highland,Pepper,115.51,44.2,84.2,6.01,13.5,1338.21,0.45
Bokkos,Highland,Pepper,141.69,28.88,99.81,4.21,20.37,1106.68,2.36
Bokkos,Highland,Pepper,179.76,52.73,119.59,5.55,22.18,1261.52,1.72
Bokkos,Highland,Pepper,119.81,18.75,94.83,6.28,13.5,1155.87,1.12
Bokkos,Highland,Cabbage,77.9,45.93,124.74,5.52,8.48,561.66,0.72
Bokkos,Highland,Cabbage,138.85,67.3,112.32,6.77,17.69,399.33,0.96
Bokkos,Highland,Cabbage,135.77,49.52,129.59,5.04,24.56,586.37,0.99
Bokkos,Highland,Cabbage,105.83,48.22,132.36,6.21,7.5,600.87,0.7
Bokkos,Highland,Cabbage,122.52,61.96,137.74,5.35,7.7,625.0,0.8
Bokkos,Highland,Cabbage,119.35,37.5,99.18,7.66,24.13,501.59,0.27
Bokkos,Highland,Cabbage,97.3,48.0,99.55,6.26,21.14,604.71,0.33
Bokkos,Highland,Cabbage,123.79,37.89,112.45,5.82,7.5,616.55,0.15
Bokkos,Highland,Cabbage,75.0,47.87,83.38,6.78,16.48,577.84,0.73
Bokkos,Highland,Cabbage,127.58,44.55,125.65,7.13,7.5,518.97,0.57
Bokkos,Highland,Cabbage,80.06,42.44,81.79,6.16,17.41,543.92,0.7
Bokkos,Highland,Cabbage,75.32,61.9,104.01,7.92,25.33,419.18,0.48
Bokkos,Highland,Cabbage,126.42,50.03,115.13,6.45,9.55,497.9,0.71
Bokkos,Highland,Cabbage,144.13,50.81,120.56,5.78,7.5,432.22,1.62
Bokkos,Highland,Cabbage,75.0,37.5,112.2,6.08,7.5,625.0,0.15
Bokkos,Highland,Cabbage,117.7,40.12,138.3,5.99,23.56,461.95,1.27
Bokkos,Highland,Cabbage,147.86,50.28,145.67,6.1,14.27,465.0,0.73
Bokkos,Highland,Cabbage,137.4,53.48,119.11,5.95,22.64,543.74,1.61
Bokkos,Highland,Cabbage,103.67,51.5,118.31,5.69,15.07,599.23,0.4
Bokkos,Highland,Cabbage,113.75,59.86,120.55,6.49,23.3,407.41,0.9
Bokkos,Highland,Cabbage,75.0,55.17,90.24,6.06,16.24,524.18,0.39
Bokkos,Highland,Cabbage,108.57,45.03,115.05,6.79,20.18,398.09,0.9
Bokkos,Highland,Cabbage,75.0,52.98,106.76,6.55,15.03,571.21,0.36
Bokkos,Highland,Cabbage,111.71,64.82,109.78,6.87,16.25,388.73,0.91
Bokkos,Highland,Cabbage,112.69,52.41,96.17,6.66,17.15,576.6,0.49
Bokkos,Highland,Cabbage,90.36,62.07,99.62,6.69,10.89,539.75,0.15
Bokkos,Highland,Cabbage,87.7,46.5,91.15,6.75,16.15,506.78,0.56
Bokkos,Highland,Cabbage,85.42,57.78,94.8,5.6,7.5,550.86,0.71
Bokkos,Highland,Cabbage,107.08,58.17,110.43,5.66,11.6,620.81,0.85
Bokkos,Highland,Cabbage,142.83,37.5,127.38,6.22,9.4,545.71,0.25
Bokkos,Highland,Cabbage,113.05,48.48,101.21,6.06,18.65,599.64,0.94
Bokkos,Highland,Cabbage,128.74,59.23,148.16,5.75,11.46,533.72,0.65
Bokkos,Highland,Cabbage,145.44,37.5,88.71,6.48,18.11,625.0,0.15
Bokkos,Highland,Cabbage,145.9,60.69,123.67,6.37,14.06,517.33,0.53
Bokkos,Highland,Cabbage,109.42,42.15,106.12,5.55,7.5,625.0,0.65
Bokkos,Highland,Cabbage,98.73,51.23,111.72,6.18,18.11,558.07,0.73
Bokkos,Highland,Cabbage,97.81,49.14,115.98,5.92,15.98,567.73,0.7
Bokkos,Highland,Cabbage,75.0,40.32,117.25,5.16,16.87,549.5,1.26
Bokkos,Highland,Cabbage,95.09,45.85,133.2,6.07,7.5,588.74,0.15
Bokkos,Highland,Cabbage,139.69,38.07,125.06,5.39,16.8,541.48,1.13
Bokkos,Highland,Cabbage,132.8,63.79,134.66,5.3,16.17,534.07,0.64
Bokkos,Highland,Cabbage,75.0,54.21,91.03,6.16,15.21,625.0,0.42
Bokkos,Highland,Cabbage,142.59,41.05,109.47,5.87,23.59,543.65,0.59
Bokkos,Highland,Cabbage,97.1,50.34,107.55,6.58,14.51,509.16,0.53
Bokkos,Highland,Cabbage,158.47,54.2,132.69,6.21,16.62,576.58,0.46
Bokkos,Highland,Cabbage,109.88,57.34,114.7,6.96,7.5,506.01,0.83
Bokkos,Highland,Cabbage,138.29,59.98,131.03,6.91,29.65,460.34,0.96
Bokkos,Highland,Cabbage,75.0,47.03,113.94,5.92,8.98,468.89,1.27
Bokkos,Highland,Cabbage,75.0,41.66,109.87,5.52,25.44,623.23,0.79
Bokkos,Highland,Cabbage,75.0,37.5,92.76,5.88,10.6,622.56,0.48
Bokkos,Highland,Maize,112.5,37.5,53.41,6.93,19.33,1000.0,0.3
Bokkos,Highland,Maize,192.17,38.18,51.25,4.69,17.03,1000.0,0.43
Bokkos,Highland,Maize,118.33,37.5,73.42,7.65,28.13,701.43,1.64
Bokkos,Highland,Maize,189.25,41.12,68.76,6.93,17.07,748.39,0.51
Bokkos,Highland,Maize,132.43,45.05,78.03,5.03,19.53,803.52,1.74
Bokkos,Highland,Maize,164.89,53.94,108.5,7.16,18.92,486.67,1.2
Bokkos,Highland,Maize,140.5,70.7,85.7,4.69,29.75,762.08,2.09
Bokkos,Highland,Maize,112.5,67.74,77.57,5.52,18.93,811.86,0.3
Bokkos,Highland,Maize,156.53,62.23,98.35,6.0,31.08,813.76,0.84
Bokkos,Highland,Maize,154.87,91.35,64.08,5.17,23.57,847.95,0.96
Bokkos,Highland,Maize,204.71,77.12,90.27,4.88,22.31,900.68,1.78
Bokkos,Highland,Maize,112.5,44.19,45.0,6.42,19.7,927.9,1.24
Bokkos,Highland,Maize,159.48,70.31,60.78,6.25,18.28,943.64,0.3
Bokkos,Highland,Maize,132.03,46.48,55.36,6.49,25.95,885.92,0.3
Bokkos,Highland,Maize,134.26,69.89,45.0,6.48,24.75,707.54,0.3
Bokkos,Highland,Maize,164.01,37.5,86.93,6.46,19.91,849.31,0.94
Bokkos,Highland,Maize,148.99,50.32,59.36,5.38,20.04,934.77,0.45
Bokkos,Highland,Maize,149.32,37.5,45.0,7.47,28.65,648.12,0.42
Bokkos,Highland,Maize,230.25,58.94,125.0,6.76,15.59,777.66,0.46
Bokkos,Highland,Maize,122.79,47.94,72.71,7.06,23.07,847.97,0.3
Bokkos,Highland,Maize,200.4,59.89,91.49,6.92,18.06,699.96,0.3
Bokkos,Highland,Maize,158.66,77.6,101.06,4.31,20.98,833.05,1.35
Bokkos,Highland,Maize,140.32,83.74,68.64,4.48,19.47,558.48,0.94
Bokkos,Highland,Maize,243.09,70.24,125.0,5.79,21.22,537.96,2.36
Bokkos,Highland,Maize,112.5,37.5,62.33,5.34,22.89,1000.0,0.62
Bokkos,Highland,Maize,115.37,56.8,64.69,5.25,25.29,733.29,0.87
Bokkos,Highland,Maize,125.63,44.66,56.78,7.2,22.03,712.76,0.3
Bokkos,Highland,Maize,160.6,51.45,61.86,5.24,15.38,715.24,1.8
Bokkos,Highland,Maize,166.72,51.98,110.79,5.7,24.83,966.01,1.15
Bokkos,Highland,Maize,150.16,47.49,89.83,5.39,23.68,997.81,0.77
Bokkos,Highland,Maize,144.16,64.91,92.36,7.75,24.31,745.19,0.51
Bokkos,Highland,Maize,125.0,56.31,67.27,5.31,16.59,905.45,0.9
Bokkos,Highland,Maize,143.32,54.73,76.5,4.28,25.35,1000.0,1.06
Bokkos,Highland,Maize,112.5,70.68,52.1,5.77,18.51,836.74,0.36
Bokkos,Highland,Maize,123.47,50.84,82.58,7.02,15.0,818.44,0.3
Bokkos,Highland,Maize,218.37,59.55,116.09,7.35,30.3,375.0,1.99
Bokkos,Highland,Maize,185.47,71.7,85.96,5.63,18.18,918.63,0.56
Bokkos,Highland,Maize,150.45,57.9,79.47,5.59,19.95,833.6,0.52
Bokkos,Highland,Maize,184.67,74.09,97.88,5.78,17.57,690.48,0.83
Bokkos,Highland,Maize,135.81,59.81,72.73,5.39,25.9,748.77,1.91
Bokkos,Highland,Maize,113.98,37.5,123.87,6.15,22.17,712.71,1.12
Bokkos,Highland,Maize,192.6,53.14,66.05,5.64,16.13,995.58,0.3
Bokkos,Highland,Maize,155.75,51.24,48.22,4.66,21.66,912.21,2.18
Bokkos,Highland,Maize,183.98,65.0,77.9,6.9,18.1,752.67,1.34
Bokkos,Highland,Maize,142.79,57.22,84.79,6.04,23.84,626.98,1.95
Bokkos,Highland,Maize,161.2,40.55,79.54,8.65,16.38,847.62,0.3
Bokkos,Highland,Maize,142.67,39.16,74.76,6.09,26.39,709.71,1.8
Bokkos,Highland,Maize,112.5,37.5,45.0,7.14,27.77,488.06,1.52
Bokkos,Highland,Maize,112.5,37.5,65.64,6.22,26.71,824.89,1.14
Bokkos,Highland,Maize,173.92,37.73,99.77,5.46,15.0,871.96,0.3
Bokkos,Highland,Wheat,90.85,29.71,34.73,5.3,11.25,812.5,1.1
Bokkos,Highland,Wheat,127.98,29.07,18.75,8.27,16.09,542.27,1.53
Bokkos,Highland,Wheat,75.21,26.25,32.85,5.32,11.25,768.65,0.98
Bokkos,Highland,Wheat,116.65,37.29,33.76,8.5,16.77,352.68,2.16
Bokkos,Highland,Wheat,75.0,31.9,29.29,8.83,12.75,584.3,1.11
Bokkos,Highland,Wheat,75.0,28.1,27.98,6.11,13.63,763.15,0.72
Bokkos,Highland,Wheat,117.59,28.55,57.61,7.03,15.09,586.29,1.11
Bokkos,Highland,Wheat,75.0,26.25,37.17,10.0,15.83,511.56,0.99
Bokkos,Highland,Wheat,124.07,36.54,41.44,7.47,11.25,731.03,0.6
Bokkos,Highland,Wheat,114.15,26.25,23.54,6.75,16.59,564.57,2.28
Bokkos,Highland,Wheat,75.0,26.25,18.75,6.59,11.5,531.18,2.12
Bokkos,Highland,Wheat,75.0,26.25,39.9,5.1,15.06,685.52,2.5
Bokkos,Highland,Wheat,104.24,31.08,44.27,8.68,11.25,689.48,0.6
Bokkos,Highland,Wheat,147.17,26.25,29.31,8.27,13.68,567.01,1.89
Bokkos,Highland,Wheat,75.0,28.69,37.51,9.14,17.5,461.4,2.31
Bokkos,Highland,Wheat,75.0,26.25,43.43,5.84,12.51,740.04,0.73
Bokkos,Highland,Wheat,93.4,38.47,45.74,4.5,11.25,775.31,1.81
Bokkos,Highland,Wheat,75.0,30.49,46.37,5.93,16.58,668.21,2.8
Bokkos,Highland,Wheat,128.38,35.17,49.0,6.69,16.75,670.09,1.86
Bokkos,Highland,Wheat,104.42,29.7,36.32,5.86,17.63,707.17,1.53
Bokkos,Highland,Wheat,103.22,29.72,47.86,8.64,13.51,492.43,1.2
Bokkos,Highland,Wheat,75.0,31.96,50.63,8.0,12.54,436.61,1.02
Bokkos,Highland,Wheat,80.99,30.53,39.49,5.91,15.15,732.04,0.6
Bokkos,Highland,Wheat,75.0,29.69,38.19,6.38,17.99,626.0,2.71
Bokkos,Highland,Wheat,137.06,26.25,37.46,5.59,12.01,789.55,1.16
Bokkos,Highland,Wheat,75.0,33.02,24.95,5.5,15.5,673.51,2.28
Bokkos,Highland,Wheat,126.2,26.25,27.42,5.52,11.25,664.54,1.95
Bokkos,Highland,Wheat,115.23,26.25,41.05,6.39,11.85,591.91,1.17
Bokkos,Highland,Wheat,113.47,30.91,30.83,8.83,11.25,452.68,0.6
Bokkos,Highland,Wheat,132.6,34.14,38.44,5.45,19.11,573.74,1.91
Bokkos,Highland,Wheat,160.4,33.52,50.01,7.35,11.25,527.86,2.52
Bokkos,Highland,Wheat,133.53,28.43,42.73,7.32,12.26,685.26,1.18
Bokkos,Highland,Wheat,139.07,34.01,62.39,7.67,18.26,543.28,2.32
Bokkos,Highland,Wheat,128.1,30.89,44.17,6.66,16.58,530.92,2.75
Bokkos,Highland,Wheat,100.49,32.46,41.77,6.36,12.56,783.07,0.6
Bokkos,Highland,Wheat,129.38,39.07,41.39,6.29,13.66,598.92,1.59
Bokkos,Highland,Wheat,89.74,29.95,52.1,5.17,12.39,812.5,0.94
Bokkos,Highland,Wheat,142.24,36.93,56.94,7.94,18.22,534.15,1.98
Bokkos,Highland,Wheat,79.71,26.25,18.75,6.35,11.25,812.5,0.6
Bokkos,Highland,Wheat,116.37,26.99,40.61,7.25,13.78,601.32,1.51
Bokkos,Highland,Wheat,80.5,34.28,51.43,6.7,11.25,699.63,0.7
Bokkos,Highland,Wheat,117.53,36.08,33.61,6.8,14.47,619.68,1.79
Bokkos,Highland,Wheat,89.02,33.42,41.17,7.42,11.25,675.16,0.6
Bokkos,Highland,Wheat,75.0,31.0,32.26,4.5,17.26,726.4,2.01
Bokkos,Highland,Wheat,130.43,34.63,62.5,7.76,16.76,648.75,2.22
Bokkos,Highland,Wheat,80.55,27.15,20.53,6.23,15.57,697.79,1.66
Bokkos,Highland,Wheat,104.76,31.54,48.19,7.52,16.07,583.62,0.6
Bokkos,Highland,Wheat,75.0,26.25,33.49,7.38,21.79,537.55,1.29
Bokkos,Highland,Wheat,75.0,26.25,18.75,6.14,15.92,622.16,3.12
Bokkos,Highland,Wheat,118.92,33.65,58.91,4.57,13.82,638.4,2.16
Bokkos,Highland,Pineapple,271.71,46.83,275.0,4.75,19.47,971.73,0.64
Bokkos,Highland,Pineapple,203.76,59.27,166.67,4.98,21.75,1050.56,0.66
Bokkos,Highland,Pineapple,264.92,49.68,174.74,3.67,18.95,933.96,1.25
Bokkos,Highland,Pineapple,291.77,49.5,124.76,6.45,19.48,966.01,0.11
Bokkos,Highland,Pineapple,246.14,60.45,193.6,3.82,16.5,1156.79,0.33
Bokkos,Highland,Pineapple,279.84,51.51,117.26,4.14,18.82,1037.28,0.8
Bokkos,Highland,Pineapple,246.62,48.09,248.89,8.12,27.25,557.97,1.14
Bokkos,Highland,Pineapple,251.19,42.34,144.95,5.75,18.43,1057.5,0.22
Bokkos,Highland,Pineapple,310.02,56.45,210.9,5.3,18.23,997.48,0.73
Bokkos,Highland,Pineapple,249.76,47.28,258.87,4.53,18.01,774.14,0.25
Bokkos,Highland,Pineapple,341.99,46.77,275.0,4.95,20.34,1014.82,0.54
Bokkos,Highland,Pineapple,238.11,34.82,154.45,6.46,22.08,809.81,0.13
Bokkos,Highland,Pineapple,220.75,39.68,119.43,7.29,18.7,615.2,0.31
Bokkos,Highland,Pineapple,312.59,34.34,143.71,4.05,19.55,928.0,0.73
Bokkos,Highland,Pineapple,208.78,33.75,195.87,5.18,19.75,1003.19,0.43
Bokkos,Highland,Pineapple,292.7,58.61,244.06,6.12,22.3,693.16,0.53
Bokkos,Highland,Pineapple,286.46,46.32,275.0,5.44,25.1,790.94,0.9
Bokkos,Highland,Pineapple,212.38,41.91,98.62,7.59,22.52,767.53,0.53
Bokkos,Highland,Pineapple,282.47,34.68,187.93,6.05,24.15,784.78,1.03
Bokkos,Highland,Pineapple,192.71,41.98,130.66,5.72,21.33,1026.02,0.08
Bokkos,Highland,Pineapple,225.89,33.75,90.59,6.42,21.4,851.98,0.73
Bokkos,Highland,Pineapple,189.58,33.75,117.28,5.08,18.79,980.07,0.24
Bokkos,Highland,Pineapple,242.79,37.09,126.65,6.1,19.01,938.16,0.08
Bokkos,Highland,Pineapple,279.84,59.52,176.85,4.19,18.4,946.21,0.6
Bokkos,Highland,Pineapple,244.48,50.06,218.4,5.55,17.63,965.16,0.08
Bokkos,Highland,Pineapple,227.55,33.75,112.39,6.3,19.49,989.23,0.09
Bokkos,Highland,Pineapple,290.5,69.59,259.78,4.46,17.98,1000.63,0.57
Bokkos,Highland,Pineapple,231.32,55.0,171.67,4.89,22.13,830.4,0.73
Bokkos,Highland,Pineapple,237.79,56.97,89.01,5.39,20.7,1199.4,0.08
Bokkos,Highland,Pineapple,297.67,46.09,186.71,7.43,19.31,831.95,0.2
Bokkos,Highland,Pineapple,172.5,35.87,82.5,5.12,18.42,1108.24,0.08
Bokkos,Highland,Pineapple,225.11,46.52,267.67,7.58,20.17,683.75,0.42
Bokkos,Highland,Pineapple,185.77,33.94,173.09,4.88,20.7,1096.6,0.23
Bokkos,Highland,Pineapple,315.63,48.55,104.59,5.2,17.47,963.68,0.36
Bokkos,Highland,Pineapple,280.36,70.48,234.11,4.89,22.38,984.2,0.79
Bokkos,Highland,Pineapple,245.36,33.75,157.34,3.68,22.95,1201.77,0.36
Bokkos,Highland,Pineapple,273.74,42.47,191.46,5.22,19.03,923.18,0.54
Bokkos,Highland,Pineapple,319.68,53.79,210.62,4.56,18.05,1250.0,0.08
Bokkos,Highland,Pineapple,235.48,46.68,89.16,4.71,16.5,1028.41,0.44
Bokkos,Highland,Pineapple,255.52,35.95,213.15,6.28,23.56,892.01,0.61
Bokkos,Highland,Pineapple,225.64,33.75,221.86,6.4,20.2,1009.84,0.08
Bokkos,Highland,Pineapple,255.69,33.75,119.75,4.98,24.72,882.46,1.12
Bokkos,Highland,Pineapple,306.59,40.74,95.76,4.65,17.7,1182.49,0.08
Bokkos,Highland,Pineapple,242.28,64.0,170.1,5.87,23.82,795.75,0.77
Bokkos,Highland,Pineapple,215.69,41.91,182.59,5.35,18.13,946.89,0.08
Bokkos,Highland,Pineapple,238.21,45.84,151.5,5.34,23.3,727.19,0.76
Bokkos,Highland,Pineapple,297.88,53.39,209.53,6.72,19.65,923.54,0.61
Bokkos,Highland,Pineapple,250.23,41.36,273.3,4.32,22.8,1185.02,0.55
Bokkos,Highland,Pineapple,211.6,64.44,143.62,4.77,18.78,913.86,1.08
Bokkos,Highland,Pineapple,186.74,33.75,177.59,7.62,21.98,557.58,0.8
Bokkos,Highland,Onion,63.95,18.75,60.34,7.08,11.25,484.88,0.81
Bokkos,Highland,Onion,87.51,18.75,94.16,5.67,13.03,593.34,1.23
Bokkos,Highland,Onion,58.76,40.8,67.63,5.91,17.57,487.21,1.27
Bokkos,Highland,Onion,62.33,18.75,56.8,6.01,17.66,552.53,1.51
Bokkos,Highland,Onion,92.2,18.75,77.78,5.87,13.73,666.86,1.16
Bokkos,Highland,Onion,45.0,18.75,35.09,6.12,20.44,427.66,1.81
Bokkos,Highland,Onion,49.84,28.9,73.95,6.49,14.35,687.5,0.45
Bokkos,Highland,Onion,52.32,40.63,64.25,5.03,11.25,687.5,0.9
Bokkos,Highland,Onion,70.41,21.6,34.18,5.96,14.24,535.55,0.63
Bokkos,Highland,Onion,94.87,36.53,67.06,6.86,17.06,382.56,1.02
Bokkos,Highland,Onion,49.41,20.78,69.19,5.94,11.25,687.5,0.3
Bokkos,Highland,Onion,70.4,18.75,55.29,6.68,18.01,491.29,0.77
Bokkos,Highland,Onion,77.84,35.54,86.48,6.06,11.25,631.77,0.98
Bokkos,Highland,Onion,48.28,34.49,77.38,5.81,18.21,687.5,0.58
Bokkos,Highland,Onion,53.0,23.73,66.52,5.29,16.62,641.83,1.11
Bokkos,Highland,Onion,52.87,40.66,46.98,6.96,13.21,415.99,0.52
Bokkos,Highland,Onion,53.17,21.9,48.05,5.94,15.64,570.88,1.04
Bokkos,Highland,Onion,45.0,21.58,59.55,5.38,12.8,687.5,1.3
Bokkos,Highland,Onion,73.76,27.63,93.45,6.05,11.25,505.27,0.48
Bokkos,Highland,Onion,70.02,33.36,86.51,6.39,13.87,466.44,1.48
Bokkos,Highland,Onion,89.58,35.11,100.0,5.71,13.1,614.16,1.11
Bokkos,Highland,Onion,54.67,22.34,63.41,6.39,11.41,555.54,0.66
Bokkos,Highland,Onion,45.0,18.75,61.91,6.6,18.23,544.1,1.09
Bokkos,Highland,Onion,76.19,26.46,94.57,5.55,11.25,672.22,0.75
Bokkos,Highland,Onion,75.02,34.22,67.31,6.64,18.95,267.97,1.36
Bokkos,Highland,Onion,45.0,18.75,33.75,5.96,15.07,687.5,0.96
Bokkos,Highland,Onion,63.41,18.75,44.63,5.67,12.74,650.78,1.17
Bokkos,Highland,Onion,51.06,27.22,60.46,6.51,15.64,649.9,0.3
Bokkos,Highland,Onion,91.7,32.17,53.16,6.73,14.55,440.98,1.5
Bokkos,Highland,Onion,70.73,18.75,71.69,6.57,11.31,483.14,1.32
Bokkos,Highland,Onion,76.91,21.03,49.47,5.62,16.38,570.83,1.34
Bokkos,Highland,Onion,45.18,18.75,53.61,6.86,13.23,510.05,0.65
Bokkos,Highland,Onion,77.84,35.22,64.48,5.41,11.25,687.5,0.72
Bokkos,Highland,Onion,45.0,18.75,33.75,6.2,11.25,687.5,0.3
Bokkos,Highland,Onion,75.29,18.75,62.41,5.97,15.38,595.12,0.74
Bokkos,Highland,Onion,54.66,24.42,60.31,6.98,18.96,340.59,1.6
Bokkos,Highland,Onion,61.03,37.11,58.99,6.73,12.73,550.13,0.3
Bokkos,Highland,Onion,67.56,28.11,75.36,6.16,17.81,428.04,1.84
Bokkos,Highland,Onion,66.76,30.64,78.81,6.78,18.39,530.58,0.96
Bokkos,Highland,Onion,45.0,18.75,42.41,6.15,15.72,582.77,0.59
Bokkos,Highland,Onion,57.75,18.75,70.1,5.92,11.25,581.43,1.18
Bokkos,Highland,Onion,45.0,19.17,33.75,5.59,13.14,635.94,0.64
Bokkos,Highland,Onion,45.0,31.13,72.73,5.9,15.31,515.41,0.74
Bokkos,Highland,Onion,45.0,18.75,47.37,6.78,16.63,533.4,0.93
Bokkos,Highland,Onion,80.26,18.75,91.54,5.52,16.54,594.78,1.31
Bokkos,Highland,Onion,45.0,36.78,86.74,6.79,14.15,549.51,0.75
Bokkos,Highland,Onion,45.0,28.45,80.82,5.48,18.82,362.15,1.82
Bokkos,Highland,Onion,114.31,31.2,67.26,5.63,13.86,538.2,1.53
Bokkos,Highland,Onion,62.66,28.78,52.41,5.84,14.87,575.38,1.23
Bokkos,Highland,Onion,104.49,40.0,62.88,6.06,11.54,538.7,0.5
Jos South,Highland,Irish-potato,107.65,43.73,102.78,5.23,8.34,750.0,0.22
Jos South,Highland,Irish-potato,113.52,58.71,173.39,5.86,10.27,379.23,0.69
Jos South,Highland,Irish-potato,60.0,59.51,90.0,4.03,8.78,750.0,0.22
Jos South,Highland,Irish-potato,60.0,30.0,94.14,5.14,12.43,495.83,0.79
Jos South,Highland,Irish-potato,73.83,30.0,144.57,4.04,7.5,750.0,0.22
Jos South,Highland,Irish-potato,87.47,36.76,224.03,5.57,15.13,300.0,1.08
Jos South,Highland,Irish-potato,103.02,30.0,90.0,5.25,11.09,441.56,1.24
Jos South,Highland,Irish-potato,92.19,36.94,204.38,4.56,15.15,484.23,0.42
Jos South,Highland,Irish-potato,88.83,30.0,225.0,4.28,7.5,689.98,0.63
Jos South,Highland,Irish-potato,89.52,67.8,193.63,4.6,11.38,510.44,0.38
Jos South,Highland,Irish-potato,79.49,41.7,90.0,3.51,10.37,750.0,0.54
Jos South,Highland,Irish-potato,65.03,30.0,143.38,3.0,14.57,750.0,0.48
Jos South,Highland,Irish-potato,109.2,30.53,165.61,4.96,10.76,714.63,0.22
Jos South,Highland,Irish-potato,150.0,58.62,225.0,3.58,15.85,481.29,1.29
Jos South,Highland,Irish-potato,60.0,54.36,206.37,3.82,13.03,646.48,1.0
Jos South,Highland,Irish-potato,150.0,55.13,225.0,3.87,11.53,633.83,1.39
Jos South,Highland,Irish-potato,60.0,30.0,156.77,3.0,15.4,750.0,1.35
Jos South,Highland,Irish-potato,81.98,42.76,225.0,5.72,13.0,418.98,0.34
Jos South,Highland,Irish-potato,81.53,47.09,132.7,5.05,17.85,358.2,0.88
Jos South,Highland,Irish-potato,100.32,49.5,124.18,3.35,17.72,655.4,0.91
Jos South,Highland,Irish-potato,101.33,54.13,156.94,5.38,14.85,406.79,1.19
Jos South,Highland,Irish-potato,76.58,44.84,204.89,4.25,11.0,603.2,0.79
Jos South,Highland,Irish-potato,116.88,67.02,167.43,4.54,14.07,455.11,1.28
Jos South,Highland,Irish-potato,60.0,30.0,184.07,3.13,7.79,567.19,1.5
Jos South,Highland,Irish-potato,60.0,33.39,213.97,4.19,7.5,593.95,1.05
Jos South,Highland,Irish-potato,60.0,30.0,153.43,4.78,14.15,640.01,0.38
Jos South,Highland,Irish-potato,100.6,54.35,185.11,5.64,11.85,540.71,0.22
Jos South,Highland,Irish-potato,105.11,73.12,187.79,4.27,15.49,411.28,0.71
Jos South,Highland,Irish-potato,60.0,35.62,90.0,4.52,9.84,750.0,0.22
Jos South,Highland,Irish-potato,92.11,52.42,156.24,5.72,8.2,520.33,0.22
Jos South,Highland,Irish-potato,71.03,37.33,211.88,4.17,14.83,689.48,0.46
Jos South,Highland,Irish-potato,132.69,75.0,225.0,5.15,12.75,458.54,0.55
Jos South,Highland,Irish-potato,66.21,30.0,147.02,4.62,18.58,572.45,1.18
Jos South,Highland,Irish-potato,74.92,55.32,197.4,4.95,9.25,687.29,0.22
Jos South,Highland,Irish-potato,60.0,38.75,90.0,4.42,17.11,636.38,0.62
Jos South,Highland,Irish-potato,122.54,62.21,203.32,6.69,10.86,300.0,0.57
Jos South,Highland,Irish-potato,60.0,30.0,105.64,4.96,13.8,750.0,0.22
Jos South,Highland,Irish-potato,85.06,58.03,103.69,5.05,15.43,438.18,0.72
Jos South,Highland,Irish-potato,64.93,36.53,98.73,3.0,16.95,750.0,1.01
Jos South,Highland,Irish-potato,128.24,34.72,94.7,4.1,15.07,750.0,0.3
Jos South,Highland,Irish-potato,61.05,38.44,190.51,5.88,12.2,448.01,0.99
Jos South,Highland,Irish-potato,60.0,35.49,204.55,3.92,12.73,613.73,0.9
Jos South,Highland,Irish-potato,73.29,40.52,90.0,4.52,13.07,384.25,0.59
Jos South,Highland,Irish-potato,104.75,56.19,159.94,3.46,13.5,629.91,1.59
Jos South,Highland,Irish-potato,83.54,55.61,126.95,6.27,19.08,300.0,0.92
Jos South,Highland,Irish-potato,92.06,42.22,225.0,4.6,12.77,408.02,1.06
Jos South,Highland,Irish-potato,60.0,30.0,148.37,5.31,17.59,368.66,0.78
Jos South,Highland,Irish-potato,83.21,30.0,130.03,4.55,17.72,717.02,0.22
Jos South,Highland,Irish-potato,130.07,63.6,193.92,6.22,14.7,300.0,0.22
Jos South,Highland,Irish-potato,60.0,36.06,138.13,4.86,9.21,515.59,0.22
Jos South,Highland,Tomato,83.26,105.05,140.77,6.08,13.5,745.61,0.38
Jos South,Highland,Tomato,103.1,60.85,163.87,6.22,19.47,512.53,0.64
Jos South,Highland,Tomato,134.26,83.2,234.1,3.75,13.5,750.0,0.65
Jos South,Highland,Tomato,75.0,72.03,120.0,6.85,20.04,651.72,0.38
Jos South,Highland,Tomato,87.6,48.75,206.03,6.34,24.51,723.15,0.38
Jos South,Highland,Tomato,124.4,48.75,173.58,4.89,18.1,626.59,1.64
Jos South,Highland,Tomato,155.88,130.39,194.66,6.2,22.25,452.41,1.13
Jos South,Highland,Tomato,149.11,113.41,210.07,7.89,24.3,511.71,1.47
Jos South,Highland,Tomato,94.37,56.35,187.51,7.0,13.5,570.74,0.52
Jos South,Highland,Tomato,87.39,75.53,120.61,7.07,22.07,425.06,0.85
Jos South,Highland,Tomato,132.28,82.93,229.01,7.9,23.57,315.5,1.31
Jos South,Highland,Tomato,98.12,48.75,227.53,7.95,18.26,409.7,1.11
Jos South,Highland,Tomato,90.8,49.34,260.79,4.56,21.36,617.01,1.55
Jos South,Highland,Tomato,75.0,131.91,121.76,7.39,21.74,509.26,0.38
Jos South,Highland,Tomato,125.26,61.38,178.01,5.56,16.29,581.17,1.14
Jos South,Highland,Tomato,75.3,99.83,199.7,5.94,13.5,750.0,1.25
Jos South,Highland,Tomato,107.31,106.16,191.29,6.07,17.49,552.89,0.68
Jos South,Highland,Tomato,141.65,61.13,217.55,5.73,19.52,741.76,1.53
Jos South,Highland,Tomato,122.96,102.84,203.99,3.75,23.59,658.96,1.15
Jos South,Highland,Tomato,124.17,125.9,166.57,4.3,13.5,750.0,0.38
Jos South,Highland,Tomato,85.72,56.54,221.02,5.84,16.53,714.41,0.45
Jos South,Highland,Tomato,126.51,96.36,227.57,4.59,20.37,644.0,0.9
Jos South,Highland,Tomato,141.35,99.07,182.27,6.49,16.83,547.57,0.65
Jos South,Highland,Tomato,118.38,48.75,185.57,7.97,20.32,592.22,1.34
Jos South,Highland,Tomato,131.59,73.21,125.55,5.52,19.94,555.45,0.61
Jos South,Highland,Tomato,106.81,69.2,213.0,5.55,16.28,750.0,0.56
Jos South,Highland,Tomato,105.47,48.75,174.31,3.75,19.27,708.29,1.5
Jos South,Highland,Tomato,121.69,52.67,184.77,4.24,13.5,743.6,1.14
Jos South,Highland,Tomato,107.73,99.41,208.63,4.78,16.04,671.86,0.38
Jos South,Highland,Tomato,106.72,65.79,177.74,6.51,23.9,602.07,1.2
Jos South,Highland,Tomato,94.69,64.77,186.91,4.93,27.58,597.74,2.44
Jos South,Highland,Tomato,160.77,77.18,242.78,7.58,19.55,481.61,0.57
Jos South,Highland,Tomato,109.45,101.17,240.86,6.24,22.54,483.85,1.35
Jos South,Highland,Tomato,115.98,63.76,198.2,7.48,17.46,431.51,1.12
Jos South,Highland,Tomato,84.36,49.53,155.92,7.49,20.93,494.25,1.06
Jos South,Highland,Tomato,75.0,66.34,300.0,5.1,13.63,535.83,1.02
Jos South,Highland,Tomato,81.66,78.42,235.92,5.82,15.11,558.01,1.04
Jos South,Highland,Tomato,84.66,48.75,231.41,8.28,19.65,441.9,1.31
Jos South,Highland,Tomato,108.02,112.07,187.85,7.94,21.02,388.52,0.38
Jos South,Highland,Tomato,140.61,100.11,227.59,7.35,19.19,479.78,0.42
Jos South,Highland,Tomato,125.54,85.32,266.4,6.68,21.53,498.29,1.36
Jos South,Highland,Tomato,149.25,99.84,253.23,5.65,17.22,549.8,1.36
Jos South,Highland,Tomato,75.0,48.75,120.0,6.11,15.72,588.54,1.0
Jos South,Highland,Tomato,86.08,48.75,143.71,7.32,14.54,610.78,0.38
Jos South,Highland,Tomato,75.0,69.85,244.57,5.19,15.79,596.94,0.97
Jos South,Highland,Tomato,83.07,77.07,143.93,5.15,16.03,689.89,0.95
Jos South,Highland,Tomato,90.56,109.8,252.68,5.75,14.07,708.34,0.39
Jos South,Highland,Tomato,85.51,48.75,163.86,6.91,20.58,419.04,1.12
Jos South,Highland,Tomato,77.24,88.58,147.27,6.23,21.15,518.49,1.43
Jos South,Highland,Tomato,135.16,73.13,225.1,5.34,24.37,532.67,1.39
Jos South,Highland,Groundnut,7.5,11.25,22.08,6.94,20.38,661.31,0.15
Jos South,Highland,Groundnut,10.42,26.11,42.01,6.58,23.85,796.33,0.66
Jos South,Highland,Groundnut,7.5,39.39,39.49,7.47,26.36,507.17,0.77
Jos South,Highland,Groundnut,7.5,11.25,26.25,6.89,18.74,730.38,0.15
Jos South,Highland,Groundnut,7.5,11.25,18.75,7.73,18.25,780.27,0.15
Jos South,Highland,Groundnut,7.5,24.33,27.14,5.76,22.11,615.46,0.78
Jos South,Highland,Groundnut,7.5,11.25,18.75,7.48,20.62,572.48,0.38
Jos South,Highland,Groundnut,7.5,21.21,32.73,5.49,25.87,585.33,1.18
Jos South,Highland,Groundnut,7.5,11.25,25.16,6.64,19.32,678.74,0.17
Jos South,Highland,Groundnut,8.15,35.3,42.58,5.8,25.93,437.83,1.08
Jos South,Highland,Groundnut,7.5,11.94,18.75,5.7,28.0,863.17,0.41
Jos South,Highland,Groundnut,7.5,20.01,19.06,7.26,25.72,567.61,0.32
Jos South,Highland,Groundnut,8.29,27.81,23.25,6.91,16.5,662.19,0.15
Jos South,Highland,Groundnut,7.5,11.25,18.75,6.48,22.53,764.43,0.31
Jos South,Highland,Groundnut,7.5,11.25,18.75,6.45,20.85,661.11,0.65
Jos South,Highland,Groundnut,7.5,20.54,30.22,6.66,24.38,471.12,0.71
Jos South,Highland,Groundnut,7.5,11.25,24.26,5.93,18.34,831.39,0.15
Jos South,Highland,Groundnut,7.5,11.25,21.14,5.98,21.92,693.08,0.92
Jos South,Highland,Groundnut,7.5,21.55,37.73,6.38,16.5,786.2,0.61
Jos South,Highland,Groundnut,7.5,21.57,30.05,6.93,24.65,686.14,0.36
Jos South,Highland,Groundnut,7.5,11.25,21.47,5.48,24.03,821.93,0.85
Jos South,Highland,Groundnut,7.5,34.97,25.07,6.96,20.3,598.1,0.15
Jos South,Highland,Groundnut,7.5,15.65,18.75,6.29,16.5,597.48,0.19
Jos South,Highland,Groundnut,7.5,11.25,42.41,6.2,17.62,724.72,0.44
Jos South,Highland,Groundnut,7.5,19.1,39.3,6.26,23.39,680.04,0.42
Jos South,Highland,Groundnut,7.5,11.25,24.89,6.89,21.56,598.32,0.42
Jos South,Highland,Groundnut,7.5,20.68,37.88,6.04,25.18,814.04,0.33
Jos South,Highland,Groundnut,7.64,16.44,30.43,6.85,23.81,412.65,1.19
Jos South,Highland,Groundnut,9.37,13.76,38.81,6.95,22.23,684.79,0.44
Jos South,Highland,Groundnut,7.5,32.56,27.23,6.96,26.78,446.09,0.28
Jos South,Highland,Groundnut,7.5,16.79,29.81,5.81,21.14,783.46,0.47
Jos South,Highland,Groundnut,7.5,14.62,24.38,6.95,20.06,540.98,0.75
Jos South,Highland,Groundnut,7.5,11.25,29.48,6.77,16.5,863.77,0.15
Jos South,Highland,Groundnut,7.5,32.72,24.69,6.07,24.58,660.37,0.62
Jos South,Highland,Groundnut,7.5,30.88,27.69,6.44,24.31,596.55,1.03
Jos South,Highland,Groundnut,7.5,18.35,22.83,5.78,19.4,553.02,1.03
Jos South,Highland,Groundnut,7.5,11.25,22.1,6.65,22.96,672.26,0.43
Jos South,Highland,Groundnut,7.5,17.0,34.36,6.87,16.5,677.49,0.15
Jos South,Highland,Groundnut,7.5,21.41,20.97,7.49,24.14,702.26,0.24
Jos South,Highland,Groundnut,7.5,21.05,41.2,6.88,20.19,729.48,0.15
Jos South,Highland,Groundnut,7.5,14.1,32.73,4.9,23.59,875.0,0.96
Jos South,Highland,Groundnut,7.5,29.96,35.32,5.83,20.61,681.27,0.42
Jos South,Highland,Groundnut,7.5,11.25,29.58,6.68,20.78,817.57,0.26
Jos South,Highland,Groundnut,7.5,13.41,29.61,6.03,23.7,568.77,0.61
Jos South,Highland,Groundnut,7.5,29.82,32.91,6.98,28.2,652.35,0.74
Jos South,Highland,Groundnut,7.5,13.33,29.25,5.99,23.17,728.7,0.59
Jos South,Highland,Groundnut,7.96,11.69,47.73,6.51,27.53,563.62,0.55
Jos South,Highland,Groundnut,7.5,13.81,18.75,6.34,19.34,699.91,0.23
Jos South,Highland,Groundnut,7.5,20.96,23.56,5.73,23.46,788.62,0.87
Jos South,Highland,Groundnut,8.39,50.0,39.66,6.13,22.04,697.16,0.37
Jos South,Highland,Pepper,171.38,18.75,60.82,6.34,22.83,1344.04,0.79
Jos South,Highland,Pepper,159.35,23.14,63.7,6.64,13.5,575.3,0.89
Jos South,Highland,Pepper,124.7,29.03,77.97,5.42,23.98,1044.63,0.89
Jos South,Highland,Pepper,114.26,23.91,125.0,5.34,30.59,753.74,1.64
Jos South,Highland,Pepper,120.91,21.33,41.25,5.27,30.57,870.68,1.96
Jos South,Highland,Pepper,80.21,26.95,112.72,5.33,21.22,1051.19,1.96
Jos South,Highland,Pepper,85.4,43.76,52.23,5.81,22.0,450.0,1.47
Jos South,Highland,Pepper,160.54,46.07,102.84,5.77,13.5,1548.96,0.45
Jos South,Highland,Pepper,95.51,24.79,46.8,6.8,17.85,1192.94,1.05
Jos South,Highland,Pepper,75.39,18.75,41.25,5.01,24.52,1457.41,1.35
Jos South,Highland,Pepper,79.87,39.73,41.25,5.99,18.04,1502.99,0.45
Jos South,Highland,Pepper,137.57,35.51,68.83,7.18,19.5,867.75,0.45
Jos South,Highland,Pepper,174.56,19.3,61.68,4.12,19.6,1274.82,2.5
Jos South,Highland,Pepper,98.23,35.74,65.25,5.52,26.43,664.4,1.76
Jos South,Highland,Pepper,151.21,36.31,102.57,8.03,17.34,987.5,0.45
Jos South,Highland,Pepper,94.21,21.88,41.25,6.05,30.2,740.29,1.54
Jos South,Highland,Pepper,75.0,18.75,41.25,5.21,13.66,1562.5,0.49
Jos South,Highland,Pepper,92.25,26.82,64.04,7.34,25.37,450.0,1.28
Jos South,Highland,Pepper,92.26,55.49,91.03,7.57,13.5,450.0,0.45
Jos South,Highland,Pepper,75.0,27.15,72.63,5.21,22.33,1453.27,1.83
Jos South,Highland,Pepper,75.0,18.78,74.69,6.46,28.03,614.08,1.51
Jos South,Highland,Pepper,98.46,38.83,89.8,5.35,17.57,905.28,1.63
Jos South,Highland,Pepper,91.48,32.6,41.25,6.72,22.83,1215.03,1.27
Jos South,Highland,Pepper,98.72,39.53,54.21,5.99,13.5,1217.08,0.86
Jos South,Highland,Pepper,99.5,45.47,77.41,7.33,27.08,450.0,0.56
Jos South,Highland,Pepper,140.23,18.75,73.46,7.58,20.38,1048.26,0.45
Jos South,Highland,Pepper,126.63,18.75,41.25,5.31,27.09,1477.26,1.26
Jos South,Highland,Pepper,75.0,18.75,41.25,5.5,15.36,1432.34,0.45
Jos South,Highland,Pepper,98.11,18.75,95.42,7.52,14.66,1040.41,0.67
Jos South,Highland,Pepper,161.88,32.47,62.49,6.7,13.5,908.81,0.45
Jos South,Highland,Pepper,82.24,41.82,81.6,7.37,18.75,918.01,0.45
Jos South,Highland,Pepper,94.76,18.75,99.5,5.91,21.12,895.48,1.96
Jos South,Highland,Pepper,81.83,44.86,95.49,6.6,13.5,585.51,2.09
Jos South,Highland,Pepper,123.53,27.63,62.4,6.84,23.96,884.5,0.91
Jos South,Highland,Pepper,175.13,38.24,85.66,6.87,16.16,621.75,0.73
Jos South,Highland,Pepper,142.53,40.31,95.67,4.31,19.28,1186.56,1.36
Jos South,Highland,Pepper,97.79,18.75,41.25,4.78,13.5,1514.86,0.61
Jos South,Highland,Pepper,103.55,23.51,111.75,5.43,31.95,575.22,2.33
Jos South,Highland,Pepper,135.49,18.75,125.0,6.64,13.5,1073.99,0.86
Jos South,Highland,Pepper,119.07,18.78,55.61,6.11,13.75,876.36,1.16
Jos South,Highland,Pepper,149.51,50.92,64.48,6.6,14.86,736.85,0.5
Jos South,Highland,Pepper,105.3,18.75,72.05,6.79,28.11,607.74,1.39
Jos South,Highland,Pepper,129.56,23.09,70.84,7.65,13.5,739.91,0.45
Jos South,Highland,Pepper,110.7,39.01,59.97,5.9,25.03,779.31,1.59
Jos South,Highland,Pepper,101.29,30.07,48.68,6.98,24.41,940.97,0.6
Jos South,Highland,Pepper,137.32,34.16,52.75,5.6,24.49,485.31,2.5
Jos South,Highland,Pepper,124.08,25.85,68.43,6.69,13.5,734.93,1.0
Jos South,Highland,Pepper,76.14,18.75,41.25,6.12,26.91,1284.61,1.21
Jos South,Highland,Pepper,98.89,34.19,41.25,6.61,13.83,1118.77,0.77
Jos South,Highland,Pepper,75.0,22.51,41.25,6.23,18.15,1007.03,1.42
Jos South,Highland,Cabbage,75.0,41.74,88.57,6.2,17.65,563.02,0.56
Jos South,Highland,Cabbage,102.79,54.52,117.14,5.91,10.79,559.65,1.04
Jos South,Highland,Cabbage,138.47,37.5,122.18,6.17,18.38,537.86,1.08
Jos South,Highland,Cabbage,129.38,49.35,120.14,5.98,7.5,625.0,0.38
Jos South,Highland,Cabbage,76.37,37.5,102.53,6.07,12.82,499.62,1.02
Jos South,Highland,Cabbage,75.0,40.95,84.3,5.94,7.5,590.86,0.15
Jos South,Highland,Cabbage,108.13,57.22,89.98,6.12,18.26,571.81,0.6
Jos South,Highland,Cabbage,103.74,50.9,125.51,5.83,14.7,546.95,0.92
Jos South,Highland,Cabbage,75.0,39.88,100.95,5.63,19.64,514.85,1.14
Jos South,Highland,Cabbage,115.44,37.5,109.66,6.51,14.92,548.46,0.97
Jos South,Highland,Cabbage,109.57,49.17,130.99,6.03,7.5,602.87,0.78
Jos South,Highland,Cabbage,123.66,63.43,134.98,6.63,12.71,465.42,0.89
Jos South,Highland,Cabbage,131.02,56.27,147.47,5.79,20.41,477.34,1.34
Jos South,Highland,Cabbage,121.13,62.77,137.66,6.65,10.02,530.76,0.15
Jos South,Highland,Cabbage,91.64,42.63,112.18,5.95,30.0,565.49,0.77
Jos South,Highland,Cabbage,133.35,54.47,118.84,6.92,15.97,503.98,0.15
Jos South,Highland,Cabbage,122.35,53.04,118.01,6.4,16.82,521.41,0.36
Jos South,Highland,Cabbage,119.09,55.81,116.27,5.85,10.15,625.0,0.23
Jos South,Highland,Cabbage,119.19,37.68,126.4,7.09,7.5,508.59,0.35
Jos South,Highland,Cabbage,94.8,43.59,94.61,6.45,15.92,540.63,0.26
Jos South,Highland,Cabbage,144.71,45.85,131.79,6.06,18.17,537.96,1.24
Jos South,Highland,Cabbage,103.45,57.07,113.13,6.0,15.83,527.19,0.83
Jos South,Highland,Cabbage,75.0,37.81,105.92,5.09,15.99,625.0,0.58
Jos South,Highland,Cabbage,135.69,60.99,131.99,6.48,14.73,469.48,1.29
Jos South,Highland,Cabbage,81.95,52.29,111.66,6.11,29.37,443.33,0.62
Jos South,Highland,Cabbage,101.55,47.65,104.04,6.13,7.5,560.75,0.43
Jos South,Highland,Cabbage,110.67,45.92,101.09,5.84,10.57,587.03,0.47
Jos South,Highland,Cabbage,117.47,44.7,96.17,6.85,17.33,452.31,0.9
Jos South,Highland,Cabbage,129.56,47.44,99.18,6.03,7.5,527.85,0.89
Jos South,Highland,Cabbage,117.3,52.42,118.1,6.33,13.62,452.54,0.8
Jos South,Highland,Cabbage,123.11,55.44,95.97,7.14,20.53,528.74,0.24
Jos South,Highland,Cabbage,89.92,57.72,126.52,6.39,20.81,485.31,0.96
Jos South,Highland,Cabbage,134.02,58.42,129.39,6.41,23.1,568.18,0.88
Jos South,Highland,Cabbage,150.63,47.01,133.51,5.86,7.5,532.07,0.99
Jos South,Highland,Cabbage,75.04,37.5,119.09,6.7,15.43,512.17,0.85
Jos South,Highland,Cabbage,153.59,49.69,109.42,5.53,10.58,512.54,0.92
Jos South,Highland,Cabbage,75.0,50.69,86.98,6.55,17.7,524.53,0.23
Jos South,Highland,Cabbage,107.17,52.03,104.37,7.36,9.7,556.15,0.15
Jos South,Highland,Cabbage,143.77,49.67,111.22,6.06,7.5,625.0,0.34
Jos South,Highland,Cabbage,75.0,46.26,93.25,6.61,10.75,539.73,0.37
Jos South,Highland,Cabbage,133.6,45.12,115.75,6.49,8.73,512.61,0.15
Jos South,Highland,Cabbage,158.68,68.57,118.89,6.84,11.02,520.07,0.71
Jos South,Highland,Cabbage,121.72,37.5,107.68,6.22,19.92,464.7,1.33
Jos South,Highland,Cabbage,112.15,56.54,99.17,7.23,16.0,453.97,0.61
Jos South,Highland,Cabbage,113.36,53.26,132.25,6.07,16.42,536.87,0.4
Jos South,Highland,Cabbage,113.96,63.66,130.77,6.4,12.83,554.56,0.4
Jos South,Highland,Cabbage,96.71,42.62,118.57,5.94,21.27,558.33,0.73
Jos South,Highland,Cabbage,115.79,43.39,105.55,6.47,8.32,566.63,0.15
Jos South,Highland,Cabbage,86.43,50.57,107.22,6.41,23.68,468.64,0.57
Jos South,Highland,Cabbage,130.52,44.27,111.79,7.4,15.49,479.9,0.24
Jos South,Highland,Maize,201.43,73.21,98.88,6.38,18.41,717.89,0.59
Jos South,Highland,Maize,206.67,97.53,101.87,4.89,22.66,915.6,0.38
Jos South,Highland,Maize,112.5,37.5,73.47,7.76,24.75,497.26,1.37
Jos South,Highland,Maize,180.77,48.35,97.12,4.67,17.42,985.59,1.17
Jos South,Highland,Maize,147.96,42.35,61.25,4.51,19.18,1000.0,0.86
Jos South,Highland,Maize,136.48,37.5,51.53,6.39,24.85,886.42,0.94
Jos South,Highland,Maize,197.81,67.24,107.84,6.23,22.18,1000.0,0.45
Jos South,Highland,Maize,204.71,60.91,102.63,5.61,15.0,1000.0,1.11
Jos South,Highland,Maize,119.24,42.68,66.93,5.22,26.7,753.2,1.44
Jos South,Highland,Maize,173.65,50.82,69.65,6.85,24.95,813.01,0.54
Jos South,Highland,Maize,113.5,37.5,45.0,4.12,27.93,862.51,2.21
Jos South,Highland,Maize,151.17,68.94,95.32,7.52,15.0,741.74,0.3
Jos South,Highland,Maize,200.51,52.53,99.35,8.01,24.46,628.83,0.73
Jos South,Highland,Maize,128.65,50.3,67.98,6.2,22.04,738.82,0.74
Jos South,Highland,Maize,209.89,63.34,117.46,7.53,17.38,655.71,1.17
Jos South,Highland,Maize,184.38,49.79,125.0,7.04,22.3,747.1,0.3
Jos South,Highland,Maize,141.34,68.52,80.99,5.02,23.87,680.36,1.0
Jos South,Highland,Maize,137.52,43.96,52.54,6.47,25.28,635.81,0.96
Jos South,Highland,Maize,201.6,68.63,82.62,6.84,20.45,601.14,1.25
Jos South,Highland,Maize,161.58,81.26,94.89,6.33,25.92,706.46,0.3
Jos South,Highland,Maize,141.48,57.25,61.71,9.37,15.0,506.47,0.34
Jos South,Highland,Maize,134.37,75.87,58.3,5.71,20.8,729.49,0.3
Jos South,Highland,Maize,142.56,62.27,47.55,4.37,15.19,1000.0,0.65
Jos South,Highland,Maize,180.12,70.69,91.71,7.39,18.11,749.78,0.52
Jos South,Highland,Maize,175.77,70.65,71.58,6.38,19.13,603.55,1.02
Jos South,Highland,Maize,168.49,37.5,54.23,4.9,20.77,952.85,0.72
Jos South,Highland,Maize,155.06,74.56,104.64,7.69,19.53,569.83,0.98
Jos South,Highland,Maize,118.49,37.5,45.0,6.19,19.65,799.39,1.34
Jos South,Highland,Maize,154.66,43.03,67.04,6.79,23.23,866.66,1.06
Jos South,Highland,Maize,171.34,40.22,94.66,4.89,15.73,1000.0,0.95
Jos South,Highland,Maize,152.32,65.56,65.62,5.3,19.9,707.42,1.2
Jos South,Highland,Maize,153.61,42.98,78.23,4.97,23.84,776.37,1.83
Jos South,Highland,Maize,119.86,53.81,50.05,6.31,17.96,583.51,0.32
Jos South,Highland,Maize,135.36,53.74,110.93,7.88,21.03,657.87,0.53
Jos South,Highland,Maize,203.92,53.39,79.87,6.61,22.02,752.91,1.15
Jos South,Highland,Maize,214.59,84.97,95.66,4.96,22.13,717.84,1.53
Jos South,Highland,Maize,148.34,63.93,57.32,6.36,21.38,749.57,0.9
Jos South,Highland,Maize,112.5,37.5,57.45,5.83,16.32,796.7,0.53
Jos South,Highland,Maize,206.08,51.85,115.01,4.12,19.5,1000.0,0.67
Jos South,Highland,Maize,184.42,67.1,81.47,5.81,24.42,556.18,2.47
Jos South,Highland,Maize,188.08,68.86,125.0,6.64,17.87,680.31,0.84
Jos South,Highland,Maize,156.05,84.24,45.0,7.46,22.65,608.24,0.3
Jos South,Highland,Maize,166.33,37.5,71.81,8.66,23.02,551.48,0.36
Jos South,Highland,Maize,207.1,67.96,91.1,7.76,19.98,509.1,1.26
Jos South,Highland,Maize,135.75,49.61,54.5,6.95,21.04,675.94,1.5
Jos South,Highland,Maize,159.6,42.0,80.47,6.4,17.64,792.86,0.3
Jos South,Highland,Maize,182.89,63.47,59.31,8.74,25.0,592.32,0.99
Jos South,Highland,Maize,144.48,48.22,45.0,4.65,20.1,848.25,1.38
Jos South,Highland,Maize,139.43,47.02,48.5,5.41,20.64,851.42,1.32
Jos South,Highland,Maize,142.8,52.48,50.62,4.71,22.1,953.59,0.72
Jos South,Highland,Wheat,75.22,26.25,18.75,7.17,15.79,645.02,1.73
Jos South,Highland,Wheat,130.11,29.77,21.78,6.57,16.08,646.5,2.24
Jos South,Highland,Wheat,121.68,29.59,40.85,7.67,13.74,532.93,0.6
Jos South,Highland,Wheat,136.35,32.0,34.07,5.61,12.64,772.12,3.12
Jos South,Highland,Wheat,92.52,26.25,33.89,6.79,13.41,457.93,2.69
Jos South,Highland,Wheat,89.88,30.33,28.11,6.78,16.58,544.74,3.05
Jos South,Highland,Wheat,98.54,38.05,36.81,7.92,15.17,509.73,0.6
Jos South,Highland,Wheat,141.88,40.82,50.12,7.98,15.89,560.82,1.35
Jos South,Highland,Wheat,98.44,30.46,32.53,7.28,16.38,718.79,1.15
Jos South,Highland,Wheat,122.81,29.7,43.39,7.63,19.98,445.14,2.58
Jos South,Highland,Wheat,152.51,32.28,47.5,7.16,15.44,429.86,1.88
Jos South,Highland,Wheat,113.8,37.15,52.6,7.65,13.06,464.92,1.41
Jos South,Highland,Wheat,97.34,35.94,28.07,4.72,20.22,567.62,2.62
Jos South,Highland,Wheat,75.0,29.23,19.42,7.69,18.41,708.94,0.78
Jos South,Highland,Wheat,110.99,26.25,38.7,5.61,15.05,812.5,1.28
Jos South,Highland,Wheat,118.87,26.27,18.75,8.5,12.22,601.97,1.12
Jos South,Highland,Wheat,150.26,35.25,34.32,6.15,17.85,726.99,1.83
Jos South,Highland,Wheat,112.28,26.25,38.54,5.68,17.79,667.87,2.39
Jos South,Highland,Wheat,112.58,35.35,53.45,8.93,15.33,550.77,0.88
Jos South,Highland,Wheat,154.88,26.25,60.28,6.32,20.63,540.34,2.41
Jos South,Highland,Wheat,96.87,32.5,22.99,6.33,18.53,608.11,2.39
Jos South,Highland,Wheat,97.94,34.12,36.41,6.63,14.58,616.13,1.8
Jos South,Highland,Wheat,133.37,31.99,18.75,7.7,14.54,710.38,0.6
Jos South,Highland,Wheat,90.33,26.25,18.75,6.84,13.75,710.43,0.6
Jos South,Highland,Wheat,75.0,26.25,37.7,7.64,12.19,761.6,0.6
Jos South,Highland,Wheat,185.24,35.77,54.74,4.85,14.84,531.86,3.12
Jos South,Highland,Wheat,96.19,26.25,35.76,6.38,13.52,666.45,1.18
Jos South,Highland,Wheat,134.98,35.3,37.56,8.16,14.94,468.51,1.8
Jos South,Highland,Wheat,108.48,39.36,42.38,5.54,15.38,535.98,1.88
Jos South,Highland,Wheat,93.83,29.26,18.75,8.06,16.62,662.19,1.19
Jos South,Highland,Wheat,120.88,28.62,61.9,6.37,11.83,549.81,1.22
Jos South,Highland,Wheat,154.12,32.12,41.87,6.06,12.73,723.6,1.39
Jos South,Highland,Wheat,107.41,36.09,34.03,6.55,20.28,420.42,3.12
Jos South,Highland,Wheat,117.64,28.57,62.5,7.19,12.6,733.84,1.34
Jos South,Highland,Wheat,100.15,28.4,29.0,7.44,12.05,748.5,0.6
Jos South,Highland,Wheat,79.61,31.45,20.08,8.64,15.4,540.36,1.68
Jos South,Highland,Wheat,85.25,26.25,18.75,4.95,11.25,812.5,1.27
Jos South,Highland,Wheat,85.17,31.61,18.75,5.9,20.69,656.64,0.84
Jos South,Highland,Wheat,139.79,29.4,49.49,7.36,12.29,536.06,2.05
Jos South,Highland,Wheat,176.34,44.35,47.12,8.48,12.06,730.78,0.6
Jos South,Highland,Wheat,141.63,28.74,27.06,5.86,12.83,715.56,1.35
Jos South,Highland,Wheat,108.82,33.57,32.6,6.69,17.75,667.73,1.2
Jos South,Highland,Wheat,87.15,30.73,44.4,7.05,11.8,562.86,2.31
Jos South,Highland,Wheat,88.47,31.27,43.03,7.6,15.61,580.0,1.06
Jos South,Highland,Wheat,143.75,33.35,30.39,7.04,14.22,594.04,1.56
Jos South,Highland,Wheat,122.95,26.25,18.75,7.18,14.63,661.08,1.04
Jos South,Highland,Wheat,75.0,26.25,39.4,8.21,11.5,696.3,0.6
Jos South,Highland,Wheat,103.63,31.44,38.01,6.77,16.48,525.28,2.34
Jos South,Highland,Wheat,105.97,30.34,24.07,7.77,11.25,676.51,0.6
Jos South,Highland,Wheat,182.71,33.66,44.29,9.35,12.6,442.63,1.37
Jos South,Highland,Pineapple,266.42,54.05,141.86,4.6,16.5,959.36,0.14
Jos South,Highland,Pineapple,269.37,37.73,180.51,5.36,24.4,759.89,0.36
Jos South,Highland,Pineapple,312.07,66.19,136.8,7.01,17.55,1028.56,0.08
Jos South,Highland,Pineapple,219.47,58.92,184.42,5.94,21.69,654.31,0.59
Jos South,Highland,Pineapple,218.02,33.75,82.5,6.61,21.31,909.94,0.28
Jos South,Highland,Pineapple,266.55,68.18,171.85,4.44,24.74,836.28,0.56
Jos South,Highland,Pineapple,239.83,40.63,164.56,5.48,21.62,840.83,0.32
Jos South,Highland,Pineapple,206.56,33.75,97.42,4.55,21.22,976.27,0.51
Jos South,Highland,Pineapple,284.03,45.09,125.18,5.92,19.98,942.81,0.58
Jos South,Highland,Pineapple,239.66,33.75,148.09,6.58,22.21,1061.33,0.08
Jos South,Highland,Pineapple,201.53,35.57,82.5,5.1,19.35,1147.8,0.17
Jos South,Highland,Pineapple,254.34,35.4,91.66,3.53,21.5,929.05,0.87
Jos South,Highland,Pineapple,261.34,45.91,204.66,5.29,22.49,998.06,0.3
Jos South,Highland,Pineapple,282.93,55.05,269.04,4.37,20.53,971.02,0.98
Jos South,Highland,Pineapple,259.78,40.84,230.24,4.08,19.19,1076.25,0.37
Jos South,Highland,Pineapple,216.73,50.29,82.5,7.24,18.4,875.29,0.08
Jos South,Highland,Pineapple,236.2,54.62,88.14,5.16,20.66,1079.11,0.08
Jos South,Highland,Pineapple,271.83,34.08,199.91,3.42,18.91,1203.81,0.5
Jos South,Highland,Pineapple,258.67,48.58,124.3,3.94,23.48,1023.23,0.85
Jos South,Highland,Pineapple,207.66,41.11,209.31,6.34,24.01,996.42,0.16
Jos South,Highland,Pineapple,243.88,51.64,152.83,6.2,25.45,814.16,0.26
Jos South,Highland,Pineapple,229.94,47.74,213.03,6.94,21.42,736.98,0.41
Jos South,Highland,Pineapple,283.65,45.19,250.6,4.73,19.7,718.92,0.68
Jos South,Highland,Pineapple,231.93,43.24,240.93,3.96,22.61,933.37,0.35
Jos South,Highland,Pineapple,240.6,39.68,224.91,5.36,22.15,1040.86,0.08
Jos South,Highland,Pineapple,248.87,45.25,170.93,4.95,19.2,1250.0,0.08
Jos South,Highland,Pineapple,303.1,38.3,194.6,5.04,19.25,1025.17,0.08
Jos South,Highland,Pineapple,244.7,64.48,180.68,6.63,19.55,1026.66,0.08
Jos South,Highland,Pineapple,292.24,55.97,160.82,6.27,18.93,1112.19,0.1
Jos South,Highland,Pineapple,217.58,54.64,123.31,3.7,21.13,1099.99,0.44
Jos South,Highland,Pineapple,331.33,51.85,237.63,7.63,24.77,686.55,0.23
Jos South,Highland,Pineapple,351.25,74.13,167.83,5.13,22.21,629.19,0.98
Jos South,Highland,Pineapple,215.76,45.44,185.79,4.39,20.48,924.07,0.38
Jos South,Highland,Pineapple,280.89,41.68,218.99,6.73,19.73,923.01,0.13
Jos South,Highland,Pineapple,227.72,58.4,110.64,5.28,21.98,825.05,0.54
Jos South,Highland,Pineapple,234.08,49.79,215.98,4.46,23.09,863.54,0.47
Jos South,Highland,Pineapple,280.86,36.16,144.37,5.05,19.37,971.67,0.1
Jos South,Highland,Pineapple,303.64,52.39,219.28,5.14,19.5,769.06,0.42
Jos South,Highland,Pineapple,238.75,49.69,164.82,5.56,18.31,955.47,0.19
Jos South,Highland,Pineapple,209.79,36.99,143.8,6.36,20.77,804.48,0.4
Jos South,Highland,Pineapple,249.96,44.25,160.16,5.17,20.58,982.73,0.08
Jos South,Highland,Pineapple,250.21,34.97,145.87,6.43,19.95,921.68,0.11
Jos South,Highland,Pineapple,253.77,39.61,165.83,4.39,20.74,895.53,0.67
Jos South,Highland,Pineapple,286.62,67.49,193.93,5.55,24.3,808.33,0.76
Jos South,Highland,Pineapple,278.74,45.14,141.49,4.22,23.39,1180.78,0.18
Jos South,Highland,Pineapple,198.07,54.75,163.55,7.15,20.64,1109.9,0.08
Jos South,Highland,Pineapple,305.59,39.11,210.06,5.3,22.96,997.87,0.63
Jos South,Highland,Pineapple,274.75,58.71,247.37,4.98,18.15,958.66,0.23
Jos South,Highland,Pineapple,253.53,33.75,248.01,4.36,20.62,982.58,0.59
Jos South,Highland,Pineapple,276.81,33.75,265.77,3.49,17.59,1192.41,0.36
Jos South,Highland,Onion,80.37,23.34,91.16,6.69,13.35,488.98,0.9
Jos South,Highland,Onion,51.66,30.8,33.75,7.15,13.85,565.15,0.3
Jos South,Highland,Onion,85.56,30.49,80.27,6.1,13.03,622.45,0.3
Jos South,Highland,Onion,96.67,38.54,85.0,6.33,14.51,546.27,0.3
Jos South,Highland,Onion,64.57,18.75,33.75,7.12,11.25,505.53,0.3
Jos South,Highland,Onion,72.56,18.75,60.91,6.9,17.73,547.28,1.13
Jos South,Highland,Onion,70.96,20.18,41.38,5.95,14.65,477.47,1.02
Jos South,Highland,Onion,45.0,18.75,82.44,6.15,14.28,491.4,0.56
Jos South,Highland,Onion,83.47,51.64,56.3,6.94,13.2,400.75,0.57
Jos South,Highland,Onion,52.99,18.75,63.67,6.29,20.79,579.21,0.94
Jos South,Highland,Onion,109.51,48.79,74.35,6.38,14.46,512.6,0.82
Jos South,Highland,Onion,64.58,23.41,48.0,5.44,11.73,686.27,0.96
Jos South,Highland,Onion,45.0,19.96,33.75,6.33,11.3,638.8,0.72
Jos South,Highland,Onion,61.41,19.97,46.05,6.24,13.3,615.78,0.46
Jos South,Highland,Onion,45.0,20.8,51.36,6.0,11.25,687.5,0.3
Jos South,Highland,Onion,93.37,49.04,100.0,6.86,11.35,388.67,0.66
Jos South,Highland,Onion,58.19,32.17,89.94,6.64,11.25,382.15,0.9
Jos South,Highland,Onion,68.41,18.75,75.4,6.25,17.07,632.1,0.8
Jos South,Highland,Onion,54.86,18.75,57.67,7.13,13.9,439.87,1.16
Jos South,Highland,Onion,55.29,18.75,33.75,7.34,15.14,470.15,1.09
Jos South,Highland,Onion,80.06,40.1,72.99,6.73,13.08,512.32,0.37
Jos South,Highland,Onion,48.13,18.75,45.01,6.27,13.8,661.82,0.36
Jos South,Highland,Onion,67.85,33.3,51.32,6.39,15.68,607.44,0.3
Jos South,Highland,Onion,45.0,18.75,57.47,5.97,14.67,687.5,0.3
Jos South,Highland,Onion,86.36,39.64,73.47,6.27,11.25,665.4,0.3
Jos South,Highland,Onion,59.6,24.23,54.04,6.86,16.15,537.82,0.3
Jos South,Highland,Onion,59.08,38.9,67.32,6.46,18.42,634.42,0.71
Jos South,Highland,Onion,55.32,18.75,63.72,7.01,16.14,484.48,0.4
Jos South,Highland,Onion,45.0,18.75,33.75,5.69,12.48,687.5,0.39
Jos South,Highland,Onion,53.51,34.82,56.49,5.8,15.28,601.22,0.95
Jos South,Highland,Onion,59.19,27.85,75.35,6.9,16.97,585.57,0.67
Jos South,Highland,Onion,99.62,22.86,49.19,6.19,15.83,501.95,1.04
Jos South,Highland,Onion,55.98,23.32,58.83,6.13,12.36,468.56,0.95
Jos South,Highland,Onion,90.78,28.83,66.3,6.78,12.8,608.29,0.94
Jos South,Highland,Onion,45.0,18.75,62.72,6.56,13.93,443.53,0.76
Jos South,Highland,Onion,74.35,33.08,33.75,6.08,15.95,565.96,0.79
Jos South,Highland,Onion,45.0,24.22,81.45,7.23,19.52,537.08,1.08
Jos South,Highland,Onion,45.0,18.75,43.78,5.36,19.11,618.25,1.14
Jos South,Highland,Onion,60.66,23.08,48.93,6.51,18.85,487.31,1.32
Jos South,Highland,Onion,45.0,18.79,53.51,7.19,11.25,486.0,0.57
Jos South,Highland,Onion,45.53,26.93,53.75,5.57,11.25,687.5,0.89
Jos South,Highland,Onion,45.0,28.44,43.17,5.52,11.53,544.66,0.91
Jos South,Highland,Onion,76.44,39.32,47.8,7.1,14.73,428.81,0.78
Jos South,Highland,Onion,49.96,32.24,51.75,7.4,15.19,455.94,0.3
Jos South,Highland,Onion,71.34,56.03,100.0,6.32,11.25,592.42,0.3
Jos South,Highland,Onion,71.61,24.98,56.31,6.03,14.88,660.74,0.9
Jos South,Highland,Onion,68.01,50.97,68.1,7.12,13.59,529.38,0.3
Jos South,Highland,Onion,68.4,34.46,46.51,6.26,13.51,539.31,0.7
Jos South,Highland,Onion,64.48,23.45,44.02,6.76,18.46,440.88,0.88
Jos South,Highland,Onion,88.52,35.82,85.43,6.7,13.76,632.72,0.3
Shendam,Lowland,Irish-potato,127.4,64.41,222.55,5.58,16.38,350.14,0.76
Shendam,Lowland,Irish-potato,136.68,54.05,202.25,5.02,20.09,300.0,0.82
Shendam,Lowland,Irish-potato,99.2,67.61,106.95,4.09,18.48,643.04,0.22
Shendam,Lowland,Irish-potato,129.31,63.89,90.0,3.54,16.68,550.71,1.2
Shendam,Lowland,Irish-potato,150.0,69.06,225.0,4.73,20.37,309.46,1.46
Shendam,Lowland,Irish-potato,150.0,60.57,156.17,4.62,12.16,431.24,1.08
Shendam,Lowland,Irish-potato,92.11,58.62,117.05,4.3,21.46,376.21,1.09
Shendam,Lowland,Irish-potato,96.07,55.69,110.21,4.8,13.52,384.81,1.3
Shendam,Lowland,Irish-potato,149.43,34.49,167.57,4.95,25.0,300.0,1.88
Shendam,Lowland,Irish-potato,132.1,62.11,158.56,5.0,21.74,300.0,1.62
Shendam,Lowland,Irish-potato,146.44,46.3,108.28,5.1,17.91,359.38,0.66
Shendam,Lowland,Irish-potato,135.62,57.28,147.34,3.96,18.78,595.46,1.05
Shendam,Lowland,Irish-potato,69.06,30.0,97.53,6.1,17.19,300.0,0.51
Shendam,Lowland,Irish-potato,150.0,67.8,192.75,4.72,14.89,351.92,1.25
Shendam,Lowland,Irish-potato,67.86,30.0,114.72,3.88,22.84,401.07,1.23
Shendam,Lowland,Irish-potato,96.31,50.25,170.75,5.47,23.04,344.16,1.15
Shendam,Lowland,Irish-potato,150.0,75.0,184.15,5.15,18.72,409.06,1.07
Shendam,Lowland,Irish-potato,62.76,30.0,192.92,4.55,18.94,407.77,0.98
Shendam,Lowland,Irish-potato,60.0,50.27,121.85,4.9,14.47,300.0,1.1
Shendam,Lowland,Irish-potato,98.98,39.91,126.79,4.35,15.24,616.25,1.56
Shendam,Lowland,Irish-potato,79.79,45.4,190.9,4.38,12.05,365.9,1.01
Shendam,Lowland,Irish-potato,108.21,49.87,225.0,5.47,19.42,410.29,0.94
Shendam,Lowland,Irish-potato,81.19,57.06,225.0,6.01,23.17,391.33,1.0
Shendam,Lowland,Irish-potato,106.98,67.59,182.0,4.86,16.57,384.09,0.71
Shendam,Lowland,Irish-potato,126.22,60.62,225.0,4.92,19.75,300.0,1.26
Shendam,Lowland,Irish-potato,109.37,31.53,110.24,5.03,20.9,436.53,1.22
Shendam,Lowland,Irish-potato,132.15,68.51,184.48,4.39,15.35,520.84,0.41
Shendam,Lowland,Irish-potato,83.61,30.0,90.0,3.91,24.07,314.5,1.05
Shendam,Lowland,Irish-potato,118.56,62.01,124.5,5.27,14.56,397.79,0.63
Shendam,Lowland,Irish-potato,150.0,65.36,209.76,4.26,14.33,329.9,1.09
Shendam,Lowland,Irish-potato,63.22,30.0,139.21,3.22,20.36,609.98,1.8
Shendam,Lowland,Irish-potato,60.0,45.06,121.78,3.15,19.25,381.36,1.56
Shendam,Lowland,Irish-potato,150.0,75.0,225.0,4.91,19.72,300.0,1.66
Shendam,Lowland,Irish-potato,85.39,45.67,141.99,4.05,17.12,433.2,1.06
Shendam,Lowland,Irish-potato,146.08,58.21,157.02,6.5,20.39,300.0,1.62
Shendam,Lowland,Irish-potato,150.0,75.0,123.56,5.38,16.18,550.59,0.63
Shendam,Lowland,Irish-potato,130.88,56.02,225.0,5.7,21.39,300.0,1.27
Shendam,Lowland,Irish-potato,100.98,49.7,90.0,4.71,11.56,351.6,0.66
Shendam,Lowland,Irish-potato,75.07,57.53,143.76,5.17,17.55,442.35,1.25
Shendam,Lowland,Irish-potato,132.57,33.69,185.37,4.98,21.83,532.5,0.85
Shendam,Lowland,Irish-potato,100.93,52.89,171.75,4.0,16.62,406.32,1.25
Shendam,Lowland,Irish-potato,92.43,30.0,90.0,4.17,9.26,750.0,0.22
Shendam,Lowland,Irish-potato,137.67,53.54,221.12,5.05,17.63,312.31,1.21
Shendam,Lowland,Irish-potato,111.11,41.24,104.44,5.4,21.72,701.61,0.94
Shendam,Lowland,Irish-potato,134.44,48.06,200.66,4.13,16.08,309.65,1.88
Shendam,Lowland,Irish-potato,86.06,46.61,131.74,6.1,22.85,300.0,0.81
Shendam,Lowland,Irish-potato,92.19,41.12,134.55,6.25,14.84,300.0,0.35
Shendam,Lowland,Irish-potato,135.98,39.5,136.29,4.58,17.54,430.78,1.27
Shendam,Lowland,Irish-potato,132.41,50.16,188.6,6.07,22.65,300.0,1.05
Shendam,Lowland,Irish-potato,148.63,30.0,171.47,4.53,15.65,748.12,0.65
Shendam,Lowland,Tomato,140.56,76.66,258.46,6.46,20.48,426.96,0.9
Shendam,Lowland,Tomato,117.15,92.26,220.1,3.75,26.45,478.69,2.35
Shendam,Lowland,Tomato,100.45,51.73,128.71,6.65,23.24,549.03,0.38
Shendam,Lowland,Tomato,174.53,126.15,213.34,7.27,16.39,409.71,1.3
Shendam,Lowland,Tomato,120.44,59.96,190.96,6.25,17.63,455.12,0.63
Shendam,Lowland,Tomato,146.93,61.4,137.39,6.4,24.07,362.51,1.54
Shendam,Lowland,Tomato,162.95,99.83,199.29,3.91,31.25,527.22,1.37
Shendam,Lowland,Tomato,128.5,68.67,162.82,6.48,19.5,495.01,0.92
Shendam,Lowland,Tomato,83.39,48.75,137.93,6.34,27.73,524.32,0.92
Shendam,Lowland,Tomato,107.75,70.68,169.19,6.84,24.12,402.16,0.54
Shendam,Lowland,Tomato,167.07,95.75,213.82,4.72,28.76,534.08,1.74
Shendam,Lowland,Tomato,134.31,48.75,226.88,6.78,24.61,449.06,1.08
Shendam,Lowland,Tomato,138.71,106.21,270.92,5.53,28.58,318.79,1.96
Shendam,Lowland,Tomato,108.61,57.71,258.35,5.83,15.67,549.08,2.1
Shendam,Lowland,Tomato,93.12,48.75,225.71,6.34,23.93,435.37,1.01
Shendam,Lowland,Tomato,173.49,129.73,201.89,6.7,23.52,394.96,1.29
Shendam,Lowland,Tomato,104.27,53.17,247.64,5.79,25.74,420.5,0.88
Shendam,Lowland,Tomato,154.71,74.01,145.48,6.86,20.64,562.99,0.99
Shendam,Lowland,Tomato,169.22,94.52,229.98,7.02,23.26,300.0,1.02
Shendam,Lowland,Tomato,105.65,81.33,191.43,4.5,20.44,695.2,0.56
Shendam,Lowland,Tomato,93.52,55.28,141.31,5.42,27.27,433.82,1.25
Shendam,Lowland,Tomato,169.18,100.18,284.52,6.21,17.35,347.16,1.08
Shendam,Lowland,Tomato,163.74,55.95,297.9,7.31,24.94,300.0,1.11
Shendam,Lowland,Tomato,175.31,120.71,237.99,3.86,30.57,305.04,2.37
Shendam,Lowland,Tomato,119.82,90.95,161.42,7.0,30.47,324.18,0.88
Shendam,Lowland,Tomato,128.43,83.05,209.45,5.86,28.63,399.65,2.14
Shendam,Lowland,Tomato,155.57,72.91,224.14,4.7,28.04,382.05,2.41
Shendam,Lowland,Tomato,99.73,48.75,175.5,7.21,23.51,395.27,1.02
Shendam,Lowland,Tomato,144.72,110.71,211.66,6.0,22.89,434.82,0.77
Shendam,Lowland,Tomato,82.05,91.37,237.46,7.2,21.0,458.67,0.46
Shendam,Lowland,Tomato,180.49,119.8,209.74,5.9,21.03,410.15,1.08
Shendam,Lowland,Tomato,159.25,57.36,138.84,6.97,24.16,390.08,0.76
Shendam,Lowland,Tomato,78.19,126.05,205.28,7.75,16.64,300.0,0.42
Shendam,Lowland,Tomato,156.74,118.32,237.85,3.75,26.84,602.63,2.15
Shendam,Lowland,Tomato,117.79,107.56,184.01,6.24,23.01,505.66,0.38
Shendam,Lowland,Tomato,103.55,69.26,165.32,5.82,28.89,440.94,1.72
Shendam,Lowland,Tomato,100.2,76.82,190.75,5.02,20.66,488.52,1.17
Shendam,Lowland,Tomato,122.41,58.8,173.37,7.67,26.12,343.29,1.66
Shendam,Lowland,Tomato,101.1,92.04,262.48,3.99,25.59,417.03,1.92
Shendam,Lowland,Tomato,98.05,68.06,218.97,5.68,27.93,568.34,0.42
Shendam,Lowland,Tomato,118.59,96.7,169.96,7.6,26.52,300.0,0.38
Shendam,Lowland,Tomato,75.0,89.37,182.43,3.75,26.67,742.9,2.01
Shendam,Lowland,Tomato,182.63,111.87,239.17,5.06,20.4,495.29,0.51
Shendam,Lowland,Tomato,144.83,132.68,246.18,7.07,26.29,300.0,1.77
Shendam,Lowland,Tomato,158.51,136.57,237.56,6.47,18.82,485.7,0.54
Shendam,Lowland,Tomato,148.51,88.13,197.11,5.46,21.14,425.66,0.76
Shendam,Lowland,Tomato,116.68,77.83,250.36,5.94,23.4,433.71,1.71
Shendam,Lowland,Tomato,131.99,82.5,180.74,5.04,19.93,550.65,0.94
Shendam,Lowland,Tomato,138.77,126.11,200.51,3.75,18.15,655.03,0.38
Shendam,Lowland,Tomato,132.58,76.39,180.19,7.57,24.09,412.24,1.67
Shendam,Lowland,Groundnut,15.1,22.05,50.0,7.49,31.91,441.18,0.93
Shendam,Lowland,Groundnut,25.0,33.46,50.0,6.26,30.67,429.6,1.33
Shendam,Lowland,Groundnut,23.52,16.68,46.66,6.7,33.68,433.03,1.18
Shendam,Lowland,Groundnut,23.56,38.57,30.84,6.62,31.78,655.64,0.88
Shendam,Lowland,Groundnut,17.51,23.91,46.8,6.94,22.49,644.82,0.5
Shendam,Lowland,Groundnut,25.0,23.45,36.16,6.32,25.64,657.5,0.61
Shendam,Lowland,Groundnut,25.0,41.01,49.54,7.6,27.62,413.7,0.56
Shendam,Lowland,Groundnut,18.14,40.7,50.0,5.74,31.18,620.57,0.94
Shendam,Lowland,Groundnut,15.56,17.23,41.35,6.3,27.72,712.13,0.27
Shendam,Lowland,Groundnut,17.11,14.12,42.49,7.52,26.63,576.95,0.59
Shendam,Lowland,Groundnut,25.0,46.71,50.0,7.65,29.33,375.0,1.01
Shendam,Lowland,Groundnut,25.0,50.0,50.0,7.96,25.48,375.0,0.98
Shendam,Lowland,Groundnut,17.1,11.25,27.92,6.2,30.91,619.99,0.7
Shendam,Lowland,Groundnut,22.46,26.59,50.0,6.61,29.62,417.3,1.32
Shendam,Lowland,Groundnut,22.38,36.26,50.0,7.05,30.12,375.0,1.23
Shendam,Lowland,Groundnut,25.0,43.3,35.08,6.16,26.06,509.22,1.03
Shendam,Lowland,Groundnut,25.0,21.91,45.24,5.68,21.32,649.85,1.0
Shendam,Lowland,Groundnut,25.0,17.16,35.97,5.81,28.4,559.85,1.21
Shendam,Lowland,Groundnut,23.24,11.25,35.65,5.7,28.95,575.23,1.33
Shendam,Lowland,Groundnut,11.3,17.68,26.32,5.19,31.33,514.02,1.5
Shendam,Lowland,Groundnut,25.0,29.38,35.95,6.51,29.87,522.26,0.83
Shendam,Lowland,Groundnut,20.84,11.25,29.42,6.85,19.37,584.68,0.22
Shendam,Lowland,Groundnut,24.05,17.79,50.0,6.43,25.47,671.29,0.33
Shendam,Lowland,Groundnut,17.66,45.05,50.0,6.41,27.97,476.19,0.93
Shendam,Lowland,Groundnut,25.0,41.51,50.0,6.44,24.04,628.04,1.1
Shendam,Lowland,Groundnut,19.3,50.0,43.26,7.21,26.71,406.52,0.19
Shendam,Lowland,Groundnut,25.0,12.18,50.0,7.41,25.85,456.0,0.57
Shendam,Lowland,Groundnut,23.8,12.25,45.06,5.62,28.67,683.57,1.23
Shendam,Lowland,Groundnut,19.85,21.73,50.0,6.68,29.18,514.06,1.1
Shendam,Lowland,Groundnut,16.44,24.81,38.49,6.95,23.82,607.29,0.67
Shendam,Lowland,Groundnut,25.0,50.0,49.13,6.74,29.04,499.29,0.75
Shendam,Lowland,Groundnut,25.0,50.0,50.0,6.82,23.52,375.0,1.48
Shendam,Lowland,Groundnut,25.0,49.29,50.0,6.79,35.0,425.07,1.05
Shendam,Lowland,Groundnut,25.0,44.74,50.0,6.78,31.96,375.0,1.23
Shendam,Lowland,Groundnut,25.0,31.93,50.0,6.15,25.24,505.85,1.05
Shendam,Lowland,Groundnut,22.3,16.86,50.0,6.73,30.79,480.82,0.74
Shendam,Lowland,Groundnut,25.0,26.7,33.8,6.33,31.79,538.72,1.03
Shendam,Lowland,Groundnut,25.0,40.01,50.0,6.42,30.69,498.92,0.96
Shendam,Lowland,Groundnut,22.84,40.76,50.0,5.94,27.17,516.9,1.16
Shendam,Lowland,Groundnut,25.0,11.25,50.0,6.05,30.92,537.32,1.36
Shendam,Lowland,Groundnut,25.0,15.5,40.28,6.91,28.42,394.39,0.89
Shendam,Lowland,Groundnut,25.0,35.83,50.0,7.16,34.4,375.0,1.33
Shendam,Lowland,Groundnut,25.0,50.0,49.03,7.7,27.62,579.5,0.5
Shendam,Lowland,Groundnut,25.0,48.62,50.0,6.83,23.38,521.21,0.61
Shendam,Lowland,Groundnut,21.45,19.07,50.0,7.55,29.05,424.87,1.04
Shendam,Lowland,Groundnut,25.0,24.19,50.0,5.34,27.17,724.94,0.79
Shendam,Lowland,Groundnut,25.0,21.97,50.0,6.5,24.4,563.44,0.77
Shendam,Lowland,Groundnut,18.88,16.03,38.71,6.05,29.82,397.69,1.11
Shendam,Lowland,Groundnut,22.31,37.04,35.81,6.82,23.34,570.5,0.19
Shendam,Lowland,Groundnut,25.0,22.32,50.0,7.75,28.88,472.64,0.6
Shendam,Lowland,Pepper,181.46,18.75,72.6,6.12,30.2,490.6,2.08
Shendam,Lowland,Pepper,157.54,42.63,125.0,7.26,24.04,717.16,1.54
Shendam,Lowland,Pepper,175.31,61.12,91.53,7.2,21.22,660.39,1.43
Shendam,Lowland,Pepper,100.71,46.35,93.59,4.78,30.45,1312.76,1.83
Shendam,Lowland,Pepper,164.8,28.04,76.59,6.28,24.51,597.82,1.99
Shendam,Lowland,Pepper,134.85,24.98,89.99,7.03,23.48,939.23,1.1
Shendam,Lowland,Pepper,119.24,22.13,87.11,5.63,25.76,918.02,1.69
Shendam,Lowland,Pepper,125.21,18.75,97.38,6.79,23.88,677.48,1.9
Shendam,Lowland,Pepper,121.65,18.75,65.76,7.23,29.25,641.61,0.96
Shendam,Lowland,Pepper,99.65,19.96,41.25,6.93,26.96,716.09,1.65
Shendam,Lowland,Pepper,75.0,18.75,41.25,5.38,18.99,1562.5,0.48
Shendam,Lowland,Pepper,116.73,38.33,118.85,5.41,29.51,816.87,1.97
Shendam,Lowland,Pepper,179.68,59.87,65.18,7.07,22.34,950.03,0.45
Shendam,Lowland,Pepper,135.2,32.52,84.31,6.3,28.55,902.85,1.49
Shendam,Lowland,Pepper,151.76,34.55,78.05,6.33,24.32,899.02,0.84
Shendam,Lowland,Pepper,98.42,38.72,65.17,6.82,21.57,882.01,1.26
Shendam,Lowland,Pepper,129.23,42.93,101.17,6.02,33.75,684.95,2.25
Shendam,Lowland,Pepper,125.96,22.53,105.19,7.0,20.07,986.38,1.0
Shendam,Lowland,Pepper,154.59,30.96,102.83,6.29,31.59,1157.23,0.72
Shendam,Lowland,Pepper,101.95,33.65,125.0,7.31,24.45,450.0,1.46
Shendam,Lowland,Pepper,146.8,62.5,67.32,5.75,29.35,913.26,1.71
Shendam,Lowland,Pepper,126.77,36.93,88.39,5.4,13.5,1109.75,1.69
Shendam,Lowland,Pepper,130.3,26.92,68.55,5.02,29.47,854.03,2.5
Shendam,Lowland,Pepper,121.0,18.75,87.54,5.14,21.13,1562.5,0.62
Shendam,Lowland,Pepper,154.47,44.89,106.06,7.17,21.98,1075.87,0.45
Shendam,Lowland,Pepper,186.08,49.68,101.49,4.32,25.35,1197.96,1.54
Shendam,Lowland,Pepper,151.39,52.51,106.13,6.19,20.06,1115.84,0.83
Shendam,Lowland,Pepper,134.04,46.55,125.0,7.25,20.44,867.1,0.45
Shendam,Lowland,Pepper,175.03,56.75,105.29,6.68,27.61,664.09,1.8
Shendam,Lowland,Pepper,159.48,34.62,49.98,4.61,19.5,1296.86,1.96
Shendam,Lowland,Pepper,147.41,44.55,112.35,8.18,17.69,450.0,0.91
Shendam,Lowland,Pepper,170.65,36.35,87.14,7.25,28.1,492.53,1.57
Shendam,Lowland,Pepper,183.08,19.48,57.93,5.87,16.17,1472.95,1.35
Shendam,Lowland,Pepper,186.03,39.23,92.44,8.44,27.87,450.0,0.45
Shendam,Lowland,Pepper,132.71,45.36,96.08,6.77,14.15,450.0,2.08
Shendam,Lowland,Pepper,87.6,37.75,85.99,6.97,17.31,1562.5,0.45
Shendam,Lowland,Pepper,166.2,37.87,85.82,6.03,24.39,450.0,2.5
Shendam,Lowland,Pepper,119.77,33.74,54.54,4.98,13.5,1562.5,1.31
Shendam,Lowland,Pepper,194.78,62.5,98.9,6.72,26.34,847.07,2.31
Shendam,Lowland,Pepper,134.19,52.35,89.53,5.93,24.36,945.66,1.0
Shendam,Lowland,Pepper,173.48,49.26,104.78,6.65,32.33,450.0,2.33
Shendam,Lowland,Pepper,170.43,41.8,88.0,5.49,31.04,871.55,2.32
Shendam,Lowland,Pepper,204.82,22.38,125.0,6.37,32.9,781.56,1.86
Shendam,Lowland,Pepper,199.81,62.5,107.04,6.49,23.68,948.18,0.65
Shendam,Lowland,Pepper,151.72,28.7,83.07,7.25,17.98,1141.58,0.71
Shendam,Lowland,Pepper,151.45,33.1,124.46,6.31,29.83,831.81,2.5
Shendam,Lowland,Pepper,77.6,18.75,85.4,6.35,30.21,1195.01,1.94
Shendam,Lowland,Pepper,116.0,18.75,60.98,6.04,33.55,593.21,2.19
Shendam,Lowland,Pepper,204.16,40.81,103.75,5.79,33.24,1239.4,0.57
Shendam,Lowland,Pepper,131.17,33.28,85.87,5.74,32.05,549.06,2.46
Shendam,Lowland,Cabbage,104.07,50.96,137.55,6.98,18.96,339.39,0.96
Shendam,Lowland,Cabbage,134.31,49.47,132.68,6.61,16.82,373.6,1.16
Shendam,Lowland,Cabbage,173.94,57.37,162.5,6.37,24.06,392.9,1.31
Shendam,Lowland,Cabbage,130.24,52.47,143.99,6.8,18.23,339.62,0.61
Shendam,Lowland,Cabbage,115.8,48.8,131.92,6.38,17.19,524.28,0.41
Shendam,Lowland,Cabbage,99.34,53.68,113.41,6.49,21.35,285.0,1.39
Shendam,Lowland,Cabbage,89.67,54.65,104.91,5.7,11.86,484.21,0.49
Shendam,Lowland,Cabbage,149.63,58.08,143.66,6.46,8.72,433.73,0.15
Shendam,Lowland,Cabbage,134.58,53.34,146.29,6.76,7.5,417.41,0.38
Shendam,Lowland,Cabbage,168.43,65.81,154.0,7.15,7.71,312.83,1.41
Shendam,Lowland,Cabbage,172.04,51.79,120.04,7.54,24.86,292.86,1.25
Shendam,Lowland,Cabbage,152.33,63.44,118.22,6.42,26.93,336.35,0.91
Shendam,Lowland,Cabbage,178.02,70.36,158.05,8.05,17.28,285.0,1.2
Shendam,Lowland,Cabbage,111.34,65.04,145.52,7.87,7.5,285.0,0.98
Shendam,Lowland,Cabbage,113.93,50.83,106.86,5.84,19.42,376.36,1.28
Shendam,Lowland,Cabbage,115.16,43.67,161.11,6.42,20.41,287.62,1.62
Shendam,Lowland,Cabbage,133.55,50.53,151.47,6.36,30.0,335.27,1.37
Shendam,Lowland,Cabbage,187.5,68.8,151.43,6.51,20.19,285.0,1.51
Shendam,Lowland,Cabbage,114.99,58.8,128.24,6.55,11.69,391.42,0.95
Shendam,Lowland,Cabbage,143.15,56.79,137.53,6.1,7.5,330.03,0.87
Shendam,Lowland,Cabbage,184.86,63.36,129.39,7.21,11.42,402.01,0.15
Shendam,Lowland,Cabbage,148.86,40.03,149.33,5.94,12.36,375.03,0.94
Shendam,Lowland,Cabbage,165.08,49.47,142.85,5.7,7.5,468.23,0.72
Shendam,Lowland,Cabbage,110.8,61.14,133.71,6.57,30.0,285.0,1.53
Shendam,Lowland,Cabbage,118.04,52.66,119.43,6.84,29.97,285.0,1.36
Shendam,Lowland,Cabbage,137.39,54.93,112.36,6.18,30.0,329.06,1.62
Shendam,Lowland,Cabbage,123.45,61.91,119.43,6.25,18.77,327.51,1.04
Shendam,Lowland,Cabbage,98.24,38.09,100.5,6.17,29.64,403.57,1.16
Shendam,Lowland,Cabbage,111.64,62.19,151.37,7.09,28.97,334.94,0.99
Shendam,Lowland,Cabbage,116.46,49.63,129.79,7.58,27.99,323.97,0.64
Shendam,Lowland,Cabbage,185.82,75.69,162.5,7.58,21.94,285.0,0.66
Shendam,Lowland,Cabbage,131.38,65.96,162.5,6.61,19.61,451.2,0.65
Shendam,Lowland,Cabbage,173.29,51.97,137.54,7.76,23.22,312.46,0.19
Shendam,Lowland,Cabbage,138.56,70.74,136.81,5.57,22.69,344.54,1.54
Shendam,Lowland,Cabbage,129.81,61.49,127.51,7.13,24.65,385.16,0.59
Shendam,Lowland,Cabbage,110.85,51.82,111.25,6.42,9.77,349.23,1.15
Shendam,Lowland,Cabbage,75.0,37.5,94.9,6.23,12.86,489.76,0.3
Shendam,Lowland,Cabbage,156.46,61.39,127.21,6.48,23.71,390.07,1.23
Shendam,Lowland,Cabbage,133.61,55.06,125.52,6.23,24.25,345.49,0.91
Shendam,Lowland,Cabbage,161.59,60.13,133.49,6.53,23.23,286.33,1.42
Shendam,Lowland,Cabbage,160.99,69.87,152.4,7.14,11.34,323.36,0.5
Shendam,Lowland,Cabbage,111.64,46.75,109.33,7.99,13.8,326.8,0.74
Shendam,Lowland,Cabbage,122.77,55.59,140.38,6.25,12.27,388.16,1.1
Shendam,Lowland,Cabbage,167.44,56.84,139.95,6.05,25.08,292.28,1.62
Shendam,Lowland,Cabbage,120.68,67.01,106.26,7.18,20.5,337.36,1.5
Shendam,Lowland,Cabbage,143.8,50.66,125.01,5.92,24.78,321.98,1.19
Shendam,Lowland,Cabbage,106.7,68.3,122.64,7.23,23.94,285.0,0.82
Shendam,Lowland,Cabbage,142.74,53.4,126.64,5.28,9.39,373.27,1.42
Shendam,Lowland,Cabbage,121.63,48.21,124.34,6.87,19.74,372.08,1.09
Shendam,Lowland,Cabbage,155.8,55.17,98.11,6.47,18.04,354.46,0.93
Shendam,Lowland,Maize,204.04,95.99,92.69,4.12,31.52,629.95,1.63
Shendam,Lowland,Maize,239.88,100.0,90.57,8.9,33.53,375.0,1.13
Shendam,Lowland,Maize,213.99,87.42,71.25,6.33,27.88,474.31,1.1
Shendam,Lowland,Maize,195.85,67.85,93.33,5.05,35.0,635.79,2.5
Shendam,Lowland,Maize,231.36,45.17,89.24,6.87,28.05,520.02,1.37
Shendam,Lowland,Maize,218.85,75.19,79.12,6.77,33.93,375.0,1.91
Shendam,Lowland,Maize,211.58,65.43,125.0,7.44,26.16,540.35,1.03
Shendam,Lowland,Maize,223.56,61.93,92.9,6.81,27.85,444.7,1.57
Shendam,Lowland,Maize,212.86,64.49,92.04,6.9,27.33,636.29,1.33
Shendam,Lowland,Maize,203.45,60.13,115.79,6.92,34.15,524.75,1.98
Shendam,Lowland,Maize,192.5,49.35,76.43,6.92,29.49,519.92,1.78
Shendam,Lowland,Maize,181.96,57.86,94.46,5.44,19.57,714.46,1.5
Shendam,Lowland,Maize,201.72,50.08,112.51,5.87,29.55,375.0,2.08
Shendam,Lowland,Maize,189.62,64.77,64.23,7.96,35.0,463.28,1.35
Shendam,Lowland,Maize,208.0,100.0,110.6,8.23,30.19,375.0,0.48
Shendam,Lowland,Maize,227.07,59.3,110.9,7.49,29.57,411.06,1.24
Shendam,Lowland,Maize,204.92,99.58,125.0,7.68,20.6,375.0,0.3
Shendam,Lowland,Maize,231.08,81.44,121.87,6.92,26.99,449.67,1.27
Shendam,Lowland,Maize,212.21,43.62,91.09,7.62,30.38,375.0,2.0
Shendam,Lowland,Maize,192.5,75.27,82.68,4.64,23.19,812.02,0.66
Shendam,Lowland,Maize,172.46,42.46,76.14,7.82,24.52,456.43,2.03
Shendam,Lowland,Maize,250.0,98.13,125.0,7.31,22.09,578.64,1.28
Shendam,Lowland,Maize,203.87,82.7,109.21,7.09,24.97,649.28,0.71
Shendam,Lowland,Maize,209.27,71.7,64.16,5.6,35.0,502.41,2.5
Shendam,Lowland,Maize,221.63,70.03,110.05,7.56,29.63,375.0,1.51
Shendam,Lowland,Maize,136.19,52.31,93.71,7.13,31.69,375.0,2.44
Shendam,Lowland,Maize,248.51,76.68,125.0,7.26,23.01,580.84,0.3
Shendam,Lowland,Maize,250.0,64.41,125.0,6.39,19.44,576.45,1.42
Shendam,Lowland,Maize,210.87,88.62,120.14,6.31,30.79,375.0,2.22
Shendam,Lowland,Maize,150.44,71.62,108.95,6.55,30.78,489.53,1.36
Shendam,Lowland,Maize,196.24,62.82,125.0,5.92,28.64,496.26,1.33
Shendam,Lowland,Maize,196.3,57.81,106.62,6.26,29.78,433.87,2.1
Shendam,Lowland,Maize,214.79,86.68,96.08,6.68,26.84,532.74,1.14
Shendam,Lowland,Maize,198.46,53.01,125.0,6.83,29.45,483.2,1.49
Shendam,Lowland,Maize,127.92,45.5,58.73,6.83,31.27,738.84,0.3
Shendam,Lowland,Maize,250.0,79.59,114.16,5.74,28.54,413.71,1.67
Shendam,Lowland,Maize,245.79,96.33,114.29,6.37,27.24,409.42,2.45
Shendam,Lowland,Maize,172.2,37.5,109.72,6.44,28.05,544.26,1.32
Shendam,Lowland,Maize,181.03,53.02,75.27,5.05,26.43,759.42,1.57
Shendam,Lowland,Maize,221.69,63.34,115.19,9.2,20.97,383.16,0.47
Shendam,Lowland,Maize,186.31,50.28,73.72,7.17,31.02,635.07,1.06
Shendam,Lowland,Maize,155.89,75.15,113.71,6.53,22.36,723.42,0.67
Shendam,Lowland,Maize,204.42,79.05,115.04,5.04,23.36,738.36,0.64
Shendam,Lowland,Maize,143.57,58.03,114.55,6.53,32.6,548.02,0.3
Shendam,Lowland,Maize,179.27,58.02,109.36,6.98,29.56,794.37,1.22
Shendam,Lowland,Maize,201.38,57.88,79.11,6.47,30.7,867.28,1.29
Shendam,Lowland,Maize,133.14,37.5,81.96,6.88,31.27,375.0,2.5
Shendam,Lowland,Maize,183.38,66.08,112.76,5.17,30.5,794.29,0.95
Shendam,Lowland,Maize,181.61,45.51,125.0,6.19,24.48,740.4,1.49
Shendam,Lowland,Maize,191.44,84.52,108.67,5.33,31.75,703.91,1.69
Shendam,Lowland,Wheat,96.51,30.73,33.39,6.77,25.0,536.36,2.4
Shendam,Lowland,Wheat,141.31,37.93,50.22,7.36,20.55,337.5,2.56
Shendam,Lowland,Wheat,130.04,47.25,50.59,7.39,17.86,337.5,1.47
Shendam,Lowland,Wheat,154.34,40.64,62.5,6.6,23.58,355.84,3.12
Shendam,Lowland,Wheat,132.53,39.43,39.61,5.57,21.86,521.96,2.59
Shendam,Lowland,Wheat,149.42,31.18,62.5,7.55,21.16,371.07,2.62
Shendam,Lowland,Wheat,110.19,29.29,58.37,6.07,22.74,337.5,2.0
Shendam,Lowland,Wheat,144.55,39.72,62.5,8.77,20.6,337.5,1.57
Shendam,Lowland,Wheat,185.4,45.84,62.5,6.94,19.1,547.82,1.84
Shendam,Lowland,Wheat,108.0,37.48,62.5,5.46,20.73,504.66,2.67
Shendam,Lowland,Wheat,116.37,42.2,42.62,8.09,22.18,370.51,2.35
Shendam,Lowland,Wheat,111.64,36.0,54.52,7.66,16.92,472.49,1.19
Shendam,Lowland,Wheat,163.69,48.44,62.5,9.2,17.8,337.5,1.62
Shendam,Lowland,Wheat,136.62,49.86,33.37,7.42,20.93,471.53,0.6
Shendam,Lowland,Wheat,139.95,36.66,62.5,7.96,22.23,337.5,2.01
Shendam,Lowland,Wheat,145.09,35.97,62.5,7.5,22.31,439.38,2.05
Shendam,Lowland,Wheat,160.67,37.73,49.38,7.24,19.78,488.53,1.23
Shendam,Lowland,Wheat,171.19,37.78,62.5,8.07,18.16,428.56,1.92
Shendam,Lowland,Wheat,133.3,49.23,40.5,5.36,22.01,672.61,0.88
Shendam,Lowland,Wheat,108.16,35.17,31.33,6.27,21.78,686.48,1.13
Shendam,Lowland,Wheat,122.04,38.3,42.2,5.41,25.0,374.42,3.12
Shendam,Lowland,Wheat,99.02,32.67,43.94,4.86,23.68,764.69,3.12
Shendam,Lowland,Wheat,156.02,37.95,62.5,9.04,16.46,337.5,3.12
Shendam,Lowland,Wheat,122.45,31.64,46.46,5.8,21.73,469.0,1.91
Shendam,Lowland,Wheat,154.85,42.68,57.57,7.86,17.62,417.9,0.6
Shendam,Lowland,Wheat,112.39,37.4,62.5,7.0,22.54,337.5,2.77
Shendam,Lowland,Wheat,75.0,34.06,36.33,7.24,11.25,768.9,0.6
Shendam,Lowland,Wheat,129.69,38.07,62.5,5.12,22.86,452.92,2.34
Shendam,Lowland,Wheat,187.5,50.29,62.5,5.52,21.36,461.13,2.79
Shendam,Lowland,Wheat,139.18,42.13,44.42,7.98,21.7,601.2,0.6
Shendam,Lowland,Wheat,112.57,26.63,45.71,5.98,20.12,479.11,2.27
Shendam,Lowland,Wheat,120.24,34.58,53.06,8.76,20.66,342.89,2.05
Shendam,Lowland,Wheat,126.38,40.08,35.83,7.76,18.21,347.17,2.3
Shendam,Lowland,Wheat,130.34,32.14,62.5,7.2,25.0,352.36,2.2
Shendam,Lowland,Wheat,79.2,26.25,31.61,7.37,24.79,525.18,1.02
Shendam,Lowland,Wheat,161.13,38.98,62.5,7.69,23.77,466.03,1.31
Shendam,Lowland,Wheat,105.2,41.81,58.92,7.09,19.03,412.95,2.74
Shendam,Lowland,Wheat,129.93,39.56,44.05,8.69,21.13,504.37,0.98
Shendam,Lowland,Wheat,102.98,39.64,62.5,5.57,22.3,473.81,3.12
Shendam,Lowland,Wheat,146.55,44.69,50.52,8.13,20.43,478.0,2.27
Shendam,Lowland,Wheat,91.36,31.74,61.2,5.26,18.7,619.71,2.16
Shendam,Lowland,Wheat,122.55,44.08,62.5,5.99,19.07,449.13,2.06
Shendam,Lowland,Wheat,185.28,36.28,46.52,7.33,18.63,447.7,2.63
Shendam,Lowland,Wheat,169.34,36.67,49.25,8.27,24.59,357.58,2.91
Shendam,Lowland,Wheat,106.73,34.6,62.05,8.6,24.44,496.85,1.23
Shendam,Lowland,Wheat,132.02,29.76,58.54,6.77,19.89,617.66,2.19
Shendam,Lowland,Wheat,157.86,44.48,48.61,8.56,21.24,409.8,1.16
Shendam,Lowland,Wheat,109.84,33.65,36.39,7.41,19.72,456.11,1.89
Shendam,Lowland,Wheat,187.5,41.82,58.39,6.49,21.42,337.5,2.62
Shendam,Lowland,Wheat,164.39,50.09,53.77,6.73,22.88,369.19,1.76
Shendam,Lowland,Pineapple,348.3,73.15,275.0,6.93,29.54,649.24,0.63
Shendam,Lowland,Pineapple,172.5,48.8,115.05,7.36,28.44,525.0,0.86
Shendam,Lowland,Pineapple,209.23,71.84,112.66,5.43,30.57,599.67,0.99
Shendam,Lowland,Pineapple,235.33,53.89,146.83,3.38,27.22,877.86,1.22
Shendam,Lowland,Pineapple,236.29,56.98,101.93,4.64,25.32,1075.44,0.42
Shendam,Lowland,Pineapple,363.38,66.77,275.0,4.85,29.77,727.58,0.87
Shendam,Lowland,Pineapple,284.77,54.45,106.5,5.78,27.68,843.43,0.45
Shendam,Lowland,Pineapple,250.71,64.64,203.92,5.96,27.23,747.79,0.41
Shendam,Lowland,Pineapple,260.62,56.11,82.5,3.6,26.57,884.64,0.67
Shendam,Lowland,Pineapple,355.07,67.2,237.34,3.95,20.87,897.43,0.72
Shendam,Lowland,Pineapple,270.8,59.14,182.17,6.1,31.27,622.85,0.7
Shendam,Lowland,Pineapple,273.66,48.04,103.5,4.95,28.65,840.65,1.03
Shendam,Lowland,Pineapple,274.47,37.76,184.94,5.48,25.63,646.48,0.55
Shendam,Lowland,Pineapple,269.58,70.29,189.62,5.37,29.15,781.22,1.06
Shendam,Lowland,Pineapple,348.39,65.69,192.8,5.96,27.49,650.66,0.54
Shendam,Lowland,Pineapple,283.19,50.67,212.96,7.04,22.34,854.12,0.44
Shendam,Lowland,Pineapple,302.52,39.37,200.31,4.7,28.04,906.36,0.94
Shendam,Lowland,Pineapple,259.5,45.44,124.31,4.93,28.82,838.57,0.74
Shendam,Lowland,Pineapple,306.6,55.65,227.6,6.96,30.7,538.38,1.1
Shendam,Lowland,Pineapple,297.54,48.35,102.95,5.2,27.66,834.17,1.17
Shendam,Lowland,Pineapple,258.35,39.9,105.12,3.38,24.99,1230.82,0.87
Shendam,Lowland,Pineapple,228.22,42.62,213.93,6.12,26.48,812.82,0.33
Shendam,Lowland,Pineapple,314.32,50.81,265.65,5.64,25.12,876.12,0.3
Shendam,Lowland,Pineapple,224.89,41.55,106.13,5.32,23.34,844.47,0.51
Shendam,Lowland,Pineapple,238.56,42.31,226.57,5.18,27.24,935.73,0.5
Shendam,Lowland,Pineapple,306.52,36.7,82.93,5.64,25.15,659.42,0.55
Shendam,Lowland,Pineapple,216.95,33.75,82.5,8.12,27.86,702.93,0.48
Shendam,Lowland,Pineapple,304.08,72.39,149.77,4.38,28.94,972.82,0.85
Shendam,Lowland,Pineapple,208.86,42.94,136.33,6.8,25.15,982.22,0.15
Shendam,Lowland,Pineapple,307.66,71.04,219.84,5.39,25.98,695.97,1.09
Shendam,Lowland,Pineapple,326.7,66.49,275.0,6.45,20.95,563.4,0.7
Shendam,Lowland,Pineapple,321.61,61.82,251.32,5.58,27.01,728.03,0.88
Shendam,Lowland,Pineapple,244.14,54.55,166.39,5.12,25.37,525.0,0.82
Shendam,Lowland,Pineapple,218.93,40.56,182.56,5.4,26.93,752.34,0.61
Shendam,Lowland,Pineapple,256.77,56.0,122.11,5.08,27.76,816.96,0.8
Shendam,Lowland,Pineapple,236.47,46.62,211.81,4.21,27.38,910.38,0.87
Shendam,Lowland,Pineapple,294.91,64.22,231.38,5.74,29.1,871.2,0.51
Shendam,Lowland,Pineapple,233.3,48.31,212.82,5.36,26.12,970.37,0.47
Shendam,Lowland,Pineapple,269.88,63.45,118.15,4.73,19.76,916.91,0.59
Shendam,Lowland,Pineapple,248.05,54.38,146.81,7.14,31.88,539.95,0.98
Shendam,Lowland,Pineapple,272.69,51.99,116.35,4.71,27.24,922.07,0.92
Shendam,Lowland,Pineapple,240.5,59.46,109.53,5.53,27.17,742.99,0.74
Shendam,Lowland,Pineapple,199.34,33.75,130.56,3.38,32.36,967.62,1.25
Shendam,Lowland,Pineapple,290.84,56.25,183.03,4.44,27.24,717.52,1.2
Shendam,Lowland,Pineapple,284.68,61.24,143.83,6.5,25.98,578.0,0.72
Shendam,Lowland,Pineapple,312.63,55.05,275.0,6.99,27.0,721.62,0.82
Shendam,Lowland,Pineapple,375.0,77.07,233.24,6.71,24.86,707.36,0.57
Shendam,Lowland,Pineapple,327.81,58.55,264.2,6.5,24.84,600.54,1.25
Shendam,Lowland,Pineapple,213.98,54.0,158.84,5.68,25.82,792.3,0.68
Shendam,Lowland,Pineapple,282.49,68.56,184.23,7.89,26.24,606.6,0.49
Shendam,Lowland,Onion,71.73,35.78,51.15,5.46,14.13,554.71,0.82
Shendam,Lowland,Onion,80.84,42.42,36.71,6.32,23.94,292.74,0.81
Shendam,Lowland,Onion,51.91,25.96,81.45,5.67,22.27,350.56,1.78
Shendam,Lowland,Onion,102.54,31.86,70.43,6.57,19.5,527.84,0.66
Shendam,Lowland,Onion,121.32,34.45,70.76,6.95,19.06,299.5,1.0
Shendam,Lowland,Onion,90.16,33.85,66.04,6.26,22.97,320.48,1.66
Shendam,Lowland,Onion,125.0,56.25,100.0,7.46,20.03,262.5,1.11
Shendam,Lowland,Onion,67.17,18.75,43.28,6.36,21.3,303.04,1.65
Shendam,Lowland,Onion,66.99,50.54,90.72,6.22,14.34,521.65,0.81
Shendam,Lowland,Onion,112.82,41.91,100.0,6.33,16.77,526.14,0.3
Shendam,Lowland,Onion,63.98,36.25,76.98,7.05,20.03,262.5,0.64
Shendam,Lowland,Onion,103.16,40.8,79.23,7.59,20.75,262.5,0.45
Shendam,Lowland,Onion,59.29,29.35,40.06,6.17,19.44,610.8,0.99
Shendam,Lowland,Onion,76.99,22.56,72.45,6.36,19.51,396.08,0.93
Shendam,Lowland,Onion,112.58,39.68,95.41,6.29,25.0,338.45,1.24
Shendam,Lowland,Onion,71.29,24.03,73.76,6.92,18.62,407.13,1.26
Shendam,Lowland,Onion,59.27,36.56,62.87,7.46,22.4,263.38,1.08
Shendam,Lowland,Onion,61.83,21.89,79.21,6.86,22.19,262.5,1.52
Shendam,Lowland,Onion,69.68,41.75,94.37,7.04,21.6,391.15,1.13
Shendam,Lowland,Onion,100.32,43.41,96.15,6.93,21.09,352.09,0.6
Shendam,Lowland,Onion,80.84,31.46,74.84,6.57,20.0,439.08,1.06
Shendam,Lowland,Onion,115.99,56.25,99.78,6.06,17.82,404.15,1.07
Shendam,Lowland,Onion,125.0,39.45,96.9,5.83,16.98,339.41,1.37
Shendam,Lowland,Onion,45.0,25.24,73.98,5.46,20.99,451.42,0.83
Shendam,Lowland,Onion,91.81,31.71,59.87,7.14,17.66,561.71,0.3
Shendam,Lowland,Onion,64.37,29.37,93.5,6.42,22.08,448.53,0.44
Shendam,Lowland,Onion,81.02,42.76,33.75,6.01,18.01,420.33,1.03
Shendam,Lowland,Onion,112.24,40.14,100.0,6.19,17.26,262.5,1.24
Shendam,Lowland,Onion,59.89,29.54,73.37,5.78,25.0,262.5,1.62
Shendam,Lowland,Onion,93.87,36.6,43.86,6.73,22.31,262.5,1.92
Shendam,Lowland,Onion,87.38,34.79,100.0,6.73,20.95,307.37,0.89
Shendam,Lowland,Onion,89.26,36.99,61.18,7.41,22.65,262.5,1.29
Shendam,Lowland,Onion,84.93,35.66,68.04,7.17,23.79,353.08,1.2
Shendam,Lowland,Onion,88.83,50.01,100.0,6.08,22.93,266.28,2.2
Shendam,Lowland,Onion,71.28,18.75,68.71,6.53,15.19,286.81,1.42
Shendam,Lowland,Onion,67.47,38.29,100.0,6.96,22.41,431.73,1.29
Shendam,Lowland,Onion,79.23,48.7,54.51,5.49,17.45,480.18,0.58
Shendam,Lowland,Onion,99.5,25.97,100.0,6.8,22.36,441.43,1.21
Shendam,Lowland,Onion,93.88,32.54,85.71,6.53,21.37,314.69,1.23
Shendam,Lowland,Onion,98.89,36.68,46.17,6.56,20.79,390.39,1.42
Shendam,Lowland,Onion,68.84,37.88,100.0,7.42,18.43,262.5,0.98
Shendam,Lowland,Onion,117.41,51.3,78.95,6.49,19.88,289.66,1.12
Shendam,Lowland,Onion,110.82,52.56,83.04,6.86,20.98,369.63,1.29
Shendam,Lowland,Onion,75.78,23.71,57.23,5.99,21.55,364.78,1.54
Shendam,Lowland,Onion,104.01,56.11,81.4,7.76,24.31,262.5,1.29
Shendam,Lowland,Onion,91.98,26.67,67.7,6.53,14.8,545.14,0.3
Shendam,Lowland,Onion,113.79,35.83,44.63,7.41,23.3,309.96,1.21
Shendam,Lowland,Onion,71.49,45.23,80.92,7.31,19.61,262.5,1.04
Shendam,Lowland,Onion,74.95,23.26,73.05,7.66,22.89,407.35,0.46
Shendam,Lowland,Onion,83.77,56.25,100.0,5.77,19.77,370.54,1.64
Langtang South,Lowland,Irish-potato,150.0,56.76,139.66,5.11,21.32,337.99,1.42
Langtang South,Lowland,Irish-potato,71.19,73.08,141.92,5.56,18.98,300.0,1.15
Langtang South,Lowland,Irish-potato,150.0,61.1,186.28,6.4,21.83,300.0,0.45
Langtang South,Lowland,Irish-potato,94.9,63.7,196.43,4.46,17.88,429.93,1.28
Langtang South,Lowland,Irish-potato,98.18,40.23,175.77,3.86,15.47,411.39,1.86
Langtang South,Lowland,Irish-potato,150.0,75.0,198.3,5.92,15.42,317.31,0.83
Langtang South,Lowland,Irish-potato,64.72,43.83,146.9,5.34,20.14,300.0,1.24
Langtang South,Lowland,Irish-potato,74.52,65.85,167.06,5.3,19.69,325.59,0.72
Langtang South,Lowland,Irish-potato,94.51,72.7,166.55,3.23,9.83,563.14,1.09
Langtang South,Lowland,Irish-potato,143.86,54.58,130.84,6.11,16.35,615.72,0.22
Langtang South,Lowland,Irish-potato,65.25,58.61,162.37,6.07,16.3,402.17,0.48
Langtang South,Lowland,Irish-potato,91.76,75.0,120.06,3.0,19.19,615.4,1.36
Langtang South,Lowland,Irish-potato,101.61,45.05,178.15,4.18,16.26,623.61,0.7
Langtang South,Lowland,Irish-potato,115.68,65.46,222.38,5.67,15.52,300.0,1.29
Langtang South,Lowland,Irish-potato,126.95,59.59,212.76,5.5,15.1,429.54,0.22
Langtang South,Lowland,Irish-potato,92.34,51.06,141.32,5.38,15.03,429.2,0.64
Langtang South,Lowland,Irish-potato,124.11,62.48,220.52,5.47,12.16,418.96,0.73
Langtang South,Lowland,Irish-potato,150.0,37.48,175.17,5.28,16.97,564.81,1.24
Langtang South,Lowland,Irish-potato,141.85,39.31,129.9,4.62,18.29,539.44,1.26
Langtang South,Lowland,Irish-potato,101.83,75.0,225.0,5.92,15.95,410.67,0.55
Langtang South,Lowland,Irish-potato,60.0,49.58,90.0,4.77,19.17,713.55,0.22
Langtang South,Lowland,Irish-potato,117.07,63.16,112.57,4.78,18.94,395.66,1.16
Langtang South,Lowland,Irish-potato,74.71,75.0,131.14,5.45,12.14,539.99,0.41
Langtang South,Lowland,Irish-potato,123.43,60.55,180.82,6.7,10.0,300.0,1.0
Langtang South,Lowland,Irish-potato,136.7,64.11,177.21,3.68,14.17,494.89,1.53
Langtang South,Lowland,Irish-potato,123.5,70.55,93.07,4.65,19.81,347.19,1.33
Langtang South,Lowland,Irish-potato,119.93,64.03,135.15,5.68,18.86,300.0,0.71
Langtang South,Lowland,Irish-potato,65.26,55.32,177.85,4.43,18.31,311.98,1.45
Langtang South,Lowland,Irish-potato,104.85,49.8,190.87,6.7,20.58,300.0,1.51
Langtang South,Lowland,Irish-potato,60.0,68.26,169.71,4.88,18.16,423.89,1.28
Langtang South,Lowland,Irish-potato,60.0,50.02,225.0,5.85,19.51,445.3,0.89
Langtang South,Lowland,Irish-potato,66.41,47.87,162.99,6.31,16.87,300.0,1.61
Langtang South,Lowland,Irish-potato,104.78,33.52,119.11,3.99,14.3,734.64,0.62
Langtang South,Lowland,Irish-potato,150.0,75.0,220.61,4.74,19.93,300.0,1.7
Langtang South,Lowland,Irish-potato,111.4,60.14,142.74,5.13,20.58,502.0,0.56
Langtang South,Lowland,Irish-potato,101.27,56.14,225.0,4.9,18.15,405.47,1.15
Langtang South,Lowland,Irish-potato,73.67,41.67,127.61,4.32,12.06,750.0,0.55
Langtang South,Lowland,Irish-potato,116.17,31.95,168.53,5.54,16.91,470.37,0.59
Langtang South,Lowland,Irish-potato,150.0,75.0,160.75,5.44,19.4,300.0,1.88
Langtang South,Lowland,Irish-potato,141.54,75.0,225.0,3.87,19.21,632.43,1.21
Langtang South,Lowland,Irish-potato,150.0,55.48,180.15,5.78,13.99,531.75,0.76
Langtang South,Lowland,Irish-potato,139.04,54.6,186.25,3.97,20.88,347.59,1.88
Langtang South,Lowland,Irish-potato,96.96,75.0,125.58,4.68,16.9,504.39,0.7
Langtang South,Lowland,Irish-potato,126.22,51.13,225.0,6.06,12.18,355.35,0.63
Langtang South,Lowland,Irish-potato,126.06,58.37,164.17,5.46,12.74,594.74,0.22
Langtang South,Lowland,Irish-potato,101.72,44.65,151.9,5.66,20.96,448.4,0.55
Langtang South,Lowland,Irish-potato,150.0,53.36,163.43,5.07,16.5,333.86,1.05
Langtang South,Lowland,Irish-potato,115.65,62.71,225.0,5.1,22.47,300.0,1.43
Langtang South,Lowland,Irish-potato,60.0,42.66,133.91,4.87,25.0,324.27,1.79
Langtang South,Lowland,Irish-potato,92.18,57.81,225.0,5.68,20.42,300.0,1.2
Langtang South,Lowland,Tomato,108.41,110.29,168.52,7.93,28.76,300.0,1.76
Langtang South,Lowland,Tomato,180.21,94.23,186.12,6.24,24.31,484.81,0.81
Langtang South,Lowland,Tomato,101.76,49.01,154.41,7.75,23.8,300.0,2.05
Langtang South,Lowland,Tomato,145.79,79.04,234.8,8.75,25.22,300.0,1.4
Langtang South,Lowland,Tomato,119.31,116.48,253.69,5.83,24.2,462.33,1.01
Langtang South,Lowland,Tomato,139.58,137.5,282.49,8.34,24.34,357.38,0.44
Langtang South,Lowland,Tomato,154.93,85.55,180.89,6.5,30.8,397.65,2.41
Langtang South,Lowland,Tomato,136.14,105.94,245.16,5.33,28.56,418.67,2.07
Langtang South,Lowland,Tomato,108.45,118.58,235.92,8.07,31.25,300.0,1.25
Langtang South,Lowland,Tomato,151.27,87.02,259.82,5.69,23.35,351.74,1.73
Langtang South,Lowland,Tomato,106.01,69.97,180.83,5.59,27.64,584.17,1.13
Langtang South,Lowland,Tomato,183.28,137.5,189.65,4.62,29.58,476.01,2.13
Langtang South,Lowland,Tomato,165.71,76.31,220.86,7.04,23.43,429.75,0.38
Langtang South,Lowland,Tomato,130.67,112.64,249.48,6.57,27.15,450.49,0.67
Langtang South,Lowland,Tomato,78.4,79.64,189.35,5.21,22.35,486.15,1.82
Langtang South,Lowland,Tomato,84.59,62.15,197.03,8.75,24.59,300.0,1.37
Langtang South,Lowland,Tomato,91.75,63.15,176.31,6.84,20.29,549.87,0.38
Langtang South,Lowland,Tomato,130.74,137.5,261.74,6.2,26.43,515.12,1.05
Langtang South,Lowland,Tomato,112.79,92.89,219.51,8.29,20.7,317.13,0.95
Langtang South,Lowland,Tomato,100.66,97.64,248.66,6.48,27.32,402.32,1.55
Langtang South,Lowland,Tomato,141.0,87.81,223.08,7.96,22.41,366.23,0.5
Langtang South,Lowland,Tomato,142.17,103.6,251.83,4.0,24.61,550.54,1.75
Langtang South,Lowland,Tomato,121.29,100.77,186.85,5.08,24.73,576.37,1.26
Langtang South,Lowland,Tomato,83.82,76.33,201.2,8.16,20.93,466.37,0.38
Langtang South,Lowland,Tomato,116.88,102.06,169.0,6.94,27.63,382.58,1.38
Langtang South,Lowland,Tomato,129.06,87.02,237.95,8.75,26.29,300.0,1.03
Langtang South,Lowland,Tomato,109.23,108.88,205.74,7.51,28.56,417.72,0.96
Langtang South,Lowland,Tomato,98.73,66.42,231.51,8.25,22.58,385.35,0.38
Langtang South,Lowland,Tomato,135.49,85.47,254.91,6.06,25.67,300.0,2.27
Langtang South,Lowland,Tomato,126.99,64.84,241.01,5.77,19.22,441.48,1.35
Langtang South,Lowland,Tomato,157.5,62.71,161.94,6.02,30.51,300.0,2.5
Langtang South,Lowland,Tomato,106.32,102.13,149.52,7.42,25.83,352.84,0.7
Langtang South,Lowland,Tomato,104.21,93.89,155.83,5.01,22.42,476.52,0.47
Langtang South,Lowland,Tomato,156.29,103.47,204.98,6.87,22.3,415.4,0.89
Langtang South,Lowland,Tomato,107.79,115.87,200.39,7.66,23.66,510.59,0.38
Langtang South,Lowland,Tomato,103.66,61.54,185.44,6.99,19.23,402.01,0.38
Langtang South,Lowland,Tomato,144.02,75.13,266.06,7.39,16.68,439.67,0.38
Langtang South,Lowland,Tomato,172.25,137.5,216.85,5.09,25.88,353.7,2.32
Langtang South,Lowland,Tomato,113.9,104.87,244.1,4.66,19.82,519.6,1.07
Langtang South,Lowland,Tomato,99.07,83.86,244.88,7.6,22.11,358.16,0.84
Langtang South,Lowland,Tomato,114.22,112.74,237.44,6.3,22.95,300.0,1.39
Langtang South,Lowland,Tomato,77.36,86.5,230.83,8.03,20.07,373.15,1.02
Langtang South,Lowland,Tomato,120.79,91.28,199.04,8.75,19.28,300.0,0.9
Langtang South,Lowland,Tomato,75.0,48.75,120.0,6.43,22.03,444.29,0.67
Langtang South,Lowland,Tomato,120.83,63.33,218.98,6.13,21.99,512.1,0.7
Langtang South,Lowland,Tomato,107.87,97.1,192.33,6.2,30.87,300.0,1.73
Langtang South,Lowland,Tomato,155.83,117.07,287.27,7.55,27.53,300.0,1.1
Langtang South,Lowland,Tomato,145.42,92.84,155.1,5.93,23.88,300.0,1.37
Langtang South,Lowland,Tomato,131.67,80.33,269.49,7.02,20.57,409.22,1.66
Langtang South,Lowland,Tomato,134.12,65.23,251.71,5.12,23.67,428.02,0.52
Langtang South,Lowland,Groundnut,23.91,36.0,50.0,5.81,23.71,528.81,1.28
Langtang South,Lowland,Groundnut,16.77,48.45,39.36,7.02,26.75,417.58,0.94
Langtang South,Lowland,Groundnut,23.34,39.34,50.0,6.84,26.31,375.0,1.31
Langtang South,Lowland,Groundnut,12.7,11.3,42.79,6.84,26.73,432.84,0.9
Langtang South,Lowland,Groundnut,20.96,26.45,37.52,6.54,29.66,511.49,1.03
Langtang South,Lowland,Groundnut,15.23,38.18,45.91,6.8,30.71,445.13,0.71
Langtang South,Lowland,Groundnut,15.37,11.25,43.28,6.97,31.9,426.81,0.92
Langtang South,Lowland,Groundnut,21.09,46.02,36.26,6.35,31.55,471.92,0.95
Langtang South,Lowland,Groundnut,10.19,42.88,32.14,6.78,34.59,375.0,1.19
Langtang South,Lowland,Groundnut,25.0,42.14,39.92,6.14,30.9,571.74,1.26
Langtang South,Lowland,Groundnut,20.99,29.4,41.38,7.54,28.6,375.0,0.98
Langtang South,Lowland,Groundnut,25.0,17.3,48.37,6.33,31.35,527.98,1.2
Langtang South,Lowland,Groundnut,25.0,26.35,47.65,8.08,31.58,375.0,1.13
Langtang South,Lowland,Groundnut,10.65,18.99,47.06,7.04,22.56,520.74,0.77
Langtang South,Lowland,Groundnut,25.0,35.18,37.55,6.04,27.16,576.67,0.59
Langtang South,Lowland,Groundnut,23.06,50.0,36.58,6.56,26.87,631.57,0.58
Langtang South,Lowland,Groundnut,23.78,42.52,24.93,6.92,31.9,404.32,1.1
Langtang South,Lowland,Groundnut,25.0,47.89,40.72,6.01,30.58,483.86,1.5
Langtang South,Lowland,Groundnut,23.59,49.23,41.35,5.96,25.4,564.38,1.01
Langtang South,Lowland,Groundnut,25.0,18.93,35.27,6.59,22.87,738.52,0.44
Langtang South,Lowland,Groundnut,16.24,33.78,41.03,6.49,33.01,574.14,0.98
Langtang South,Lowland,Groundnut,19.45,36.68,50.0,7.12,23.7,561.74,0.43
Langtang South,Lowland,Groundnut,19.68,41.22,50.0,6.88,23.49,463.86,1.14
Langtang South,Lowland,Groundnut,21.54,50.0,45.34,6.83,22.31,669.88,0.15
Langtang South,Lowland,Groundnut,22.49,43.28,37.74,6.18,33.49,375.0,1.5
Langtang South,Lowland,Groundnut,15.04,11.25,49.28,7.11,24.64,590.13,0.48
Langtang South,Lowland,Groundnut,25.0,49.62,47.59,6.51,25.13,491.51,1.23
Langtang South,Lowland,Groundnut,15.82,27.89,38.52,6.97,31.21,547.17,0.68
Langtang South,Lowland,Groundnut,21.15,29.15,39.13,6.52,27.6,423.36,1.19
Langtang South,Lowland,Groundnut,23.12,24.2,26.9,6.6,25.15,617.21,0.71
Langtang South,Lowland,Groundnut,15.94,43.81,38.37,7.51,23.26,445.29,1.25
Langtang South,Lowland,Groundnut,17.53,30.86,45.5,7.68,25.32,419.09,0.46
Langtang South,Lowland,Groundnut,23.25,16.95,47.63,7.11,26.87,568.12,0.45
Langtang South,Lowland,Groundnut,10.19,17.62,32.85,7.93,28.26,375.0,1.12
Langtang South,Lowland,Groundnut,19.4,38.98,46.64,6.73,23.79,442.31,0.99
Langtang South,Lowland,Groundnut,25.0,49.49,50.0,6.34,23.8,620.2,0.31
Langtang South,Lowland,Groundnut,21.32,34.95,21.46,7.21,24.23,375.78,0.96
Langtang South,Lowland,Groundnut,22.52,21.85,39.49,7.05,29.13,379.14,1.08
Langtang South,Lowland,Groundnut,13.05,15.84,49.22,6.29,26.54,525.81,1.48
Langtang South,Lowland,Groundnut,23.26,38.89,50.0,7.33,25.27,375.0,0.85
Langtang South,Lowland,Groundnut,18.89,46.03,31.08,6.47,28.8,563.77,1.09
Langtang South,Lowland,Groundnut,17.54,33.44,30.92,6.63,28.49,686.04,0.27
Langtang South,Lowland,Groundnut,11.38,21.58,35.14,7.41,35.0,413.06,0.73
Langtang South,Lowland,Groundnut,25.0,14.98,39.79,7.06,33.92,464.26,1.21
Langtang South,Lowland,Groundnut,22.25,36.86,32.37,6.47,29.35,598.84,1.0
Langtang South,Lowland,Groundnut,19.12,11.25,42.77,6.8,33.08,428.21,0.94
Langtang South,Lowland,Groundnut,25.0,50.0,40.92,7.35,24.38,466.32,0.88
Langtang South,Lowland,Groundnut,13.56,36.16,25.34,6.7,24.31,504.32,0.67
Langtang South,Lowland,Groundnut,25.0,50.0,36.38,7.28,28.78,375.0,1.19
Langtang South,Lowland,Groundnut,17.58,17.65,35.01,6.98,30.6,508.06,0.15
Langtang South,Lowland,Pepper,129.83,62.5,87.89,6.36,26.29,1293.11,0.46
Langtang South,Lowland,Pepper,120.16,59.55,110.42,5.38,30.94,951.3,2.5
Langtang South,Lowland,Pepper,212.5,56.78,116.12,6.63,24.51,504.09,2.18
Langtang South,Lowland,Pepper,143.84,52.27,68.88,8.03,25.88,450.0,2.03
Langtang South,Lowland,Pepper,95.64,18.84,115.53,6.53,33.75,450.0,1.74
Langtang South,Lowland,Pepper,124.92,36.6,59.17,6.43,24.44,450.0,1.98
Langtang South,Lowland,Pepper,148.65,42.7,106.94,7.97,24.97,450.0,1.65
Langtang South,Lowland,Pepper,104.6,26.84,82.57,6.37,22.19,1072.16,2.09
Langtang South,Lowland,Pepper,154.54,32.61,118.62,4.88,22.96,950.0,1.55
Langtang South,Lowland,Pepper,139.18,51.88,91.79,5.66,19.26,1170.54,0.89
Langtang South,Lowland,Pepper,114.5,23.46,73.32,8.15,27.29,886.67,0.47
Langtang South,Lowland,Pepper,132.52,62.5,54.66,6.89,26.37,893.07,0.45
Langtang South,Lowland,Pepper,114.84,46.98,69.52,6.15,26.48,796.81,2.14
Langtang South,Lowland,Pepper,155.1,56.18,125.0,4.96,33.75,616.45,2.5
Langtang South,Lowland,Pepper,75.0,29.24,50.2,6.69,31.06,1243.36,1.67
Langtang South,Lowland,Pepper,147.92,30.86,56.99,6.12,26.04,957.9,1.29
Langtang South,Lowland,Pepper,155.73,60.87,78.64,6.95,25.8,612.54,1.01
Langtang South,Lowland,Pepper,212.5,62.5,125.0,8.41,26.39,681.98,0.49
Langtang South,Lowland,Pepper,140.73,46.81,71.92,6.17,31.76,1169.84,1.71
Langtang South,Lowland,Pepper,172.18,18.75,109.23,8.07,26.9,450.0,0.45
Langtang South,Lowland,Pepper,75.0,29.79,53.07,6.34,23.07,1099.19,0.45
Langtang South,Lowland,Pepper,163.1,51.83,66.0,5.85,23.01,1218.74,1.87
Langtang South,Lowland,Pepper,137.0,34.24,70.01,6.74,31.9,913.03,0.45
Langtang South,Lowland,Pepper,156.8,36.77,70.95,6.13,29.37,1115.87,1.27
Langtang South,Lowland,Pepper,131.19,21.16,41.25,6.41,27.5,592.67,2.5
Langtang South,Lowland,Pepper,111.84,22.89,61.63,8.0,24.45,450.0,2.3
Langtang South,Lowland,Pepper,160.23,31.32,81.24,6.24,24.58,954.09,1.64
Langtang South,Lowland,Pepper,169.47,32.3,125.0,8.75,27.55,575.84,0.45
Langtang South,Lowland,Pepper,202.75,62.5,125.0,5.47,27.55,969.69,2.03
Langtang South,Lowland,Pepper,101.19,58.64,59.87,6.28,29.41,661.84,1.42
Langtang South,Lowland,Pepper,111.48,51.38,88.67,6.42,17.4,1562.5,0.45
Langtang South,Lowland,Pepper,141.78,50.65,104.79,6.18,31.11,450.0,2.28
Langtang South,Lowland,Pepper,159.54,30.12,55.14,7.76,22.25,770.45,0.45
Langtang South,Lowland,Pepper,175.65,60.15,93.41,4.96,27.73,1276.89,2.34
Langtang South,Lowland,Pepper,99.37,44.03,72.23,6.7,26.09,1196.85,1.7
Langtang South,Lowland,Pepper,167.68,37.69,122.29,7.36,18.19,450.0,1.81
Langtang South,Lowland,Pepper,129.31,33.21,63.76,5.7,23.22,858.99,1.15
Langtang South,Lowland,Pepper,131.51,42.44,72.95,6.74,24.89,825.37,0.45
Langtang South,Lowland,Pepper,174.42,56.6,99.57,6.41,15.44,1198.93,0.67
Langtang South,Lowland,Pepper,75.0,31.31,42.82,7.53,21.72,1106.04,0.45
Langtang South,Lowland,Pepper,118.62,35.52,71.38,5.66,24.4,1562.5,1.39
Langtang South,Lowland,Pepper,212.5,31.37,116.27,7.92,27.51,701.82,1.29
Langtang South,Lowland,Pepper,120.08,21.77,41.25,6.4,19.88,1485.13,0.7
Langtang South,Lowland,Pepper,141.59,40.79,93.3,5.68,31.96,813.95,1.87
Langtang South,Lowland,Pepper,119.21,62.5,100.3,7.87,27.45,730.0,0.98
Langtang South,Lowland,Pepper,91.8,36.28,71.89,6.73,33.75,450.0,2.23
Langtang South,Lowland,Pepper,144.35,49.32,100.33,7.59,27.36,450.0,1.64
Langtang South,Lowland,Pepper,116.81,54.44,90.13,5.78,28.99,791.8,2.5
Langtang South,Lowland,Pepper,76.78,28.01,72.33,5.58,23.65,1283.56,1.34
Langtang South,Lowland,Pepper,142.1,32.9,74.4,6.57,25.12,860.06,1.59
Langtang South,Lowland,Cabbage,162.76,61.17,147.19,6.3,16.25,461.41,0.95
Langtang South,Lowland,Cabbage,147.34,65.83,118.69,6.52,21.99,356.78,1.29
Langtang South,Lowland,Cabbage,89.16,37.5,90.12,6.98,11.45,348.04,0.71
Langtang South,Lowland,Cabbage,131.0,64.82,122.02,7.44,9.17,400.73,0.21
Langtang South,Lowland,Cabbage,132.91,80.02,152.0,6.7,14.37,341.05,1.03
Langtang South,Lowland,Cabbage,154.68,81.25,124.82,6.85,24.21,342.22,0.73
Langtang South,Lowland,Cabbage,126.5,59.63,94.17,6.95,12.61,409.5,0.92
Langtang South,Lowland,Cabbage,102.72,63.95,132.67,6.07,19.08,323.16,0.84
Langtang South,Lowland,Cabbage,132.25,76.85,158.0,8.0,26.38,319.13,0.34
Langtang South,Lowland,Cabbage,140.8,60.36,123.5,7.33,7.5,319.44,1.06
Langtang South,Lowland,Cabbage,168.45,74.97,127.5,8.3,28.83,285.0,0.91
Langtang South,Lowland,Cabbage,115.92,67.93,125.63,7.3,13.03,384.78,0.18
Langtang South,Lowland,Cabbage,177.49,53.33,126.5,6.2,18.73,434.24,0.86
Langtang South,Lowland,Cabbage,187.5,77.72,145.21,7.03,21.95,302.7,1.07
Langtang South,Lowland,Cabbage,94.15,52.82,102.28,6.66,28.17,289.9,1.12
Langtang South,Lowland,Cabbage,126.39,64.64,137.86,5.58,19.4,387.73,1.62
Langtang South,Lowland,Cabbage,86.81,66.86,106.31,6.84,24.8,446.98,0.65
Langtang South,Lowland,Cabbage,113.28,55.69,152.1,7.95,16.26,318.07,0.55
Langtang South,Lowland,Cabbage,75.0,42.97,112.12,6.53,13.45,428.04,1.12
Langtang South,Lowland,Cabbage,116.87,60.81,129.7,7.25,16.8,336.22,0.66
Langtang South,Lowland,Cabbage,75.0,45.36,134.08,6.22,30.0,387.19,1.6
Langtang South,Lowland,Cabbage,138.26,64.55,127.19,5.73,17.35,452.05,1.07
Langtang South,Lowland,Cabbage,152.35,67.54,159.04,7.68,17.86,285.0,0.88
Langtang South,Lowland,Cabbage,132.45,46.42,117.5,7.12,12.01,319.59,1.13
Langtang South,Lowland,Cabbage,150.27,76.08,136.7,7.36,21.41,285.0,1.01
Langtang South,Lowland,Cabbage,107.76,48.41,80.67,5.9,26.09,519.78,0.64
Langtang South,Lowland,Cabbage,157.1,63.11,139.93,6.79,19.43,332.15,1.06
Langtang South,Lowland,Cabbage,137.14,68.5,101.35,6.46,7.5,400.15,0.55
Langtang South,Lowland,Cabbage,123.57,68.29,106.89,7.52,8.94,312.85,0.89
Langtang South,Lowland,Cabbage,75.0,50.3,123.77,7.8,30.0,285.0,1.25
Langtang South,Lowland,Cabbage,169.89,62.83,123.35,6.52,13.2,416.87,0.62
Langtang South,Lowland,Cabbage,123.53,55.9,113.35,6.93,24.35,285.0,1.62
Langtang South,Lowland,Cabbage,187.5,81.25,125.68,7.33,22.95,285.0,0.75
Langtang South,Lowland,Cabbage,158.55,67.06,137.27,7.16,23.59,316.79,1.02
Langtang South,Lowland,Cabbage,78.87,40.09,110.41,6.99,22.81,407.56,0.29
Langtang South,Lowland,Cabbage,90.69,71.58,119.51,8.0,13.94,294.69,0.15
Langtang South,Lowland,Cabbage,135.37,64.14,110.17,7.12,30.0,298.49,1.12
Langtang South,Lowland,Cabbage,130.75,74.55,151.55,8.59,16.29,323.19,0.15
Langtang South,Lowland,Cabbage,124.12,60.76,114.6,7.0,15.48,285.0,1.21
Langtang South,Lowland,Cabbage,103.76,65.04,112.64,6.53,30.0,307.45,0.99
Langtang South,Lowland,Cabbage,118.24,66.91,91.61,6.84,19.46,335.15,0.65
Langtang South,Lowland,Cabbage,126.36,57.65,119.26,6.94,21.2,408.71,0.61
Langtang South,Lowland,Cabbage,136.96,77.68,110.61,6.97,25.4,285.0,0.92
Langtang South,Lowland,Cabbage,111.1,65.09,152.4,6.67,29.7,342.3,0.96
Langtang South,Lowland,Cabbage,89.45,51.44,107.31,6.78,26.44,295.54,1.41
Langtang South,Lowland,Cabbage,100.46,39.89,112.8,7.29,26.38,353.94,0.73
Langtang South,Lowland,Cabbage,129.61,63.17,112.09,5.92,30.0,367.84,1.33
Langtang South,Lowland,Cabbage,154.84,70.15,119.4,6.99,23.8,300.26,0.56
Langtang South,Lowland,Cabbage,170.42,62.31,142.73,6.63,21.23,285.4,1.62
Langtang South,Lowland,Cabbage,131.68,81.25,124.51,7.14,17.34,303.07,0.8
Langtang South,Lowland,Maize,149.71,57.03,110.76,6.22,25.52,639.13,1.82
Langtang South,Lowland,Maize,136.15,73.58,83.82,7.46,25.59,523.32,1.07
Langtang South,Lowland,Maize,156.91,72.31,67.9,5.67,31.79,898.3,1.38
Langtang South,Lowland,Maize,190.76,47.03,63.32,6.71,26.02,492.52,0.83
Langtang South,Lowland,Maize,184.31,71.46,111.19,6.2,19.17,440.16,1.83
Langtang South,Lowland,Maize,203.66,96.43,67.7,5.99,21.51,687.44,0.65
Langtang South,Lowland,Maize,195.43,100.0,121.99,5.58,23.12,515.47,0.74
Langtang South,Lowland,Maize,167.1,85.14,71.97,6.1,18.4,871.78,0.89
Langtang South,Lowland,Maize,130.59,57.12,73.51,5.26,28.35,761.75,1.56
Langtang South,Lowland,Maize,132.55,37.5,99.41,6.88,21.76,735.46,0.82
Langtang South,Lowland,Maize,163.0,58.25,87.64,7.42,27.16,527.42,1.19
Langtang South,Lowland,Maize,177.45,76.5,89.01,4.55,25.29,1000.0,1.22
Langtang South,Lowland,Maize,160.43,63.37,59.68,5.82,34.17,547.39,2.01
Langtang South,Lowland,Maize,201.25,69.1,83.99,8.2,28.02,554.47,1.19
Langtang South,Lowland,Maize,144.04,66.89,125.0,7.22,27.1,655.84,1.16
Langtang South,Lowland,Maize,170.94,78.51,58.96,6.19,28.14,674.42,0.86
Langtang South,Lowland,Maize,199.15,85.54,69.04,4.91,16.23,677.88,1.41
Langtang South,Lowland,Maize,193.44,72.14,71.87,9.32,31.24,751.12,0.3
Langtang South,Lowland,Maize,147.48,42.71,69.19,7.16,29.26,596.72,1.6
Langtang South,Lowland,Maize,196.13,59.2,110.49,7.88,32.87,375.0,2.5
Langtang South,Lowland,Maize,192.45,63.07,107.67,7.9,26.15,375.0,1.08
Langtang South,Lowland,Maize,154.65,89.81,109.01,7.94,23.31,732.15,0.92
Langtang South,Lowland,Maize,185.1,84.34,89.17,6.66,35.0,386.16,1.73
Langtang South,Lowland,Maize,191.29,48.08,89.29,6.85,29.48,570.39,0.58
Langtang South,Lowland,Maize,167.59,61.3,92.87,8.27,28.3,515.25,0.91
Langtang South,Lowland,Maize,170.55,79.56,96.23,7.58,26.5,513.94,1.81
Langtang South,Lowland,Maize,152.08,92.17,75.34,6.84,29.43,689.23,0.65
Langtang South,Lowland,Maize,170.15,47.52,77.19,6.66,28.82,543.02,1.66
Langtang South,Lowland,Maize,147.97,77.01,51.77,7.14,27.52,591.1,1.95
Langtang South,Lowland,Maize,214.65,72.87,99.01,7.44,27.53,493.67,1.68
Langtang South,Lowland,Maize,193.6,60.46,109.53,8.27,26.97,401.08,0.65
Langtang South,Lowland,Maize,148.58,53.41,49.25,7.3,18.26,876.03,0.3
Langtang South,Lowland,Maize,196.33,76.03,82.17,7.16,29.55,472.74,0.45
Langtang South,Lowland,Maize,219.61,80.27,68.14,8.57,20.01,684.82,0.3
Langtang South,Lowland,Maize,122.43,65.58,88.9,6.34,23.32,721.28,0.99
Langtang South,Lowland,Maize,167.24,55.6,45.0,7.37,26.31,484.23,1.79
Langtang South,Lowland,Maize,194.08,91.53,109.07,6.2,15.0,696.79,0.44
Langtang South,Lowland,Maize,174.91,53.64,66.47,6.92,30.29,430.37,1.77
Langtang South,Lowland,Maize,215.47,78.91,100.83,7.04,25.51,387.46,2.37
Langtang South,Lowland,Maize,174.59,71.79,69.71,8.03,27.8,413.2,2.12
Langtang South,Lowland,Maize,163.57,72.95,85.07,5.65,32.62,567.8,2.27
Langtang South,Lowland,Maize,206.16,86.62,99.78,8.26,28.1,498.72,0.87
Langtang South,Lowland,Maize,147.32,64.58,73.15,5.55,33.82,589.93,2.34
Langtang South,Lowland,Maize,201.77,90.21,125.0,6.49,22.01,557.23,0.55
Langtang South,Lowland,Maize,198.76,62.17,110.69,5.74,22.75,621.94,1.54
Langtang South,Lowland,Maize,187.01,77.13,97.17,7.57,25.47,705.48,0.31
Langtang South,Lowland,Maize,183.16,93.18,118.12,6.06,15.0,805.9,0.31
Langtang South,Lowland,Maize,165.91,75.65,94.9,7.44,27.61,561.76,0.75
Langtang South,Lowland,Maize,233.01,66.43,59.63,8.68,32.25,612.92,0.3
Langtang South,Lowland,Maize,160.06,72.25,78.8,6.51,30.18,669.13,0.63
Langtang South,Lowland,Wheat,93.14,39.96,48.67,8.56,19.19,401.34,0.7
Langtang South,Lowland,Wheat,150.52,35.41,50.83,7.13,16.93,576.1,1.72
Langtang South,Lowland,Wheat,95.74,45.28,62.5,6.73,25.0,442.14,2.36
Langtang South,Lowland,Wheat,100.09,44.42,44.01,7.21,18.38,607.45,0.77
Langtang South,Lowland,Wheat,144.25,47.2,53.45,7.09,11.25,604.88,1.22
Langtang South,Lowland,Wheat,103.61,40.31,32.7,6.25,24.06,538.02,2.1
Langtang South,Lowland,Wheat,131.74,39.56,36.04,6.28,25.0,513.59,1.42
Langtang South,Lowland,Wheat,141.7,43.68,30.72,6.17,21.62,478.13,2.25
Langtang South,Lowland,Wheat,127.64,39.38,25.27,5.03,19.38,390.97,3.12
Langtang South,Lowland,Wheat,135.36,49.53,28.28,9.53,16.59,361.53,0.6
Langtang South,Lowland,Wheat,152.76,43.19,59.91,9.62,16.53,471.79,0.6
Langtang South,Lowland,Wheat,126.74,51.94,49.55,6.69,16.0,436.66,1.88
Langtang South,Lowland,Wheat,143.02,47.07,62.5,7.68,18.4,394.55,1.81
Langtang South,Lowland,Wheat,152.22,48.18,57.96,6.11,18.02,467.07,2.24
Langtang South,Lowland,Wheat,141.79,49.97,23.65,6.84,18.88,337.5,2.41
Langtang South,Lowland,Wheat,119.87,40.75,40.47,7.77,15.65,367.23,1.04
Langtang South,Lowland,Wheat,127.02,44.8,28.58,8.69,21.91,457.16,1.23
Langtang South,Lowland,Wheat,117.08,44.36,31.89,4.76,20.99,812.5,1.18
Langtang South,Lowland,Wheat,101.08,43.82,37.69,8.43,24.06,337.5,3.12
Langtang South,Lowland,Wheat,102.36,31.08,22.49,7.6,23.17,494.69,1.83
Langtang South,Lowland,Wheat,154.58,42.47,47.25,8.42,17.73,360.14,1.83
Langtang South,Lowland,Wheat,125.66,50.3,55.51,7.67,18.39,478.41,0.6
Langtang South,Lowland,Wheat,80.87,45.3,62.5,9.2,18.88,444.28,0.6
Langtang South,Lowland,Wheat,164.52,55.14,61.32,8.45,24.36,337.5,3.12
Langtang South,Lowland,Wheat,99.33,45.1,27.06,6.24,19.01,536.45,2.34
Langtang South,Lowland,Wheat,122.33,37.8,18.75,6.97,21.72,471.34,1.33
Langtang South,Lowland,Wheat,75.0,27.31,28.3,6.83,17.4,720.69,1.07
Langtang South,Lowland,Wheat,99.81,47.9,56.54,6.32,15.69,495.24,2.74
Langtang South,Lowland,Wheat,101.53,45.69,29.13,7.74,20.5,707.52,0.6
Langtang South,Lowland,Wheat,113.23,55.56,39.82,6.68,22.52,337.5,3.12
Langtang South,Lowland,Wheat,182.1,48.95,62.5,8.05,22.14,337.5,1.92
Langtang South,Lowland,Wheat,166.59,55.46,50.59,6.45,22.14,435.75,2.68
Langtang South,Lowland,Wheat,75.0,39.46,30.73,7.07,21.16,526.24,0.86
Langtang South,Lowland,Wheat,121.17,43.64,38.63,7.4,18.01,459.09,1.3
Langtang South,Lowland,Wheat,184.35,52.6,40.98,8.01,23.66,344.41,1.92
Langtang South,Lowland,Wheat,137.57,41.73,18.75,6.17,13.5,641.01,1.27
Langtang South,Lowland,Wheat,91.57,28.33,26.99,7.09,21.28,631.8,0.65
Langtang South,Lowland,Wheat,76.08,52.44,37.17,7.15,19.61,651.88,0.6
Langtang South,Lowland,Wheat,187.5,52.32,36.4,8.19,17.36,337.5,1.04
Langtang South,Lowland,Wheat,137.8,44.96,50.19,8.39,22.44,510.05,0.83
Langtang South,Lowland,Wheat,150.96,38.2,48.15,6.73,19.94,563.81,1.67
Langtang South,Lowland,Wheat,159.97,47.02,62.5,7.08,18.64,372.32,2.15
Langtang South,Lowland,Wheat,114.06,56.25,38.97,8.18,21.61,576.98,0.65
Langtang South,Lowland,Wheat,160.7,54.85,48.99,7.9,22.99,462.92,1.71
Langtang South,Lowland,Wheat,142.38,43.72,29.45,6.63,18.68,613.86,1.08
Langtang South,Lowland,Wheat,104.01,44.48,51.19,7.43,15.52,500.05,1.33
Langtang South,Lowland,Wheat,137.55,40.63,46.95,8.98,16.43,586.85,0.6
Langtang South,Lowland,Wheat,137.63,43.9,62.16,7.43,20.71,337.5,3.07
Langtang South,Lowland,Wheat,135.92,47.63,45.16,5.76,23.42,529.73,2.41
Langtang South,Lowland,Wheat,123.3,56.25,49.51,8.66,25.0,337.5,2.15
Langtang South,Lowland,Pineapple,267.2,57.61,108.75,5.17,22.63,883.41,0.63
Langtang South,Lowland,Pineapple,269.89,81.25,189.92,3.75,27.03,851.75,1.02
Langtang South,Lowland,Pineapple,259.16,65.5,106.79,6.96,27.09,762.58,0.53
Langtang South,Lowland,Pineapple,240.13,65.94,135.77,5.95,27.94,597.21,0.65
Langtang South,Lowland,Pineapple,315.33,81.25,158.41,6.67,25.75,659.35,0.49
Langtang South,Lowland,Pineapple,304.84,70.64,198.7,6.05,23.55,633.71,0.81
Langtang South,Lowland,Pineapple,289.97,72.25,87.24,5.26,28.63,714.41,1.15
Langtang South,Lowland,Pineapple,293.39,48.66,223.24,7.28,27.24,702.2,0.63
Langtang South,Lowland,Pineapple,308.62,53.41,153.37,5.28,26.56,888.43,0.27
Langtang South,Lowland,Pineapple,252.56,62.96,180.59,6.33,25.19,963.5,0.08
Langtang South,Lowland,Pineapple,295.13,69.75,208.76,5.62,23.21,745.11,0.85
Langtang South,Lowland,Pineapple,208.61,58.96,82.5,6.22,26.25,628.47,0.58
Langtang South,Lowland,Pineapple,231.93,33.75,82.5,4.94,24.03,1127.57,0.96
Langtang South,Lowland,Pineapple,238.26,54.69,131.17,3.95,27.45,861.0,0.62
Langtang South,Lowland,Pineapple,274.71,62.98,207.64,4.28,26.95,994.48,0.75
Langtang South,Lowland,Pineapple,249.35,64.88,182.84,6.39,30.88,631.77,1.02
Langtang South,Lowland,Pineapple,318.18,65.99,82.5,4.62,28.81,746.84,1.12
Langtang South,Lowland,Pineapple,244.78,57.32,134.83,5.6,25.33,945.95,0.78
Langtang South,Lowland,Pineapple,193.44,51.97,142.08,7.97,29.2,525.0,0.21
Langtang South,Lowland,Pineapple,258.25,71.78,194.62,8.06,24.85,557.38,0.64
Langtang South,Lowland,Pineapple,283.21,58.41,263.35,5.73,30.53,601.25,0.89
Langtang South,Lowland,Pineapple,340.98,76.54,134.58,6.78,25.82,612.58,0.59
Langtang South,Lowland,Pineapple,240.63,52.48,223.48,4.82,22.6,941.86,0.26
Langtang South,Lowland,Pineapple,308.25,60.46,104.24,4.52,28.62,637.28,1.21
Langtang South,Lowland,Pineapple,255.5,33.75,245.62,7.26,24.5,647.92,1.05
Langtang South,Lowland,Pineapple,230.76,60.38,145.54,7.46,27.04,839.72,0.18
Langtang South,Lowland,Pineapple,222.31,45.2,101.59,4.26,31.82,741.87,1.03
Langtang South,Lowland,Pineapple,267.47,60.17,144.59,6.44,29.82,770.35,0.93
Langtang South,Lowland,Pineapple,228.97,48.83,207.54,4.98,30.42,645.02,0.95
Langtang South,Lowland,Pineapple,243.86,39.45,165.3,5.67,26.66,926.82,0.81
Langtang South,Lowland,Pineapple,375.0,81.25,275.0,6.78,25.49,525.0,0.59
Langtang South,Lowland,Pineapple,236.58,67.99,202.65,4.69,30.31,858.11,0.69
Langtang South,Lowland,Pineapple,241.57,73.95,196.54,6.62,21.28,744.47,0.83
Langtang South,Lowland,Pineapple,273.0,57.46,173.91,4.78,21.94,955.89,0.37
Langtang South,Lowland,Pineapple,210.95,47.79,133.91,6.81,24.14,805.4,0.24
Langtang South,Lowland,Pineapple,235.46,46.61,190.3,5.3,24.97,954.41,0.83
Langtang South,Lowland,Pineapple,329.22,47.03,137.56,5.62,30.69,961.02,0.16
Langtang South,Lowland,Pineapple,273.38,51.85,262.96,5.52,31.04,700.32,1.09
Langtang South,Lowland,Pineapple,192.67,61.73,194.01,7.53,23.86,733.12,0.71
Langtang South,Lowland,Pineapple,285.5,54.87,275.0,6.2,29.04,525.0,1.14
Langtang South,Lowland,Pineapple,268.21,69.8,87.27,4.19,27.54,732.95,1.16
Langtang South,Lowland,Pineapple,345.87,64.66,273.74,5.85,29.74,525.0,1.25
Langtang South,Lowland,Pineapple,241.0,54.19,82.5,4.96,27.13,995.09,0.38
Langtang South,Lowland,Pineapple,190.67,67.63,120.53,6.56,25.68,677.87,0.15
Langtang South,Lowland,Pineapple,261.68,52.79,192.74,5.58,30.06,740.22,0.89
Langtang South,Lowland,Pineapple,290.01,64.78,275.0,4.19,25.28,767.33,1.23
Langtang South,Lowland,Pineapple,230.19,37.39,93.47,6.42,24.61,822.14,0.97
Langtang South,Lowland,Pineapple,228.66,57.77,82.5,5.81,28.78,814.36,0.56
Langtang South,Lowland,Pineapple,205.54,50.22,176.24,5.65,26.01,971.3,0.54
Langtang South,Lowland,Pineapple,276.87,55.95,129.02,3.49,29.81,738.63,0.97
Langtang South,Lowland,Onion,112.76,45.29,82.44,6.4,20.78,336.61,2.06
Langtang South,Lowland,Onion,87.44,26.45,40.78,7.78,21.57,310.42,0.75
Langtang South,Lowland,Onion,98.13,43.59,79.25,6.17,15.82,429.06,1.78
Langtang South,Lowland,Onion,68.15,35.27,46.23,7.58,15.11,338.19,0.68
Langtang South,Lowland,Onion,94.42,30.57,65.2,6.45,19.12,448.14,1.2
Langtang South,Lowland,Onion,83.36,39.15,75.62,7.41,16.55,443.29,0.3
Langtang South,Lowland,Onion,66.29,25.11,64.12,7.18,20.89,614.79,0.3
Langtang South,Lowland,Onion,90.4,40.25,68.73,7.0,25.0,264.68,1.7
Langtang South,Lowland,Onion,115.14,43.84,100.0,6.78,25.0,262.5,2.23
Langtang South,Lowland,Onion,111.33,40.57,100.0,7.78,16.99,322.21,0.92
Langtang South,Lowland,Onion,74.1,44.02,78.16,7.03,14.78,430.02,1.06
Langtang South,Lowland,Onion,103.4,20.79,70.99,6.35,22.15,378.6,1.72
Langtang South,Lowland,Onion,119.44,47.94,100.0,8.25,19.07,262.5,0.88
Langtang South,Lowland,Onion,94.98,23.29,65.48,7.55,20.0,335.98,0.65
Langtang South,Lowland,Onion,68.31,38.91,45.4,5.99,23.7,447.98,1.12
Langtang South,Lowland,Onion,63.09,35.7,64.8,6.73,19.52,429.76,0.42
Langtang South,Lowland,Onion,95.68,48.49,51.16,7.29,17.63,345.25,0.3
Langtang South,Lowland,Onion,97.35,25.86,100.0,5.65,21.84,316.32,2.08
Langtang South,Lowland,Onion,60.62,35.65,70.29,7.02,25.0,262.5,1.41
Langtang South,Lowland,Onion,99.04,36.82,76.01,6.69,19.84,342.02,1.32
Langtang South,Lowland,Onion,76.71,39.42,67.98,7.81,19.91,298.57,1.1
Langtang South,Lowland,Onion,84.99,33.59,71.95,7.29,19.86,320.69,1.5
Langtang South,Lowland,Onion,80.7,56.25,52.77,7.54,20.83,262.5,2.11
Langtang South,Lowland,Onion,87.47,46.55,53.84,7.72,20.79,262.5,1.44
Langtang South,Lowland,Onion,96.02,56.25,80.38,6.95,20.87,314.47,1.51
Langtang South,Lowland,Onion,125.0,33.67,73.79,7.07,19.85,380.93,0.75
Langtang South,Lowland,Onion,76.15,47.65,71.63,6.73,17.82,325.94,0.85
Langtang South,Lowland,Onion,76.23,26.3,78.89,6.89,20.01,383.66,1.03
Langtang South,Lowland,Onion,86.12,28.87,72.74,7.34,24.15,401.79,1.03
Langtang South,Lowland,Onion,72.27,35.03,33.75,6.07,20.37,630.09,1.11
Langtang South,Lowland,Onion,94.78,51.36,79.84,6.91,23.04,262.5,1.92
Langtang South,Lowland,Onion,67.15,31.83,75.61,6.5,22.54,442.61,0.81
Langtang South,Lowland,Onion,80.55,49.81,78.17,7.13,17.82,278.77,0.89
Langtang South,Lowland,Onion,124.71,56.25,100.0,7.55,18.89,262.5,1.57
Langtang South,Lowland,Onion,83.19,34.61,100.0,7.19,23.74,377.23,1.59
Langtang South,Lowland,Onion,85.11,28.0,51.06,7.07,15.84,420.41,0.5
Langtang South,Lowland,Onion,86.03,56.25,75.98,6.46,22.87,262.5,1.98
Langtang South,Lowland,Onion,66.32,39.45,95.94,7.47,16.94,433.72,0.54
Langtang South,Lowland,Onion,97.97,47.57,70.59,7.76,15.17,262.5,0.78
Langtang South,Lowland,Onion,84.28,54.07,100.0,7.36,17.9,375.19,1.21
Langtang South,Lowland,Onion,76.93,42.33,55.62,7.84,23.52,297.52,0.81
Langtang South,Lowland,Onion,107.62,52.43,93.66,6.98,17.5,492.13,0.96
Langtang South,Lowland,Onion,107.79,51.19,96.99,7.3,19.06,307.14,1.09
Langtang South,Lowland,Onion,86.37,51.78,89.03,7.51,17.52,262.5,0.72
Langtang South,Lowland,Onion,81.32,29.7,34.04,5.66,21.44,470.42,1.98
Langtang South,Lowland,Onion,86.3,42.81,68.59,6.02,24.37,331.92,2.02
Langtang South,Lowland,Onion,45.0,21.67,50.75,6.64,23.04,368.26,1.44
Langtang South,Lowland,Onion,53.88,18.75,59.97,6.92,16.11,440.2,0.72
Langtang South,Lowland,Onion,84.38,34.72,95.3,7.14,25.0,292.94,1.35
Langtang South,Lowland,Onion,94.23,41.06,67.75,6.57,16.62,502.25,1.06
Kanam,Lowland,Irish-potato,149.21,75.0,218.32,5.4,18.08,308.29,1.73
Kanam,Lowland,Irish-potato,97.18,30.0,205.02,5.08,22.59,539.71,1.39
Kanam,Lowland,Irish-potato,105.94,68.76,155.31,5.23,15.77,687.65,0.22
Kanam,Lowland,Irish-potato,144.42,67.25,167.88,3.74,21.48,536.05,1.26
Kanam,Lowland,Irish-potato,150.0,75.0,170.92,5.19,21.48,300.0,1.42
Kanam,Lowland,Irish-potato,76.94,75.0,173.36,5.65,11.36,316.84,0.93
Kanam,Lowland,Irish-potato,81.55,75.0,134.66,5.62,20.7,300.0,1.13
Kanam,Lowland,Irish-potato,109.0,65.6,208.77,6.39,23.64,367.63,0.82
Kanam,Lowland,Irish-potato,87.84,71.27,122.91,5.57,24.5,416.36,1.21
Kanam,Lowland,Irish-potato,68.01,61.63,159.83,4.96,19.37,651.43,1.14
Kanam,Lowland,Irish-potato,113.54,69.97,157.85,3.0,22.22,610.73,1.12
Kanam,Lowland,Irish-potato,92.58,73.2,96.88,5.35,17.98,300.0,1.28
Kanam,Lowland,Irish-potato,81.65,48.33,138.07,6.7,14.28,302.5,0.22
Kanam,Lowland,Irish-potato,137.86,51.66,225.0,6.16,19.81,453.06,1.11
Kanam,Lowland,Irish-potato,115.01,42.99,165.94,4.54,16.64,477.85,1.12
Kanam,Lowland,Irish-potato,149.1,72.67,144.42,6.32,17.09,300.0,1.28
Kanam,Lowland,Irish-potato,93.41,75.0,162.78,5.1,13.65,707.89,0.4
Kanam,Lowland,Irish-potato,124.21,64.11,193.13,4.58,14.23,346.72,1.78
Kanam,Lowland,Irish-potato,108.75,31.03,103.68,4.87,21.41,618.88,0.72
Kanam,Lowland,Irish-potato,75.96,43.81,148.46,5.53,20.64,343.66,1.3
Kanam,Lowland,Irish-potato,112.15,74.32,181.99,5.2,18.38,697.31,0.58
Kanam,Lowland,Irish-potato,80.55,42.91,135.72,4.92,17.52,470.97,0.72
Kanam,Lowland,Irish-potato,115.93,53.05,153.96,5.95,15.66,426.0,0.61
Kanam,Lowland,Irish-potato,145.03,63.71,162.22,4.16,23.76,491.94,1.65
Kanam,Lowland,Irish-potato,101.77,50.31,214.33,6.66,20.15,300.0,1.51
Kanam,Lowland,Irish-potato,80.3,66.27,186.16,4.16,20.33,480.69,0.96
Kanam,Lowland,Irish-potato,150.0,63.84,167.09,5.47,16.15,393.33,0.58
Kanam,Lowland,Irish-potato,124.31,67.33,121.72,5.92,21.33,340.22,0.95
Kanam,Lowland,Irish-potato,92.32,42.21,90.0,5.06,20.91,417.56,1.35
Kanam,Lowland,Irish-potato,123.1,54.28,167.47,6.7,14.38,375.49,0.58
Kanam,Lowland,Irish-potato,150.0,75.0,143.22,6.23,19.02,300.0,1.59
Kanam,Lowland,Irish-potato,120.33,75.0,195.96,5.35,17.74,466.37,0.96
Kanam,Lowland,Irish-potato,126.62,63.04,184.83,5.53,17.79,300.0,1.0
Kanam,Lowland,Irish-potato,150.0,49.06,162.76,4.7,22.42,415.55,1.88
Kanam,Lowland,Irish-potato,137.63,75.0,141.76,5.69,20.13,300.0,1.67
Kanam,Lowland,Irish-potato,60.0,30.0,144.11,6.25,17.91,300.0,1.4
Kanam,Lowland,Irish-potato,129.7,61.13,169.82,5.87,21.94,300.0,1.41
Kanam,Lowland,Irish-potato,102.75,42.93,168.6,6.06,13.82,300.0,1.3
Kanam,Lowland,Irish-potato,124.78,63.28,220.06,4.64,23.94,366.68,1.76
Kanam,Lowland,Irish-potato,99.46,58.86,122.25,3.53,11.91,572.51,1.36
Kanam,Lowland,Irish-potato,104.81,63.48,195.49,5.83,14.5,585.1,0.9
Kanam,Lowland,Irish-potato,91.05,38.81,125.92,4.18,25.0,561.02,1.69
Kanam,Lowland,Irish-potato,133.77,75.0,159.67,4.41,23.66,300.0,1.88
Kanam,Lowland,Irish-potato,101.53,36.58,94.44,4.24,24.42,565.96,0.4
Kanam,Lowland,Irish-potato,121.94,65.91,221.26,5.85,19.81,300.0,1.65
Kanam,Lowland,Irish-potato,112.33,61.65,218.18,5.95,17.58,461.98,1.05
Kanam,Lowland,Irish-potato,128.21,31.36,203.99,4.58,16.71,530.1,1.08
Kanam,Lowland,Irish-potato,92.57,53.91,92.86,3.66,18.58,338.8,1.88
Kanam,Lowland,Irish-potato,150.0,75.0,198.31,5.81,16.99,300.0,0.43
Kanam,Lowland,Irish-potato,150.0,57.2,160.43,4.87,19.92,300.0,1.72
Kanam,Lowland,Tomato,132.79,68.46,247.76,8.42,23.5,300.0,1.38
Kanam,Lowland,Tomato,110.98,57.35,189.57,5.67,29.93,409.73,2.48
Kanam,Lowland,Tomato,111.28,48.75,186.77,6.88,20.44,313.48,1.47
Kanam,Lowland,Tomato,187.5,137.5,210.02,7.6,18.36,442.13,1.18
Kanam,Lowland,Tomato,114.56,102.13,173.73,5.15,26.25,632.46,1.69
Kanam,Lowland,Tomato,101.68,63.57,132.18,6.68,25.2,322.94,0.68
Kanam,Lowland,Tomato,149.34,87.29,214.73,7.1,22.45,326.59,0.95
Kanam,Lowland,Tomato,129.65,107.21,264.87,4.46,19.2,587.57,1.27
Kanam,Lowland,Tomato,144.11,137.5,175.96,6.12,21.08,426.05,1.01
Kanam,Lowland,Tomato,168.05,62.17,171.44,6.33,23.87,433.93,1.33
Kanam,Lowland,Tomato,138.88,94.77,210.84,6.85,24.38,464.57,1.14
Kanam,Lowland,Tomato,130.71,101.01,191.39,7.24,18.94,363.38,1.3
Kanam,Lowland,Tomato,138.61,137.5,300.0,5.25,25.44,329.94,1.8
Kanam,Lowland,Tomato,122.67,86.6,179.58,7.59,24.55,300.0,2.36
Kanam,Lowland,Tomato,151.71,68.68,296.74,6.23,26.17,513.49,0.61
Kanam,Lowland,Tomato,117.57,105.71,247.12,7.49,23.8,354.19,0.78
Kanam,Lowland,Tomato,137.18,113.61,146.01,7.65,31.17,300.0,2.13
Kanam,Lowland,Tomato,159.33,137.5,300.0,6.88,24.48,300.0,1.3
Kanam,Lowland,Tomato,126.11,102.17,136.62,8.35,16.81,328.29,0.38
Kanam,Lowland,Tomato,187.5,137.5,264.04,5.99,26.84,397.48,1.78
Kanam,Lowland,Tomato,164.62,53.1,286.34,4.62,29.92,369.99,2.37
Kanam,Lowland,Tomato,151.65,87.12,178.53,6.16,29.97,489.84,0.69
Kanam,Lowland,Tomato,119.9,82.14,293.89,5.47,31.25,428.04,1.46
Kanam,Lowland,Tomato,187.5,137.5,300.0,8.44,25.92,316.89,0.39
Kanam,Lowland,Tomato,110.67,72.86,191.01,5.65,24.78,601.62,1.28
Kanam,Lowland,Tomato,140.53,106.63,207.71,7.22,27.82,360.48,1.64
Kanam,Lowland,Tomato,139.12,113.33,260.28,7.08,20.05,497.45,1.6
Kanam,Lowland,Tomato,102.01,66.91,172.99,7.57,22.51,417.68,0.77
Kanam,Lowland,Tomato,147.61,51.53,226.18,5.41,27.88,523.39,1.27
Kanam,Lowland,Tomato,137.74,85.41,196.11,6.03,31.25,300.0,2.11
Kanam,Lowland,Tomato,139.09,94.87,147.99,7.53,22.49,300.0,1.44
Kanam,Lowland,Tomato,126.92,118.45,254.21,5.62,28.2,383.3,2.1
Kanam,Lowland,Tomato,130.72,132.66,272.54,6.35,24.14,347.22,2.5
Kanam,Lowland,Tomato,105.9,101.49,197.8,6.66,30.62,300.0,1.58
Kanam,Lowland,Tomato,127.47,107.26,251.03,6.32,31.25,331.46,2.11
Kanam,Lowland,Tomato,168.51,121.23,193.64,5.58,19.99,306.26,2.5
Kanam,Lowland,Tomato,161.48,108.02,285.99,6.68,19.39,300.0,1.2
Kanam,Lowland,Tomato,117.88,77.13,241.28,8.07,30.23,327.81,0.74
Kanam,Lowland,Tomato,147.66,76.35,191.6,6.3,20.71,445.44,1.26
Kanam,Lowland,Tomato,116.45,48.75,244.09,7.98,23.23,413.88,1.42
Kanam,Lowland,Tomato,169.98,115.64,215.74,7.79,19.83,332.74,1.75
Kanam,Lowland,Tomato,75.0,68.98,193.28,7.46,25.11,300.07,1.33
Kanam,Lowland,Tomato,141.79,88.12,279.73,5.02,26.71,410.71,2.09
Kanam,Lowland,Tomato,91.41,111.26,196.71,7.24,19.27,480.82,0.38
Kanam,Lowland,Tomato,162.06,114.97,209.14,5.72,24.92,383.57,2.11
Kanam,Lowland,Tomato,148.19,101.69,283.67,6.57,29.96,320.31,1.86
Kanam,Lowland,Tomato,120.7,85.97,300.0,8.75,23.52,300.0,0.55
Kanam,Lowland,Tomato,146.25,83.68,275.72,7.55,26.58,386.07,0.38
Kanam,Lowland,Tomato,101.33,63.74,146.34,4.55,24.18,650.21,0.79
Kanam,Lowland,Tomato,176.08,107.89,185.34,7.29,20.35,335.26,0.88
Kanam,Lowland,Groundnut,25.0,43.58,49.11,6.97,32.7,375.0,1.5
Kanam,Lowland,Groundnut,25.0,45.02,50.0,6.88,26.28,653.5,0.58
Kanam,Lowland,Groundnut,25.0,22.86,44.98,7.44,26.62,498.28,0.6
Kanam,Lowland,Groundnut,25.0,50.0,50.0,7.72,27.97,448.17,1.25
Kanam,Lowland,Groundnut,25.0,50.0,43.13,6.91,29.26,391.88,1.33
Kanam,Lowland,Groundnut,25.0,50.0,50.0,7.13,29.81,375.0,1.29
Kanam,Lowland,Groundnut,25.0,49.8,50.0,7.31,31.02,375.0,1.33
Kanam,Lowland,Groundnut,25.0,27.3,50.0,6.02,26.81,621.91,1.06
Kanam,Lowland,Groundnut,25.0,35.66,50.0,7.01,29.88,375.0,1.34
Kanam,Lowland,Groundnut,24.33,28.96,40.08,7.34,31.62,557.55,0.96
Kanam,Lowland,Groundnut,24.04,50.0,35.67,6.18,24.18,577.99,1.06
Kanam,Lowland,Groundnut,25.0,49.44,50.0,8.1,32.46,410.69,0.87
Kanam,Lowland,Groundnut,25.0,11.25,50.0,6.9,23.83,566.99,0.84
Kanam,Lowland,Groundnut,24.92,46.57,44.39,6.55,32.37,592.29,0.4
Kanam,Lowland,Groundnut,25.0,50.0,50.0,6.8,27.7,510.61,1.07
Kanam,Lowland,Groundnut,25.0,13.31,38.27,7.08,25.17,464.99,1.5
Kanam,Lowland,Groundnut,25.0,36.03,50.0,6.49,30.17,519.42,1.01
Kanam,Lowland,Groundnut,25.0,30.48,46.31,6.86,25.89,508.31,0.3
Kanam,Lowland,Groundnut,25.0,24.09,33.0,7.77,26.99,384.65,0.82
Kanam,Lowland,Groundnut,25.0,28.32,44.39,6.28,22.92,643.75,1.07
Kanam,Lowland,Groundnut,25.0,44.83,45.78,7.76,31.08,507.85,0.95
Kanam,Lowland,Groundnut,25.0,32.35,45.21,8.33,27.06,415.86,0.9
Kanam,Lowland,Groundnut,25.0,40.08,50.0,7.44,27.63,455.01,0.78
Kanam,Lowland,Groundnut,25.0,50.0,50.0,7.15,25.77,512.95,0.46
Kanam,Lowland,Groundnut,25.0,29.18,22.19,7.08,31.49,492.86,0.67
Kanam,Lowland,Groundnut,25.0,41.34,50.0,7.0,32.9,402.09,0.84
Kanam,Lowland,Groundnut,25.0,50.0,44.59,7.76,32.23,539.11,0.35
Kanam,Lowland,Groundnut,25.0,29.5,49.09,8.34,31.5,527.8,0.49
Kanam,Lowland,Groundnut,25.0,12.89,50.0,7.04,24.44,649.86,0.66
Kanam,Lowland,Groundnut,25.0,50.0,50.0,6.66,28.13,417.05,1.47
Kanam,Lowland,Groundnut,25.0,23.22,36.83,6.61,16.67,686.72,0.15
Kanam,Lowland,Groundnut,25.0,50.0,42.63,7.39,28.2,531.61,0.75
Kanam,Lowland,Groundnut,25.0,28.29,38.47,7.32,30.1,424.93,1.06
Kanam,Lowland,Groundnut,25.0,21.91,44.33,7.3,26.18,486.64,0.73
Kanam,Lowland,Groundnut,25.0,34.63,47.21,7.16,27.2,621.3,0.96
Kanam,Lowland,Groundnut,25.0,37.62,49.08,7.13,27.21,583.67,0.28
Kanam,Lowland,Groundnut,25.0,39.81,50.0,6.27,29.31,407.16,1.45
Kanam,Lowland,Groundnut,25.0,41.85,44.31,8.11,25.74,516.49,0.53
Kanam,Lowland,Groundnut,25.0,47.32,47.47,7.82,25.39,382.22,1.32
Kanam,Lowland,Groundnut,21.88,16.69,33.92,6.78,32.97,507.2,1.03
Kanam,Lowland,Groundnut,24.45,36.61,50.0,7.23,25.03,684.22,0.52
Kanam,Lowland,Groundnut,25.0,49.02,43.15,5.86,32.25,567.91,1.17
Kanam,Lowland,Groundnut,25.0,31.0,42.54,6.04,30.78,558.92,1.5
Kanam,Lowland,Groundnut,25.0,50.0,50.0,6.41,33.57,556.1,0.93
Kanam,Lowland,Groundnut,25.0,50.0,50.0,7.11,27.28,399.43,1.17
Kanam,Lowland,Groundnut,25.0,22.35,50.0,6.91,24.2,579.55,0.4
Kanam,Lowland,Groundnut,25.0,31.3,49.87,5.89,24.12,528.12,1.42
Kanam,Lowland,Groundnut,25.0,47.27,50.0,6.82,23.43,539.28,1.37
Kanam,Lowland,Groundnut,25.0,50.0,45.3,8.75,29.22,375.0,0.15
Kanam,Lowland,Groundnut,25.0,48.81,46.91,6.67,22.46,539.46,0.95
Kanam,Lowland,Pepper,126.27,43.83,84.93,7.46,33.75,636.69,1.93
Kanam,Lowland,Pepper,154.29,42.73,87.26,6.76,24.68,450.0,1.91
Kanam,Lowland,Pepper,202.05,62.5,96.22,7.58,32.62,450.0,0.99
Kanam,Lowland,Pepper,113.47,62.5,98.36,6.42,29.77,450.0,1.52
Kanam,Lowland,Pepper,196.54,59.77,116.61,6.52,26.11,1188.03,1.64
Kanam,Lowland,Pepper,179.69,48.46,92.65,6.5,28.79,810.15,1.52
Kanam,Lowland,Pepper,131.85,34.78,78.07,8.12,24.25,495.84,1.62
Kanam,Lowland,Pepper,117.06,38.98,84.97,6.0,24.62,711.16,1.47
Kanam,Lowland,Pepper,139.93,57.63,83.55,8.75,26.36,450.0,2.25
Kanam,Lowland,Pepper,115.94,47.96,75.25,5.9,30.11,1321.51,1.09
Kanam,Lowland,Pepper,212.5,62.5,111.72,6.94,23.51,522.75,1.99
Kanam,Lowland,Pepper,87.9,30.65,95.37,6.22,21.84,1562.5,0.45
Kanam,Lowland,Pepper,113.64,31.07,104.93,6.04,23.59,996.11,2.42
Kanam,Lowland,Pepper,83.47,18.75,98.62,6.63,31.03,763.2,1.75
Kanam,Lowland,Pepper,75.0,20.4,65.28,6.13,28.42,678.98,2.05
Kanam,Lowland,Pepper,123.3,18.75,102.43,6.76,22.37,921.35,1.21
Kanam,Lowland,Pepper,212.5,47.18,72.41,5.82,25.67,860.85,1.9
Kanam,Lowland,Pepper,168.17,45.14,99.41,6.67,33.75,450.0,1.0
Kanam,Lowland,Pepper,139.18,60.12,67.4,7.49,29.18,450.0,2.25
Kanam,Lowland,Pepper,128.6,61.14,86.73,4.97,22.19,1404.53,2.49
Kanam,Lowland,Pepper,132.23,50.86,102.47,6.86,24.41,891.05,1.88
Kanam,Lowland,Pepper,113.79,55.42,101.11,5.59,28.26,1189.3,0.87
Kanam,Lowland,Pepper,101.08,42.65,58.81,6.19,29.53,821.01,2.19
Kanam,Lowland,Pepper,176.91,55.88,100.92,5.81,21.67,732.22,1.64
Kanam,Lowland,Pepper,108.38,57.14,75.73,7.75,22.81,450.0,2.5
Kanam,Lowland,Pepper,100.66,25.58,111.98,6.15,21.54,734.7,2.5
Kanam,Lowland,Pepper,190.96,62.5,120.96,6.38,29.35,788.93,1.89
Kanam,Lowland,Pepper,170.85,53.41,125.0,7.51,23.45,741.35,0.92
Kanam,Lowland,Pepper,81.34,38.97,100.55,6.41,16.0,1408.44,0.63
Kanam,Lowland,Pepper,110.75,40.44,53.23,5.34,20.89,1237.98,1.84
Kanam,Lowland,Pepper,126.1,18.75,41.25,6.86,29.23,670.36,1.42
Kanam,Lowland,Pepper,189.72,45.84,120.16,8.44,23.08,870.97,1.14
Kanam,Lowland,Pepper,187.56,62.5,125.0,7.16,31.05,450.0,0.78
Kanam,Lowland,Pepper,159.95,36.73,41.97,7.48,28.37,873.68,1.04
Kanam,Lowland,Pepper,171.06,25.27,99.43,8.07,26.97,995.56,1.02
Kanam,Lowland,Pepper,212.5,62.5,105.26,5.32,21.96,946.01,2.25
Kanam,Lowland,Pepper,181.93,28.48,125.0,6.18,21.91,1237.08,2.08
Kanam,Lowland,Pepper,126.88,59.7,68.27,6.01,18.91,623.95,1.54
Kanam,Lowland,Pepper,168.01,62.5,63.08,7.51,13.5,900.96,0.82
Kanam,Lowland,Pepper,146.12,51.58,90.62,5.83,27.53,1351.2,1.43
Kanam,Lowland,Pepper,176.88,61.53,89.0,6.4,27.26,632.38,2.25
Kanam,Lowland,Pepper,166.26,37.82,91.31,7.36,31.2,450.0,1.59
Kanam,Lowland,Pepper,147.38,32.9,79.8,8.2,27.48,579.74,1.36
Kanam,Lowland,Pepper,137.48,51.27,119.02,6.1,30.96,885.47,1.87
Kanam,Lowland,Pepper,212.5,60.8,95.43,7.15,25.47,629.64,0.79
Kanam,Lowland,Pepper,172.4,55.86,94.71,7.99,29.82,623.89,1.12
Kanam,Lowland,Pepper,108.4,34.5,76.56,6.75,28.62,521.57,1.68
Kanam,Lowland,Pepper,162.32,62.5,84.53,6.04,29.49,450.0,2.5
Kanam,Lowland,Pepper,161.59,35.41,105.32,5.97,19.86,1408.55,0.63
Kanam,Lowland,Pepper,75.0,18.75,87.55,6.51,26.98,1260.89,1.35
Kanam,Lowland,Cabbage,144.87,57.82,160.55,7.82,11.82,285.0,0.96
Kanam,Lowland,Cabbage,117.32,61.19,117.3,6.34,28.81,328.36,0.63
Kanam,Lowland,Cabbage,169.01,74.2,143.74,6.11,30.0,391.48,1.44
Kanam,Lowland,Cabbage,147.9,67.01,159.58,6.16,11.58,445.18,0.74
Kanam,Lowland,Cabbage,165.38,61.06,133.41,7.55,17.2,285.0,0.79
Kanam,Lowland,Cabbage,129.94,53.73,121.18,6.89,13.92,422.63,1.13
Kanam,Lowland,Cabbage,154.89,69.05,138.05,6.36,25.35,381.21,1.39
Kanam,Lowland,Cabbage,100.46,61.62,111.56,7.04,21.09,361.64,1.06
Kanam,Lowland,Cabbage,146.18,63.04,141.55,6.32,25.84,437.98,0.96
Kanam,Lowland,Cabbage,152.8,77.02,119.15,7.28,30.0,285.0,1.32
Kanam,Lowland,Cabbage,166.63,57.03,135.9,7.67,22.36,285.0,1.62
Kanam,Lowland,Cabbage,111.74,62.26,103.29,7.42,18.93,285.0,1.62
Kanam,Lowland,Cabbage,160.92,75.26,145.25,8.46,30.0,332.83,0.66
Kanam,Lowland,Cabbage,131.52,81.25,147.3,6.76,13.79,359.59,0.86
Kanam,Lowland,Cabbage,159.53,67.53,143.6,6.76,22.71,406.58,0.8
Kanam,Lowland,Cabbage,139.89,69.39,124.04,7.53,27.19,285.0,1.58
Kanam,Lowland,Cabbage,100.05,60.16,118.76,8.75,18.45,285.0,0.94
Kanam,Lowland,Cabbage,89.15,49.53,145.59,5.64,9.84,466.53,0.88
Kanam,Lowland,Cabbage,83.85,64.0,109.88,6.37,7.5,404.47,0.97
Kanam,Lowland,Cabbage,120.06,57.26,139.01,8.42,16.36,285.0,0.94
Kanam,Lowland,Cabbage,149.57,78.73,124.93,8.09,23.44,326.23,0.86
Kanam,Lowland,Cabbage,125.61,70.6,133.85,7.08,11.41,311.91,1.01
Kanam,Lowland,Cabbage,172.38,58.22,123.76,7.1,21.17,363.97,1.02
Kanam,Lowland,Cabbage,103.28,67.39,83.49,6.56,18.87,444.71,0.91
Kanam,Lowland,Cabbage,158.94,74.84,115.98,7.56,27.12,331.27,0.91
Kanam,Lowland,Cabbage,147.08,53.77,133.53,5.97,26.95,553.82,1.41
Kanam,Lowland,Cabbage,154.4,72.42,143.9,7.69,7.5,285.0,0.6
Kanam,Lowland,Cabbage,119.12,67.95,122.46,6.86,15.37,305.48,1.27
Kanam,Lowland,Cabbage,114.89,58.98,126.44,7.23,30.0,320.57,0.93
Kanam,Lowland,Cabbage,137.24,66.03,151.4,7.79,17.34,323.62,0.56
Kanam,Lowland,Cabbage,167.81,55.48,144.07,6.68,12.86,383.16,1.07
Kanam,Lowland,Cabbage,124.86,66.92,107.86,7.52,11.1,301.01,0.61
Kanam,Lowland,Cabbage,116.9,60.89,118.61,6.86,20.6,325.68,1.22
Kanam,Lowland,Cabbage,159.38,59.77,125.45,6.53,18.54,386.12,1.34
Kanam,Lowland,Cabbage,187.5,64.09,134.85,7.01,29.52,429.95,1.21
Kanam,Lowland,Cabbage,167.47,72.21,137.68,7.85,12.68,285.0,0.94
Kanam,Lowland,Cabbage,97.91,69.71,97.43,6.42,25.55,354.04,1.16
Kanam,Lowland,Cabbage,176.32,75.58,131.17,7.19,17.19,319.86,1.1
Kanam,Lowland,Cabbage,138.91,78.54,139.92,6.94,7.82,387.1,0.55
Kanam,Lowland,Cabbage,121.46,74.56,105.75,6.83,15.09,340.95,1.55
Kanam,Lowland,Cabbage,103.3,60.25,142.5,6.38,30.0,285.0,1.62
Kanam,Lowland,Cabbage,139.29,78.16,154.65,6.86,8.11,318.99,1.32
Kanam,Lowland,Cabbage,133.26,61.39,146.77,7.48,18.57,285.0,1.62
Kanam,Lowland,Cabbage,147.99,78.73,131.36,7.25,15.7,330.18,0.83
Kanam,Lowland,Cabbage,175.35,76.64,159.7,6.37,30.0,364.95,1.39
Kanam,Lowland,Cabbage,96.88,58.08,118.96,7.0,23.56,345.95,1.04
Kanam,Lowland,Cabbage,151.68,68.6,151.12,7.72,16.63,391.89,0.43
Kanam,Lowland,Cabbage,125.5,59.75,157.87,7.65,30.0,285.0,1.21
Kanam,Lowland,Cabbage,110.07,78.32,123.5,6.87,18.85,376.1,1.21
Kanam,Lowland,Cabbage,135.24,46.94,112.51,6.12,20.62,417.1,1.11
Kanam,Lowland,Maize,184.45,49.12,76.08,6.45,24.48,717.51,0.65
Kanam,Lowland,Maize,191.31,70.77,89.91,6.55,23.25,497.69,1.64
Kanam,Lowland,Maize,209.59,69.76,56.72,7.06,29.84,400.83,2.17
Kanam,Lowland,Maize,160.19,41.45,68.8,5.52,25.77,650.02,2.42
Kanam,Lowland,Maize,191.41,48.76,45.0,6.05,30.1,709.72,1.38
Kanam,Lowland,Maize,162.86,67.31,45.0,7.08,19.91,909.15,0.3
Kanam,Lowland,Maize,144.09,63.56,91.8,7.1,22.69,478.34,2.49
Kanam,Lowland,Maize,191.34,84.86,120.37,8.91,31.66,551.5,1.55
Kanam,Lowland,Maize,112.77,58.39,69.92,7.65,31.23,554.83,1.55
Kanam,Lowland,Maize,182.05,49.02,59.68,7.04,31.29,647.52,1.32
Kanam,Lowland,Maize,152.04,45.17,66.04,4.69,24.83,1000.0,1.0
Kanam,Lowland,Maize,209.98,86.89,108.1,7.07,32.76,546.17,0.85
Kanam,Lowland,Maize,244.13,68.05,106.25,5.71,35.0,375.0,2.43
Kanam,Lowland,Maize,182.2,87.27,75.02,7.1,34.02,680.42,1.27
Kanam,Lowland,Maize,203.42,88.43,102.0,8.04,23.97,894.11,0.5
Kanam,Lowland,Maize,165.51,64.19,86.29,7.15,22.31,552.79,1.27
Kanam,Lowland,Maize,198.02,93.82,123.29,5.76,22.08,412.04,1.62
Kanam,Lowland,Maize,211.74,74.44,75.33,7.24,26.57,619.43,0.33
Kanam,Lowland,Maize,179.12,78.07,79.14,5.99,26.61,682.64,1.9
Kanam,Lowland,Maize,202.74,82.46,125.0,8.03,24.42,375.0,1.16
Kanam,Lowland,Maize,146.64,44.91,45.0,7.15,27.12,487.58,1.08
Kanam,Lowland,Maize,201.61,93.24,124.42,7.53,28.56,375.0,1.4
Kanam,Lowland,Maize,192.99,85.99,91.0,7.7,23.12,636.97,1.43
Kanam,Lowland,Maize,204.19,64.91,90.11,5.76,23.25,510.56,2.37
Kanam,Lowland,Maize,210.21,58.67,109.89,7.55,33.26,538.99,1.34
Kanam,Lowland,Maize,223.99,85.88,74.65,8.99,26.43,404.75,0.31
Kanam,Lowland,Maize,142.69,61.4,61.78,9.15,24.27,710.68,0.3
Kanam,Lowland,Maize,153.21,81.54,124.83,8.3,28.71,375.0,1.15
Kanam,Lowland,Maize,181.14,58.69,109.86,6.11,24.65,708.32,0.92
Kanam,Lowland,Maize,219.06,100.0,125.0,8.39,33.75,375.0,2.5
Kanam,Lowland,Maize,154.3,63.17,93.44,8.5,18.9,737.12,0.56
Kanam,Lowland,Maize,194.49,73.25,89.59,8.03,18.74,375.08,0.41
Kanam,Lowland,Maize,202.58,62.52,89.3,6.43,26.72,612.46,1.6
Kanam,Lowland,Maize,187.14,59.48,106.57,5.41,28.5,864.16,1.25
Kanam,Lowland,Maize,143.21,38.64,45.0,7.92,25.99,528.29,1.14
Kanam,Lowland,Maize,182.26,77.17,87.57,7.39,25.04,651.8,1.17
Kanam,Lowland,Maize,151.05,86.19,104.99,8.15,28.19,375.0,2.5
Kanam,Lowland,Maize,198.49,51.18,95.34,7.62,16.08,601.62,1.03
Kanam,Lowland,Maize,209.53,89.65,63.7,6.54,35.0,537.06,2.44
Kanam,Lowland,Maize,184.65,68.19,74.7,6.13,24.49,587.58,0.67
Kanam,Lowland,Maize,230.48,96.12,118.56,7.02,21.6,572.33,1.4
Kanam,Lowland,Maize,145.98,79.88,106.05,7.42,21.76,515.17,0.3
Kanam,Lowland,Maize,161.44,58.83,60.73,5.6,18.01,802.4,1.8
Kanam,Lowland,Maize,175.61,90.27,94.6,6.1,23.62,671.69,1.11
Kanam,Lowland,Maize,201.97,88.81,81.24,6.86,30.66,657.91,1.58
Kanam,Lowland,Maize,153.88,74.04,113.08,9.38,35.0,375.0,0.95
Kanam,Lowland,Maize,226.37,82.08,125.0,7.18,28.38,521.03,1.3
Kanam,Lowland,Maize,202.14,93.86,116.64,7.42,31.97,449.21,1.28
Kanam,Lowland,Maize,189.74,72.02,68.53,8.54,28.63,375.0,1.77
Kanam,Lowland,Maize,181.6,65.62,99.64,6.62,23.97,854.45,0.85
Kanam,Lowland,Wheat,165.23,56.25,23.23,7.22,21.85,560.3,2.76
Kanam,Lowland,Wheat,176.88,54.24,55.21,7.83,18.99,386.16,1.46
Kanam,Lowland,Wheat,187.5,48.14,43.45,4.5,20.0,728.46,1.92
Kanam,Lowland,Wheat,187.5,56.25,62.5,6.52,21.0,571.29,1.32
Kanam,Lowland,Wheat,141.48,49.5,56.0,7.84,21.82,337.5,3.12
Kanam,Lowland,Wheat,155.51,44.04,62.5,6.46,15.78,569.38,1.24
Kanam,Lowland,Wheat,113.89,47.69,31.34,7.9,15.25,337.5,1.31
Kanam,Lowland,Wheat,143.86,44.1,53.58,8.88,23.73,417.85,1.83
Kanam,Lowland,Wheat,78.84,47.37,26.61,7.63,18.01,386.59,2.33
Kanam,Lowland,Wheat,124.52,44.31,62.5,6.78,25.0,435.43,2.09
Kanam,Lowland,Wheat,142.25,56.25,62.5,5.84,19.55,392.02,2.85
Kanam,Lowland,Wheat,87.09,49.48,62.5,7.94,23.3,559.59,2.12
Kanam,Lowland,Wheat,117.33,54.49,47.53,6.49,18.24,474.73,2.37
Kanam,Lowland,Wheat,176.11,44.98,51.75,9.47,19.19,508.96,1.35
Kanam,Lowland,Wheat,139.8,44.41,42.09,7.57,25.0,339.08,2.91
Kanam,Lowland,Wheat,124.22,43.72,27.9,6.94,19.72,616.66,2.21
Kanam,Lowland,Wheat,121.85,54.5,58.86,9.46,18.92,337.5,1.58
Kanam,Lowland,Wheat,187.5,55.38,62.5,7.5,25.0,397.01,1.44
Kanam,Lowland,Wheat,100.66,40.55,31.55,6.49,21.73,532.73,2.17
Kanam,Lowland,Wheat,116.8,49.21,31.5,7.23,24.52,469.8,1.96
Kanam,Lowland,Wheat,110.19,52.92,62.5,5.94,22.61,482.1,2.66
Kanam,Lowland,Wheat,127.74,50.01,58.78,6.47,15.75,389.36,2.43
Kanam,Lowland,Wheat,154.73,47.62,62.5,8.36,13.88,430.06,0.74
Kanam,Lowland,Wheat,137.28,53.49,62.5,8.17,17.72,418.24,2.27
Kanam,Lowland,Wheat,168.5,51.49,62.5,7.89,23.23,494.49,0.85
Kanam,Lowland,Wheat,152.07,54.55,39.1,7.27,25.0,510.62,2.96
Kanam,Lowland,Wheat,175.69,48.31,62.5,6.06,22.17,456.64,3.12
Kanam,Lowland,Wheat,110.07,56.25,59.05,7.4,23.36,358.53,3.12
Kanam,Lowland,Wheat,187.5,56.25,62.5,7.76,23.63,407.38,3.12
Kanam,Lowland,Wheat,166.29,54.93,62.5,5.56,18.15,544.79,2.21
Kanam,Lowland,Wheat,75.0,45.85,38.92,6.42,20.5,625.8,1.27
Kanam,Lowland,Wheat,178.41,51.32,62.5,4.8,16.72,555.75,2.14
Kanam,Lowland,Wheat,187.5,56.25,62.5,8.13,21.69,378.14,2.2
Kanam,Lowland,Wheat,130.17,55.01,49.38,7.25,25.0,414.44,3.12
Kanam,Lowland,Wheat,103.88,41.67,21.23,6.01,17.87,743.6,0.95
Kanam,Lowland,Wheat,151.71,56.25,56.46,8.2,18.51,521.69,0.86
Kanam,Lowland,Wheat,124.17,48.86,38.15,7.26,19.01,507.18,0.6
Kanam,Lowland,Wheat,132.93,48.53,37.04,7.2,24.62,511.15,2.47
Kanam,Lowland,Wheat,137.38,56.25,62.5,8.83,18.66,506.03,0.6
Kanam,Lowland,Wheat,111.0,42.15,38.18,8.2,20.21,452.37,1.07
Kanam,Lowland,Wheat,128.45,52.59,60.87,6.74,20.99,340.42,3.12
Kanam,Lowland,Wheat,147.38,46.65,34.17,8.19,25.0,359.41,1.68
Kanam,Lowland,Wheat,94.92,49.46,48.26,6.38,19.24,615.87,0.92
Kanam,Lowland,Wheat,187.5,56.25,47.24,6.52,25.0,423.32,2.05
Kanam,Lowland,Wheat,144.91,51.29,45.87,8.57,16.06,391.36,2.03
Kanam,Lowland,Wheat,82.76,44.08,24.95,7.7,19.13,478.61,1.3
Kanam,Lowland,Wheat,178.5,56.25,36.36,8.21,23.34,337.5,2.33
Kanam,Lowland,Wheat,154.22,44.53,50.15,8.02,16.81,495.39,1.59
Kanam,Lowland,Wheat,165.61,54.39,62.5,9.3,23.8,337.5,1.46
Kanam,Lowland,Wheat,113.45,44.63,57.16,9.87,23.85,337.5,2.5
Kanam,Lowland,Pineapple,223.94,61.31,82.5,5.28,24.94,753.06,0.96
Kanam,Lowland,Pineapple,213.58,64.67,163.09,3.38,25.08,1250.0,0.65
Kanam,Lowland,Pineapple,294.67,58.96,117.83,4.47,25.02,1021.87,0.65
Kanam,Lowland,Pineapple,342.73,81.25,143.94,6.19,31.72,652.16,1.25
Kanam,Lowland,Pineapple,307.28,81.25,250.1,6.42,25.23,766.67,0.67
Kanam,Lowland,Pineapple,256.14,51.13,168.77,7.69,25.29,822.9,0.37
Kanam,Lowland,Pineapple,336.38,78.56,267.96,7.27,27.83,569.66,0.99
Kanam,Lowland,Pineapple,221.01,70.06,82.5,4.71,27.86,854.66,0.77
Kanam,Lowland,Pineapple,292.37,81.25,255.22,7.04,27.36,525.0,1.19
Kanam,Lowland,Pineapple,255.96,74.59,159.16,7.84,28.73,668.16,1.06
Kanam,Lowland,Pineapple,282.31,81.25,231.23,4.97,23.23,779.9,0.89
Kanam,Lowland,Pineapple,264.23,81.25,267.54,4.74,26.73,813.22,0.91
Kanam,Lowland,Pineapple,204.65,36.86,136.09,5.67,24.57,803.15,1.07
Kanam,Lowland,Pineapple,313.89,70.68,131.01,4.18,25.08,919.04,0.32
Kanam,Lowland,Pineapple,204.91,53.56,150.86,5.23,28.7,820.64,0.97
Kanam,Lowland,Pineapple,252.52,59.48,132.47,7.8,25.1,577.04,0.7
Kanam,Lowland,Pineapple,364.82,69.13,178.94,5.89,26.42,666.71,1.13
Kanam,Lowland,Pineapple,201.3,39.05,86.25,7.09,27.56,525.0,1.08
Kanam,Lowland,Pineapple,244.81,62.18,104.52,4.3,26.71,1201.77,0.37
Kanam,Lowland,Pineapple,324.06,58.75,198.22,5.08,26.47,873.69,1.08
Kanam,Lowland,Pineapple,249.69,54.54,100.37,8.12,27.09,525.0,0.39
Kanam,Lowland,Pineapple,295.8,64.01,156.15,5.79,23.63,897.07,0.97
Kanam,Lowland,Pineapple,273.79,62.41,210.7,6.73,28.39,578.96,0.86
Kanam,Lowland,Pineapple,215.86,81.25,212.31,8.12,27.45,668.14,0.28
Kanam,Lowland,Pineapple,252.38,45.95,162.03,7.92,25.83,679.94,0.53
Kanam,Lowland,Pineapple,282.37,49.36,201.61,3.88,27.01,1021.42,0.79
Kanam,Lowland,Pineapple,296.69,64.01,144.03,8.12,31.79,525.0,1.25
Kanam,Lowland,Pineapple,290.86,50.11,182.16,6.46,25.37,793.34,0.41
Kanam,Lowland,Pineapple,257.83,50.08,243.19,5.45,24.64,857.78,0.54
Kanam,Lowland,Pineapple,232.33,61.47,94.74,5.61,25.79,1056.11,1.01
Kanam,Lowland,Pineapple,360.91,80.74,232.49,5.75,25.08,690.66,0.95
Kanam,Lowland,Pineapple,252.24,64.65,212.61,5.06,25.85,579.26,1.01
Kanam,Lowland,Pineapple,302.87,81.25,212.97,7.53,29.19,709.9,0.31
Kanam,Lowland,Pineapple,263.29,61.08,84.56,6.41,24.71,624.02,1.0
Kanam,Lowland,Pineapple,255.07,71.16,242.65,5.9,27.84,670.42,1.01
Kanam,Lowland,Pineapple,317.51,75.87,237.08,8.12,26.44,692.35,0.59
Kanam,Lowland,Pineapple,255.74,51.09,134.49,5.4,29.53,876.44,0.89
Kanam,Lowland,Pineapple,282.03,48.97,275.0,4.01,31.45,943.32,1.07
Kanam,Lowland,Pineapple,260.05,45.44,87.57,6.19,28.32,785.59,1.06
Kanam,Lowland,Pineapple,313.33,58.69,136.9,6.28,30.95,670.16,1.15
Kanam,Lowland,Pineapple,291.49,71.92,175.99,7.26,27.68,707.1,0.58
Kanam,Lowland,Pineapple,285.61,77.52,198.78,7.58,24.07,525.0,0.88
Kanam,Lowland,Pineapple,306.93,72.79,211.76,5.59,27.22,641.24,1.0
Kanam,Lowland,Pineapple,375.0,68.8,275.0,7.28,26.22,527.84,0.64
Kanam,Lowland,Pineapple,246.74,78.24,204.15,5.11,30.92,700.49,0.91
Kanam,Lowland,Pineapple,307.5,64.24,193.49,5.66,27.2,807.09,0.88
Kanam,Lowland,Pineapple,251.78,62.87,135.38,5.79,30.76,635.79,1.03
Kanam,Lowland,Pineapple,297.89,81.25,240.28,6.47,25.5,672.04,0.69
Kanam,Lowland,Pineapple,266.42,52.11,185.73,5.57,27.06,525.0,1.25
Kanam,Lowland,Pineapple,246.83,57.63,141.98,3.38,28.01,935.17,1.2
Kanam,Lowland,Onion,80.71,29.32,88.92,7.48,23.53,352.47,0.98
Kanam,Lowland,Onion,62.14,56.25,61.41,7.1,21.1,262.5,1.46
Kanam,Lowland,Onion,98.97,56.25,91.39,7.43,24.47,262.5,1.95
Kanam,Lowland,Onion,125.0,46.03,93.58,7.47,15.98,406.25,0.63
Kanam,Lowland,Onion,109.9,47.31,75.96,7.37,22.26,416.91,1.28
Kanam,Lowland,Onion,125.0,54.51,94.74,7.28,24.75,262.5,1.31
Kanam,Lowland,Onion,45.0,41.8,48.03,7.16,15.93,271.46,1.54
Kanam,Lowland,Onion,84.12,39.84,53.72,7.45,25.0,262.5,2.11
Kanam,Lowland,Onion,100.83,48.28,85.88,7.18,22.4,376.31,1.67
Kanam,Lowland,Onion,119.2,39.15,66.75,6.32,17.52,505.87,0.9
Kanam,Lowland,Onion,67.92,51.56,83.73,7.71,20.09,301.67,1.14
Kanam,Lowland,Onion,97.44,50.78,73.12,7.55,21.87,262.5,1.18
Kanam,Lowland,Onion,110.83,56.25,74.34,6.64,22.54,262.5,1.23
Kanam,Lowland,Onion,47.18,55.47,74.53,7.2,18.84,565.0,0.55
Kanam,Lowland,Onion,89.83,27.3,84.32,6.94,18.2,395.63,1.67
Kanam,Lowland,Onion,73.22,37.3,68.21,8.39,22.21,262.5,1.01
Kanam,Lowland,Onion,117.48,56.25,100.0,7.28,24.69,262.5,1.76
Kanam,Lowland,Onion,116.64,54.19,91.79,6.81,25.0,320.66,1.23
Kanam,Lowland,Onion,125.0,36.83,46.43,6.09,20.16,454.89,0.91
Kanam,Lowland,Onion,108.25,54.75,84.17,6.78,21.13,463.47,1.09
Kanam,Lowland,Onion,85.94,21.12,100.0,6.8,20.03,346.81,1.47
Kanam,Lowland,Onion,103.05,33.6,77.21,6.48,15.64,262.5,1.38
Kanam,Lowland,Onion,88.08,44.87,81.03,6.18,25.0,295.92,1.65
Kanam,Lowland,Onion,121.24,56.25,99.53,6.83,24.36,262.5,2.12
Kanam,Lowland,Onion,119.25,52.27,94.98,6.49,22.03,402.43,0.87
Kanam,Lowland,Onion,101.92,37.69,86.64,6.88,18.92,401.66,0.79
Kanam,Lowland,Onion,120.58,56.25,81.8,5.89,16.34,506.93,0.73
Kanam,Lowland,Onion,94.19,38.94,61.88,7.22,22.91,401.74,1.65
Kanam,Lowland,Onion,104.37,56.25,61.7,7.89,25.0,262.5,1.28
Kanam,Lowland,Onion,118.58,50.32,66.89,7.26,23.76,262.5,1.7
Kanam,Lowland,Onion,68.63,18.75,49.63,7.74,19.45,400.08,1.43
Kanam,Lowland,Onion,125.0,56.25,61.45,7.28,22.53,336.91,1.21
Kanam,Lowland,Onion,125.0,56.25,99.3,5.94,20.12,462.46,1.85
Kanam,Lowland,Onion,105.82,28.7,68.28,6.44,25.0,402.09,2.25
Kanam,Lowland,Onion,101.85,23.47,100.0,6.15,22.52,409.34,2.13
Kanam,Lowland,Onion,77.9,41.26,96.38,5.14,22.58,589.09,2.25
Kanam,Lowland,Onion,69.84,40.16,73.26,5.69,19.59,439.58,1.58
Kanam,Lowland,Onion,98.5,56.25,94.65,8.04,25.0,265.89,1.33
Kanam,Lowland,Onion,73.65,41.42,74.29,6.65,16.15,347.8,1.83
Kanam,Lowland,Onion,88.09,43.87,64.81,6.17,21.52,372.79,1.43
Kanam,Lowland,Onion,81.47,48.0,93.57,6.66,21.49,523.94,0.72
Kanam,Lowland,Onion,106.97,40.78,87.18,7.05,21.71,276.56,1.62
Kanam,Lowland,Onion,85.05,52.59,83.42,6.25,19.3,413.06,1.53
Kanam,Lowland,Onion,98.75,54.79,92.19,7.26,24.96,268.85,1.58
Kanam,Lowland,Onion,108.42,56.25,100.0,7.1,23.73,262.5,1.21
Kanam,Lowland,Onion,103.77,45.16,100.0,7.47,22.23,335.1,1.55
Kanam,Lowland,Onion,63.27,50.26,63.46,7.46,23.07,262.5,1.8
Kanam,Lowland,Onion,99.6,56.25,54.89,6.74,18.99,443.04,1.16
Kanam,Lowland,Onion,125.0,43.32,100.0,7.77,16.51,262.5,0.82
Kanam,Lowland,Onion,47.53,37.18,33.75,6.62,12.45,441.01,0.68
Mangu,Highland,Irish-potato,67.28,30.0,161.32,3.78,9.98,750.0,0.26
Mangu,Highland,Irish-potato,123.89,57.27,225.0,4.13,12.7,750.0,0.22
Mangu,Highland,Irish-potato,83.78,43.73,90.0,4.38,17.72,455.28,1.63
Mangu,Highland,Irish-potato,72.08,30.0,180.2,3.42,14.95,750.0,0.32
Mangu,Highland,Irish-potato,71.83,30.86,107.94,5.17,16.65,544.88,0.73
Mangu,Highland,Irish-potato,91.93,67.47,101.77,3.22,12.5,721.73,1.44
Mangu,Highland,Irish-potato,108.62,38.93,121.56,3.33,16.24,712.05,0.83
Mangu,Highland,Irish-potato,149.61,60.92,185.91,4.53,14.29,740.78,0.27
Mangu,Highland,Irish-potato,60.0,66.58,90.0,3.0,16.08,593.69,1.67
Mangu,Highland,Irish-potato,60.0,41.75,148.47,4.82,10.56,750.0,0.74
Mangu,Highland,Irish-potato,130.76,40.16,183.94,4.95,12.32,497.03,0.22
Mangu,Highland,Irish-potato,60.0,30.0,90.0,3.0,11.71,750.0,0.65
Mangu,Highland,Irish-potato,107.57,48.75,172.33,5.67,11.79,494.76,0.82
Mangu,Highland,Irish-potato,145.53,65.4,90.0,5.22,11.21,517.29,1.12
Mangu,Highland,Irish-potato,83.44,43.56,121.09,4.82,9.8,549.95,0.7
Mangu,Highland,Irish-potato,84.44,34.42,164.01,4.02,9.8,639.73,1.46
Mangu,Highland,Irish-potato,72.6,58.16,133.79,4.2,10.57,508.3,0.52
Mangu,Highland,Irish-potato,60.0,38.3,178.26,4.52,16.22,535.72,0.99
Mangu,Highland,Irish-potato,108.88,57.47,90.0,3.88,13.95,667.82,0.78
Mangu,Highland,Irish-potato,114.05,45.24,90.0,3.7,15.68,750.0,0.69
Mangu,Highland,Irish-potato,60.0,47.82,99.16,5.96,12.15,690.52,0.22
Mangu,Highland,Irish-potato,60.0,30.0,117.68,4.68,7.59,523.9,0.95
Mangu,Highland,Irish-potato,115.75,44.92,210.11,3.94,14.84,666.63,0.22
Mangu,Highland,Irish-potato,128.45,61.68,141.95,4.65,12.9,544.28,0.48
Mangu,Highland,Irish-potato,145.08,56.89,210.65,5.92,7.5,735.08,0.22
Mangu,Highland,Irish-potato,60.0,30.0,117.89,4.42,9.27,546.34,0.79
Mangu,Highland,Irish-potato,86.63,59.95,162.42,4.03,14.21,619.5,0.7
Mangu,Highland,Irish-potato,86.93,46.58,114.6,4.74,13.3,469.28,1.18
Mangu,Highland,Irish-potato,94.31,52.88,192.29,4.11,14.92,640.26,1.05
Mangu,Highland,Irish-potato,98.25,45.61,171.99,4.24,9.93,731.39,0.44
Mangu,Highland,Irish-potato,60.0,33.2,90.0,5.23,8.96,571.56,0.22
Mangu,Highland,Irish-potato,119.16,58.14,187.35,5.33,9.4,734.94,0.27
Mangu,Highland,Irish-potato,60.0,30.0,125.77,3.66,13.96,383.04,1.4
Mangu,Highland,Irish-potato,60.0,38.73,93.77,5.61,11.26,516.67,0.36
Mangu,Highland,Irish-potato,131.35,74.04,194.35,4.46,8.6,637.0,0.29
Mangu,Highland,Irish-potato,61.43,30.0,140.28,4.16,9.26,404.53,1.35
Mangu,Highland,Irish-potato,79.37,38.95,156.87,3.99,10.9,530.3,1.06
Mangu,Highland,Irish-potato,137.31,75.0,150.6,5.38,10.57,357.31,0.3
Mangu,Highland,Irish-potato,60.0,36.2,90.0,4.14,16.27,662.75,0.28
Mangu,Highland,Irish-potato,60.0,30.0,167.89,4.75,16.84,544.6,1.02
Mangu,Highland,Irish-potato,60.0,30.0,186.84,3.71,14.95,750.0,0.83
Mangu,Highland,Irish-potato,115.21,75.0,225.0,5.61,19.16,300.0,1.38
Mangu,Highland,Irish-potato,60.0,48.12,125.59,3.42,9.25,650.26,0.6
Mangu,Highland,Irish-potato,68.37,40.52,90.0,3.1,13.94,642.0,1.35
Mangu,Highland,Irish-potato,60.0,32.95,121.62,4.67,12.86,666.21,0.54
Mangu,Highland,Irish-potato,122.85,62.71,197.51,6.33,13.74,445.35,0.43
Mangu,Highland,Irish-potato,68.54,60.05,90.0,4.68,10.7,689.05,0.22
Mangu,Highland,Irish-potato,87.81,30.0,90.0,4.41,11.96,681.08,0.22
Mangu,Highland,Irish-potato,112.97,58.75,90.0,4.93,18.89,550.06,1.0
Mangu,Highland,Irish-potato,72.32,45.35,90.0,4.44,12.75,750.0,0.22
Mangu,Highland,Tomato,76.49,65.93,120.0,5.36,22.06,697.46,0.78
Mangu,Highland,Tomato,103.86,56.57,163.26,6.36,20.74,423.92,1.14
Mangu,Highland,Tomato,79.84,89.94,161.16,6.04,18.64,556.23,1.52
Mangu,Highland,Tomato,84.74,67.45,178.89,4.85,19.15,734.11,1.23
Mangu,Highland,Tomato,87.77,74.42,192.89,5.95,24.52,746.39,0.38
Mangu,Highland,Tomato,75.0,66.54,166.21,6.15,19.39,640.74,0.85
Mangu,Highland,Tomato,107.99,116.4,252.59,7.64,27.17,454.33,0.72
Mangu,Highland,Tomato,122.55,92.62,129.47,5.81,16.81,671.01,0.38
Mangu,Highland,Tomato,78.21,88.2,144.86,4.37,14.3,750.0,0.78
Mangu,Highland,Tomato,98.64,74.86,183.21,4.55,17.19,673.93,1.6
Mangu,Highland,Tomato,75.0,48.75,120.0,6.02,18.84,673.76,0.38
Mangu,Highland,Tomato,149.33,94.43,205.49,6.78,23.25,402.6,2.09
Mangu,Highland,Tomato,123.54,94.09,203.97,8.21,17.05,424.18,0.38
Mangu,Highland,Tomato,149.17,99.02,240.15,6.16,14.09,689.78,0.43
Mangu,Highland,Tomato,108.16,105.54,214.75,7.77,18.96,466.07,0.61
Mangu,Highland,Tomato,91.01,108.13,219.66,3.95,19.06,750.0,0.53
Mangu,Highland,Tomato,79.34,86.41,160.47,5.05,15.02,684.43,0.38
Mangu,Highland,Tomato,124.91,96.89,300.0,7.24,23.04,502.53,1.48
Mangu,Highland,Tomato,140.86,73.36,191.68,5.34,14.48,724.24,0.99
Mangu,Highland,Tomato,108.02,93.18,229.75,6.08,13.5,696.4,0.38
Mangu,Highland,Tomato,123.19,118.9,137.1,3.9,18.91,719.98,0.5
Mangu,Highland,Tomato,102.23,124.19,215.46,6.8,16.19,750.0,0.41
Mangu,Highland,Tomato,127.68,112.72,225.91,7.18,16.73,480.53,0.38
Mangu,Highland,Tomato,144.04,84.19,231.27,5.02,15.9,603.97,0.38
Mangu,Highland,Tomato,132.08,117.55,182.44,6.55,27.75,549.01,0.62
Mangu,Highland,Tomato,80.11,48.75,182.21,5.47,25.88,342.04,2.29
Mangu,Highland,Tomato,88.34,50.03,175.98,6.67,21.38,540.27,0.81
Mangu,Highland,Tomato,90.87,130.72,201.86,5.62,15.31,474.8,0.38
Mangu,Highland,Tomato,128.54,84.18,159.98,4.91,26.57,361.77,2.21
Mangu,Highland,Tomato,131.93,98.91,151.33,5.71,16.45,627.77,0.38
Mangu,Highland,Tomato,97.74,63.24,223.32,6.97,21.0,328.63,1.12
Mangu,Highland,Tomato,95.74,48.75,161.71,6.43,18.63,716.65,0.38
Mangu,Highland,Tomato,124.59,78.91,127.99,5.68,18.44,417.36,1.59
Mangu,Highland,Tomato,118.29,75.22,214.96,5.65,29.77,653.8,1.16
Mangu,Highland,Tomato,114.64,105.48,197.64,4.75,22.96,594.23,1.96
Mangu,Highland,Tomato,127.15,96.34,183.28,5.84,16.97,531.35,0.91
Mangu,Highland,Tomato,123.53,93.84,214.91,6.74,18.95,665.97,0.38
Mangu,Highland,Tomato,75.0,88.25,238.36,5.87,19.29,608.16,1.65
Mangu,Highland,Tomato,144.06,72.65,255.74,4.71,20.63,603.75,1.61
Mangu,Highland,Tomato,75.0,48.75,120.0,6.47,19.16,662.93,0.38
Mangu,Highland,Tomato,75.0,48.75,128.16,5.19,13.56,750.0,0.38
Mangu,Highland,Tomato,79.02,100.86,249.92,7.3,25.26,420.82,0.72
Mangu,Highland,Tomato,96.41,48.75,156.75,6.0,21.94,495.16,1.65
Mangu,Highland,Tomato,111.7,73.31,212.76,7.14,20.13,496.89,0.82
Mangu,Highland,Tomato,75.0,57.97,120.0,6.44,17.17,628.95,0.38
Mangu,Highland,Tomato,88.68,120.29,127.45,8.44,16.54,558.82,0.38
Mangu,Highland,Tomato,172.53,82.87,241.13,5.76,17.53,657.02,1.42
Mangu,Highland,Tomato,114.46,82.88,253.2,7.02,19.52,474.48,0.76
Mangu,Highland,Tomato,91.5,87.16,219.79,5.66,26.9,539.54,0.48
Mangu,Highland,Tomato,101.59,84.55,200.49,3.95,18.26,690.53,0.65
Mangu,Highland,Groundnut,7.5,20.63,21.13,7.57,21.25,510.77,0.44
Mangu,Highland,Groundnut,7.5,17.9,26.26,7.14,22.97,580.96,0.15
Mangu,Highland,Groundnut,7.5,25.61,18.75,6.92,17.02,787.56,0.2
Mangu,Highland,Groundnut,7.5,11.25,20.34,6.4,19.14,720.21,0.15
Mangu,Highland,Groundnut,7.5,39.15,18.75,7.11,24.5,570.71,0.72
Mangu,Highland,Groundnut,7.5,14.54,19.47,6.03,25.14,705.28,0.36
Mangu,Highland,Groundnut,7.5,28.16,18.75,5.61,20.92,787.01,0.72
Mangu,Highland,Groundnut,7.5,22.38,18.75,6.77,22.95,532.92,0.62
Mangu,Highland,Groundnut,7.5,35.95,23.35,6.55,23.35,716.08,0.15
Mangu,Highland,Groundnut,7.5,17.71,19.4,6.84,27.85,577.34,0.86
Mangu,Highland,Groundnut,7.5,11.25,18.75,6.08,22.99,835.18,0.15
Mangu,Highland,Groundnut,7.5,11.25,18.75,6.03,19.65,805.54,0.4
Mangu,Highland,Groundnut,7.5,35.08,21.27,7.18,21.14,553.26,0.35
Mangu,Highland,Groundnut,7.5,17.64,18.75,6.58,29.65,710.32,0.29
Mangu,Highland,Groundnut,7.5,25.26,18.75,6.23,21.75,562.59,0.54
Mangu,Highland,Groundnut,7.5,11.25,18.75,6.84,16.5,646.46,0.66
Mangu,Highland,Groundnut,7.5,34.11,18.75,7.09,30.63,487.81,1.29
Mangu,Highland,Groundnut,7.5,11.25,18.75,5.88,21.77,728.56,0.87
Mangu,Highland,Groundnut,7.5,13.67,29.66,5.98,21.22,747.57,0.81
Mangu,Highland,Groundnut,7.5,45.41,18.75,6.72,28.05,596.93,0.4
Mangu,Highland,Groundnut,7.5,11.25,18.75,5.63,20.1,853.55,0.76
Mangu,Highland,Groundnut,7.5,11.25,18.75,6.16,21.92,669.18,0.98
Mangu,Highland,Groundnut,7.5,19.99,19.44,5.8,24.09,763.81,0.76
Mangu,Highland,Groundnut,7.5,17.84,18.75,6.43,16.5,614.26,0.31
Mangu,Highland,Groundnut,7.5,11.25,22.17,5.91,19.9,690.32,0.81
Mangu,Highland,Groundnut,7.5,13.87,18.75,6.47,23.13,629.03,0.33
Mangu,Highland,Groundnut,7.5,11.25,18.75,6.24,16.78,875.0,0.15
Mangu,Highland,Groundnut,7.5,11.25,18.75,6.83,21.16,695.43,0.31
Mangu,Highland,Groundnut,7.5,11.25,24.97,6.67,21.88,758.49,0.15
Mangu,Highland,Groundnut,7.5,36.48,18.75,6.02,22.81,731.92,0.15
Mangu,Highland,Groundnut,7.5,11.56,18.75,5.81,20.0,759.13,1.12
Mangu,Highland,Groundnut,7.5,41.63,23.92,6.76,20.88,576.8,0.52
Mangu,Highland,Groundnut,7.5,17.19,18.75,6.45,26.9,664.52,0.99
Mangu,Highland,Groundnut,7.5,20.2,18.75,6.79,19.18,727.86,0.33
Mangu,Highland,Groundnut,7.5,21.19,18.75,6.27,27.06,793.28,0.51
Mangu,Highland,Groundnut,7.5,13.58,32.27,6.82,19.89,664.15,0.15
Mangu,Highland,Groundnut,7.5,11.25,19.91,6.09,24.33,823.62,0.4
Mangu,Highland,Groundnut,7.5,12.72,18.75,7.54,21.81,605.37,0.42
Mangu,Highland,Groundnut,7.5,32.22,18.75,7.1,20.11,689.75,0.25
Mangu,Highland,Groundnut,7.5,11.25,18.75,5.72,21.31,692.78,0.39
Mangu,Highland,Groundnut,7.5,28.76,18.75,6.73,26.36,536.71,0.72
Mangu,Highland,Groundnut,7.5,11.25,19.56,5.57,27.94,783.46,0.67
Mangu,Highland,Groundnut,7.5,16.23,18.75,5.66,26.05,559.44,1.36
Mangu,Highland,Groundnut,7.5,34.33,18.75,5.4,21.49,850.39,0.56
Mangu,Highland,Groundnut,7.5,11.25,18.75,6.4,28.82,555.1,0.81
Mangu,Highland,Groundnut,7.5,39.44,23.22,6.78,16.5,718.89,0.4
Mangu,Highland,Groundnut,7.5,11.38,22.25,6.44,19.15,791.71,0.15
Mangu,Highland,Groundnut,7.5,24.04,18.75,6.17,19.69,678.92,0.15
Mangu,Highland,Groundnut,7.5,50.0,30.61,7.1,20.87,735.57,0.15
Mangu,Highland,Groundnut,7.5,47.16,21.1,7.2,23.99,396.47,0.7
Mangu,Highland,Pepper,117.98,57.47,41.25,6.53,13.5,1413.0,0.45
Mangu,Highland,Pepper,75.0,33.83,67.07,6.33,25.52,756.89,1.71
Mangu,Highland,Pepper,75.0,18.75,41.25,4.12,23.89,1562.5,1.8
Mangu,Highland,Pepper,93.65,58.0,66.88,5.56,16.63,915.18,1.65
Mangu,Highland,Pepper,116.24,26.75,56.76,6.51,19.86,1022.27,1.55
Mangu,Highland,Pepper,113.29,18.75,43.15,6.51,14.35,1203.76,0.45
Mangu,Highland,Pepper,95.48,41.75,41.25,5.55,18.94,715.73,1.65
Mangu,Highland,Pepper,75.0,23.11,76.93,6.82,13.5,1143.35,0.63
Mangu,Highland,Pepper,139.83,39.91,71.15,6.22,23.53,1036.1,1.04
Mangu,Highland,Pepper,129.56,23.98,60.96,5.78,25.53,962.32,0.54
Mangu,Highland,Pepper,115.3,25.6,47.11,6.1,17.2,963.26,0.74
Mangu,Highland,Pepper,128.47,36.38,86.32,6.29,23.44,602.42,1.64
Mangu,Highland,Pepper,92.42,26.49,55.47,4.12,16.31,1194.15,1.66
Mangu,Highland,Pepper,160.54,44.85,76.57,5.9,19.45,1042.18,0.89
Mangu,Highland,Pepper,80.4,25.81,41.25,6.84,27.41,450.0,1.82
Mangu,Highland,Pepper,80.51,42.08,41.25,4.86,19.93,1315.86,0.9
Mangu,Highland,Pepper,75.0,18.75,41.25,5.05,20.81,1484.98,0.47
Mangu,Highland,Pepper,149.41,40.49,72.69,5.75,19.06,729.71,1.35
Mangu,Highland,Pepper,132.77,21.9,62.31,5.85,14.65,1081.71,1.29
Mangu,Highland,Pepper,163.43,36.41,101.4,6.42,27.69,487.99,1.96
Mangu,Highland,Pepper,183.27,31.06,64.59,7.03,26.75,450.0,0.45
Mangu,Highland,Pepper,115.92,24.16,41.25,5.32,16.01,1562.5,1.5
Mangu,Highland,Pepper,109.49,40.74,55.69,6.18,20.41,1214.96,1.35
Mangu,Highland,Pepper,78.21,18.75,51.14,6.25,17.4,860.76,1.68
Mangu,Highland,Pepper,85.79,18.75,41.25,6.26,16.94,1339.26,0.66
Mangu,Highland,Pepper,91.85,18.75,83.13,8.3,13.5,450.0,0.45
Mangu,Highland,Pepper,191.97,34.72,93.54,6.23,16.87,623.41,0.73
Mangu,Highland,Pepper,159.87,52.39,110.0,5.95,13.5,1073.63,1.08
Mangu,Highland,Pepper,128.72,18.75,101.63,6.63,13.5,698.53,1.41
Mangu,Highland,Pepper,172.66,46.55,101.56,6.62,20.86,966.68,0.82
Mangu,Highland,Pepper,75.0,18.75,64.87,6.29,22.88,700.5,1.74
Mangu,Highland,Pepper,155.97,33.74,82.9,7.13,18.31,1085.81,0.87
Mangu,Highland,Pepper,138.61,36.57,97.12,8.75,18.19,450.0,1.58
Mangu,Highland,Pepper,86.96,28.34,84.74,6.1,14.23,1101.27,0.89
Mangu,Highland,Pepper,160.5,24.44,111.37,5.39,14.63,1006.98,1.18
Mangu,Highland,Pepper,75.0,18.75,71.81,6.74,23.19,964.04,0.8
Mangu,Highland,Pepper,200.31,36.94,92.12,6.86,14.56,603.64,2.07
Mangu,Highland,Pepper,80.49,18.75,41.25,5.15,29.02,1540.03,0.45
Mangu,Highland,Pepper,161.91,34.07,41.25,6.05,18.06,1276.78,0.45
Mangu,Highland,Pepper,159.34,36.51,125.0,4.99,22.78,554.2,2.06
Mangu,Highland,Pepper,75.0,18.75,41.25,4.38,19.66,1562.5,1.03
Mangu,Highland,Pepper,107.95,25.91,79.07,6.91,15.3,1127.75,0.48
Mangu,Highland,Pepper,171.75,37.93,97.28,7.34,18.27,450.0,1.71
Mangu,Highland,Pepper,102.57,32.87,47.31,6.19,21.6,963.67,1.98
Mangu,Highland,Pepper,139.71,40.72,93.34,5.91,16.38,1483.87,1.05
Mangu,Highland,Pepper,103.12,18.75,59.02,5.25,13.5,1515.89,0.59
Mangu,Highland,Pepper,166.31,29.29,75.98,6.07,16.48,794.08,2.14
Mangu,Highland,Pepper,114.02,30.79,52.49,5.49,25.95,503.34,2.08
Mangu,Highland,Pepper,133.51,18.75,79.38,7.36,20.85,450.0,1.42
Mangu,Highland,Pepper,75.0,32.74,41.25,5.98,21.73,943.53,0.6
Mangu,Highland,Cabbage,98.34,43.45,112.44,6.79,24.86,413.74,0.27
Mangu,Highland,Cabbage,86.12,43.25,96.82,6.7,7.5,624.06,0.15
Mangu,Highland,Cabbage,75.0,47.71,85.51,6.0,10.43,574.87,0.84
Mangu,Highland,Cabbage,105.73,45.04,124.07,7.45,19.01,443.97,0.87
Mangu,Highland,Cabbage,95.43,49.49,97.08,6.81,15.46,562.82,0.52
Mangu,Highland,Cabbage,124.1,37.74,107.71,6.9,15.51,507.26,0.82
Mangu,Highland,Cabbage,127.32,37.5,113.38,6.21,7.9,550.21,0.46
Mangu,Highland,Cabbage,123.82,56.97,113.57,6.4,10.33,534.04,0.45
Mangu,Highland,Cabbage,84.27,48.65,95.3,5.66,15.17,522.02,0.87
Mangu,Highland,Cabbage,124.15,41.44,97.67,6.32,8.64,583.9,0.15
Mangu,Highland,Cabbage,93.82,46.4,75.0,6.0,28.96,481.58,0.83
Mangu,Highland,Cabbage,103.9,51.13,92.35,5.88,18.93,514.99,0.8
Mangu,Highland,Cabbage,133.84,62.42,100.55,6.48,8.59,625.0,0.39
Mangu,Highland,Cabbage,75.0,37.5,85.01,5.78,7.5,625.0,0.42
Mangu,Highland,Cabbage,75.0,48.32,80.78,6.19,11.88,625.0,0.24
Mangu,Highland,Cabbage,129.28,61.7,134.83,5.55,7.68,604.09,0.56
Mangu,Highland,Cabbage,87.47,42.38,108.97,5.42,24.63,557.1,1.09
Mangu,Highland,Cabbage,141.06,37.82,107.81,6.17,23.23,520.3,0.71
Mangu,Highland,Cabbage,95.76,53.21,94.87,5.97,25.71,581.44,0.29
Mangu,Highland,Cabbage,121.55,54.35,113.11,6.81,7.5,544.27,0.15
Mangu,Highland,Cabbage,75.0,37.5,117.91,5.33,7.5,625.0,0.88
Mangu,Highland,Cabbage,106.49,63.05,122.95,7.04,18.15,463.87,0.52
Mangu,Highland,Cabbage,122.39,37.5,109.89,6.87,9.76,510.25,0.54
Mangu,Highland,Cabbage,87.89,42.56,101.59,7.21,7.5,478.07,0.15
Mangu,Highland,Cabbage,109.09,37.5,109.72,6.01,21.46,593.0,0.46
Mangu,Highland,Cabbage,147.78,53.72,118.87,6.25,10.04,577.24,0.21
Mangu,Highland,Cabbage,143.26,51.23,112.69,6.5,7.5,609.8,0.18
Mangu,Highland,Cabbage,152.52,63.36,112.51,6.93,7.5,569.31,0.27
Mangu,Highland,Cabbage,133.37,51.64,87.54,6.3,7.5,529.22,0.42
Mangu,Highland,Cabbage,82.13,50.01,84.61,6.41,12.97,441.99,0.94
Mangu,Highland,Cabbage,81.36,50.7,75.0,6.81,21.88,552.93,0.15
Mangu,Highland,Cabbage,167.6,54.42,89.67,6.38,21.48,479.96,0.35
Mangu,Highland,Cabbage,152.15,66.0,101.52,5.3,7.5,625.0,0.15
Mangu,Highland,Cabbage,91.17,43.66,86.42,7.04,12.47,527.15,0.74
Mangu,Highland,Cabbage,85.97,40.13,92.07,6.55,17.4,423.19,0.77
Mangu,Highland,Cabbage,146.64,49.88,116.54,6.08,11.67,524.95,0.27
Mangu,Highland,Cabbage,120.82,58.39,124.49,5.8,10.12,503.34,0.7
Mangu,Highland,Cabbage,132.29,46.01,103.59,7.21,23.23,463.19,0.15
Mangu,Highland,Cabbage,83.99,49.72,75.0,6.84,8.07,548.91,0.15
Mangu,Highland,Cabbage,118.72,40.25,119.23,5.94,30.0,473.14,1.11
Mangu,Highland,Cabbage,83.65,41.29,75.0,5.65,7.5,625.0,0.15
Mangu,Highland,Cabbage,118.43,48.05,109.57,7.68,22.17,465.61,0.38
Mangu,Highland,Cabbage,151.46,45.44,81.79,6.56,21.11,625.0,0.38
Mangu,Highland,Cabbage,127.92,47.77,128.87,6.86,7.91,446.6,0.96
Mangu,Highland,Cabbage,98.73,54.52,116.06,6.52,18.32,515.71,0.5
Mangu,Highland,Cabbage,75.0,37.5,75.0,5.88,13.76,509.81,0.99
Mangu,Highland,Cabbage,97.91,53.17,98.78,7.32,7.5,530.33,0.15
Mangu,Highland,Cabbage,114.52,61.08,99.09,7.25,24.16,471.08,0.49
Mangu,Highland,Cabbage,93.57,47.41,95.05,7.0,12.75,498.98,0.44
Mangu,Highland,Cabbage,75.0,45.4,93.55,7.32,16.48,502.41,0.32
Mangu,Highland,Maize,225.37,88.33,87.59,5.91,21.12,678.56,1.06
Mangu,Highland,Maize,112.5,54.92,61.3,4.58,26.8,681.48,1.59
Mangu,Highland,Maize,172.08,59.78,58.6,5.16,19.33,792.66,1.43
Mangu,Highland,Maize,176.89,47.45,45.0,8.32,21.84,620.51,0.67
Mangu,Highland,Maize,152.95,37.5,58.42,4.89,16.41,901.8,1.16
Mangu,Highland,Maize,137.65,51.91,56.13,7.12,19.38,726.02,0.58
Mangu,Highland,Maize,115.72,76.77,53.83,6.11,22.27,762.86,1.26
Mangu,Highland,Maize,158.73,42.83,45.0,7.4,25.9,627.73,1.07
Mangu,Highland,Maize,138.32,70.45,54.6,6.1,20.21,1000.0,0.3
Mangu,Highland,Maize,166.63,51.23,94.46,7.72,26.85,485.83,1.33
Mangu,Highland,Maize,112.5,37.5,45.0,9.25,21.11,666.9,0.3
Mangu,Highland,Maize,161.99,45.03,53.49,5.86,22.2,839.55,1.38
Mangu,Highland,Maize,166.99,37.5,62.58,7.53,17.08,829.77,0.31
Mangu,Highland,Maize,120.46,49.77,45.0,6.78,26.84,827.8,1.09
Mangu,Highland,Maize,173.18,40.4,45.0,4.69,24.14,784.52,0.86
Mangu,Highland,Maize,155.86,45.87,45.0,6.76,21.7,829.72,1.73
Mangu,Highland,Maize,116.07,63.18,86.0,8.12,18.62,763.91,0.3
Mangu,Highland,Maize,185.43,46.02,97.82,7.91,20.33,624.59,0.94
Mangu,Highland,Maize,173.22,41.84,50.59,6.53,16.21,895.5,0.3
Mangu,Highland,Maize,178.15,72.55,86.54,5.64,23.15,454.83,1.92
Mangu,Highland,Maize,220.6,91.59,49.7,5.67,23.5,744.09,1.28
Mangu,Highland,Maize,129.05,37.5,47.84,6.51,15.0,1000.0,0.3
Mangu,Highland,Maize,159.23,63.63,62.26,5.22,23.11,711.3,0.77
Mangu,Highland,Maize,146.52,39.64,61.31,8.39,21.35,563.09,0.51
Mangu,Highland,Maize,140.13,56.46,64.17,7.0,22.84,843.3,0.3
Mangu,Highland,Maize,179.37,71.39,63.08,6.71,25.92,819.61,1.57
Mangu,Highland,Maize,135.04,71.33,47.53,6.75,15.0,732.37,0.3
Mangu,Highland,Maize,168.46,69.69,54.1,8.24,15.0,660.55,0.3
Mangu,Highland,Maize,169.81,80.74,65.44,7.37,16.94,404.77,1.02
Mangu,Highland,Maize,184.19,45.04,50.81,5.37,18.76,824.74,0.37
Mangu,Highland,Maize,161.58,40.77,45.0,6.6,15.0,1000.0,0.3
Mangu,Highland,Maize,171.34,61.47,93.77,5.75,17.04,1000.0,0.3
Mangu,Highland,Maize,147.47,53.68,63.37,7.48,22.01,907.95,0.3
Mangu,Highland,Maize,130.42,63.74,98.75,7.66,15.68,884.59,0.3
Mangu,Highland,Maize,147.47,74.77,74.38,6.28,15.0,672.24,1.16
Mangu,Highland,Maize,143.01,58.04,45.0,4.99,15.0,908.12,0.93
Mangu,Highland,Maize,197.75,43.73,82.7,5.28,26.26,701.28,1.53
Mangu,Highland,Maize,183.69,58.92,96.72,6.46,17.7,684.21,0.71
Mangu,Highland,Maize,157.39,56.76,73.98,7.3,23.99,556.83,1.12
Mangu,Highland,Maize,119.15,37.5,49.65,6.23,15.0,809.7,1.07
Mangu,Highland,Maize,176.24,65.77,79.31,7.66,16.89,642.47,0.38
Mangu,Highland,Maize,143.69,47.14,55.25,6.38,24.69,937.78,0.3
Mangu,Highland,Maize,141.06,37.5,45.0,6.43,15.0,784.49,0.55
Mangu,Highland,Maize,152.11,62.54,85.67,5.26,20.55,1000.0,0.3
Mangu,Highland,Maize,175.61,77.32,46.12,6.53,20.87,815.54,0.58
Mangu,Highland,Maize,143.69,40.53,58.15,5.86,16.13,911.67,0.68
Mangu,Highland,Maize,192.83,63.33,91.41,6.32,20.81,865.66,0.73
Mangu,Highland,Maize,127.42,71.57,64.19,6.9,16.86,819.11,0.3
Mangu,Highland,Maize,133.31,44.21,47.03,7.3,19.69,590.37,1.3
Mangu,Highland,Maize,181.62,64.4,105.37,7.61,20.01,542.3,0.76
Mangu,Highland,Wheat,117.53,34.68,18.75,5.44,11.25,798.9,0.6
Mangu,Highland,Wheat,169.06,26.25,24.56,7.92,20.89,623.02,1.44
Mangu,Highland,Wheat,111.68,31.77,45.2,4.84,11.41,648.82,3.12
Mangu,Highland,Wheat,115.13,36.07,18.75,7.54,13.32,498.57,2.42
Mangu,Highland,Wheat,89.67,36.87,23.63,6.79,13.07,743.14,0.6
Mangu,Highland,Wheat,75.0,28.84,23.34,5.24,14.84,778.6,0.6
Mangu,Highland,Wheat,119.98,32.41,18.75,8.08,13.94,479.81,2.29
Mangu,Highland,Wheat,120.22,27.84,18.75,7.33,11.25,812.5,0.6
Mangu,Highland,Wheat,140.35,33.44,25.25,7.07,13.71,531.28,1.74
Mangu,Highland,Wheat,131.97,34.62,36.45,6.6,13.77,623.51,2.03
Mangu,Highland,Wheat,121.93,36.35,24.77,7.09,11.25,812.5,0.6
Mangu,Highland,Wheat,85.26,28.28,18.75,6.37,14.3,812.5,0.6
Mangu,Highland,Wheat,124.1,27.7,19.53,4.97,13.58,812.5,0.6
Mangu,Highland,Wheat,75.0,31.74,18.75,7.13,11.45,802.5,0.6
Mangu,Highland,Wheat,75.0,31.03,18.75,6.61,19.46,641.1,1.85
Mangu,Highland,Wheat,75.0,39.33,18.75,6.57,15.65,638.51,1.65
Mangu,Highland,Wheat,109.86,33.29,48.47,6.84,15.26,630.35,1.85
Mangu,Highland,Wheat,120.3,35.96,39.15,7.2,15.11,796.53,1.17
Mangu,Highland,Wheat,75.0,32.85,18.75,5.39,16.72,663.96,1.47
Mangu,Highland,Wheat,109.38,26.25,33.34,7.19,15.77,715.77,0.88
Mangu,Highland,Wheat,75.0,29.3,18.75,9.04,17.02,586.83,0.6
Mangu,Highland,Wheat,101.29,33.39,46.82,7.46,11.25,563.09,0.78
Mangu,Highland,Wheat,113.64,31.86,18.75,6.69,18.0,647.38,1.7
Mangu,Highland,Wheat,85.98,30.77,18.75,8.36,16.43,713.94,0.6
Mangu,Highland,Wheat,84.5,26.25,23.98,6.4,19.43,545.14,3.12
Mangu,Highland,Wheat,135.14,32.4,19.67,4.63,18.72,713.22,2.45
Mangu,Highland,Wheat,100.49,33.5,18.75,5.88,12.58,812.5,0.6
Mangu,Highland,Wheat,187.5,36.41,54.52,7.77,18.67,554.12,0.78
Mangu,Highland,Wheat,133.08,28.46,18.75,6.33,13.79,675.64,1.09
Mangu,Highland,Wheat,92.78,26.41,18.75,7.35,16.88,559.74,1.11
Mangu,Highland,Wheat,148.49,47.01,58.29,4.93,18.6,743.36,2.66
Mangu,Highland,Wheat,120.22,29.26,18.75,8.0,11.25,510.19,0.79
Mangu,Highland,Wheat,114.09,31.49,18.75,6.43,16.36,523.81,2.77
Mangu,Highland,Wheat,126.93,31.0,29.28,7.8,16.81,638.15,0.67
Mangu,Highland,Wheat,75.0,27.95,26.14,7.53,15.49,642.13,1.94
Mangu,Highland,Wheat,133.47,28.56,18.75,7.85,17.37,660.88,1.1
Mangu,Highland,Wheat,121.67,34.8,18.75,5.83,13.14,646.78,1.69
Mangu,Highland,Wheat,128.87,29.17,26.64,5.87,17.39,437.48,2.66
Mangu,Highland,Wheat,114.48,38.42,18.75,7.58,13.08,669.34,1.49
Mangu,Highland,Wheat,96.05,31.01,30.78,7.1,16.36,552.87,0.62
Mangu,Highland,Wheat,129.26,42.26,39.92,6.09,16.41,700.42,1.83
Mangu,Highland,Wheat,130.5,35.87,22.31,6.16,11.25,729.06,0.72
Mangu,Highland,Wheat,79.49,38.7,30.75,4.5,16.82,770.7,1.72
Mangu,Highland,Wheat,120.34,27.68,36.95,5.7,11.25,812.5,1.1
Mangu,Highland,Wheat,87.15,32.16,18.75,6.53,14.92,555.12,2.31
Mangu,Highland,Wheat,95.72,33.32,18.75,7.53,16.3,396.87,1.18
Mangu,Highland,Wheat,117.24,35.45,25.85,8.3,12.95,603.84,1.11
Mangu,Highland,Wheat,75.0,26.25,18.75,5.77,17.91,719.11,1.45
Mangu,Highland,Wheat,75.0,26.25,18.75,4.96,19.38,812.5,0.6
Mangu,Highland,Wheat,98.03,44.35,18.75,7.94,15.29,603.91,1.55
Mangu,Highland,Pineapple,249.46,63.68,147.02,5.57,18.97,1055.03,0.08
Mangu,Highland,Pineapple,204.27,46.37,119.37,4.47,19.29,1177.61,0.11
Mangu,Highland,Pineapple,253.59,53.06,239.44,6.23,21.79,745.78,0.41
Mangu,Highland,Pineapple,249.96,37.24,82.5,3.97,19.59,1250.0,0.17
Mangu,Highland,Pineapple,283.3,48.38,186.6,4.36,24.24,1098.11,0.12
Mangu,Highland,Pineapple,202.81,44.37,183.91,4.98,21.22,856.33,0.4
Mangu,Highland,Pineapple,228.95,62.1,154.22,4.46,20.85,998.41,0.14
Mangu,Highland,Pineapple,285.66,50.09,142.12,5.58,20.42,913.19,0.18
Mangu,Highland,Pineapple,274.96,50.08,177.6,5.54,18.31,753.7,0.76
Mangu,Highland,Pineapple,238.95,42.11,82.5,6.75,20.74,584.62,0.25
Mangu,Highland,Pineapple,215.17,45.11,184.99,4.46,20.76,1207.33,0.11
Mangu,Highland,Pineapple,193.39,46.25,109.83,4.91,21.06,1182.05,0.08
Mangu,Highland,Pineapple,232.66,56.53,151.96,5.33,20.6,755.18,0.47
Mangu,Highland,Pineapple,197.22,40.07,82.5,5.64,19.64,1247.73,0.08
Mangu,Highland,Pineapple,233.33,42.76,226.66,5.96,23.83,658.8,0.86
Mangu,Highland,Pineapple,252.82,42.09,148.23,4.32,17.2,1157.31,0.45
Mangu,Highland,Pineapple,309.89,49.97,201.11,6.82,22.34,663.89,0.66
Mangu,Highland,Pineapple,248.65,53.67,128.0,7.06,21.4,598.82,0.43
Mangu,Highland,Pineapple,232.89,64.0,100.68,6.21,24.21,937.4,0.29
Mangu,Highland,Pineapple,172.5,33.75,82.5,4.67,25.42,1035.82,0.54
Mangu,Highland,Pineapple,252.3,60.02,161.41,5.24,18.71,994.4,0.25
Mangu,Highland,Pineapple,273.98,33.75,166.21,6.66,24.49,903.61,0.34
Mangu,Highland,Pineapple,245.31,40.21,145.77,6.68,22.08,891.05,0.08
Mangu,Highland,Pineapple,272.51,50.65,227.42,5.12,21.67,929.97,0.08
Mangu,Highland,Pineapple,310.37,33.75,221.97,5.93,23.57,791.15,0.41
Mangu,Highland,Pineapple,266.41,42.01,178.5,4.64,23.47,992.77,0.08
Mangu,Highland,Pineapple,246.45,50.75,174.22,5.71,22.24,907.07,0.38
Mangu,Highland,Pineapple,222.04,33.75,144.12,6.87,17.71,995.31,0.08
Mangu,Highland,Pineapple,229.04,43.5,98.57,6.18,20.42,862.17,0.63
Mangu,Highland,Pineapple,212.83,42.25,85.99,4.58,18.95,1032.99,0.08
Mangu,Highland,Pineapple,229.74,39.98,118.73,7.45,21.49,969.16,0.08
Mangu,Highland,Pineapple,247.86,45.44,145.9,5.12,22.15,1122.23,0.24
Mangu,Highland,Pineapple,179.6,33.75,82.5,4.54,23.14,1010.85,0.52
Mangu,Highland,Pineapple,226.42,35.5,157.94,5.02,23.04,927.5,0.67
Mangu,Highland,Pineapple,230.07,47.64,82.5,5.5,22.0,1186.32,0.08
Mangu,Highland,Pineapple,300.5,58.57,177.66,5.61,20.56,955.37,0.08
Mangu,Highland,Pineapple,247.97,37.32,82.5,5.36,22.13,1136.64,0.21
Mangu,Highland,Pineapple,255.0,49.41,89.16,5.2,17.48,1218.11,0.08
Mangu,Highland,Pineapple,258.07,61.92,87.74,3.62,18.02,881.02,0.52
Mangu,Highland,Pineapple,221.75,42.3,82.5,7.23,17.25,919.91,0.08
Mangu,Highland,Pineapple,263.36,54.13,244.96,4.61,18.2,1033.2,0.08
Mangu,Highland,Pineapple,257.97,61.34,202.77,6.6,20.35,833.13,0.31
Mangu,Highland,Pineapple,314.19,39.35,190.94,5.64,20.23,956.69,0.08
Mangu,Highland,Pineapple,189.57,45.36,91.26,6.03,19.53,1131.47,0.08
Mangu,Highland,Pineapple,253.16,41.18,234.09,5.18,25.52,773.91,0.82
Mangu,Highland,Pineapple,217.19,50.31,122.04,4.58,18.08,1117.45,0.08
Mangu,Highland,Pineapple,245.8,51.99,161.34,5.95,19.16,1111.85,0.08
Mangu,Highland,Pineapple,257.33,59.59,136.61,7.42,20.63,834.21,0.52
Mangu,Highland,Pineapple,234.14,41.86,89.13,4.64,24.06,853.96,0.68
Mangu,Highland,Pineapple,246.26,55.1,144.57,5.48,20.96,1032.96,0.08
Mangu,Highland,Onion,54.12,25.21,36.03,6.32,13.32,565.1,0.71
Mangu,Highland,Onion,45.0,22.12,43.92,7.4,13.68,567.71,0.3
Mangu,Highland,Onion,50.52,18.75,33.75,6.09,20.73,578.16,1.12
Mangu,Highland,Onion,104.38,51.35,68.25,7.07,11.25,426.07,0.95
Mangu,Highland,Onion,46.93,18.75,34.71,5.91,20.33,552.45,1.56
Mangu,Highland,Onion,67.05,25.9,56.33,6.51,11.25,532.63,0.3
Mangu,Highland,Onion,45.0,18.75,33.75,5.45,11.25,687.5,0.3
Mangu,Highland,Onion,45.0,18.75,50.73,6.13,13.3,626.26,0.64
Mangu,Highland,Onion,59.24,21.47,43.72,6.73,13.99,687.5,0.3
Mangu,Highland,Onion,59.08,56.25,48.42,5.79,11.25,577.09,0.34
Mangu,Highland,Onion,45.0,18.75,43.78,6.38,16.77,469.17,1.11
Mangu,Highland,Onion,45.35,42.6,46.09,6.59,17.27,516.63,0.3
Mangu,Highland,Onion,66.23,21.33,41.94,6.0,12.1,593.21,0.46
Mangu,Highland,Onion,73.43,24.8,33.75,6.33,13.07,616.99,0.48
Mangu,Highland,Onion,72.1,22.62,49.91,6.12,15.6,548.43,1.29
Mangu,Highland,Onion,87.49,39.83,56.34,5.58,17.83,448.9,1.47
Mangu,Highland,Onion,86.15,33.58,60.07,7.46,11.25,373.56,0.48
Mangu,Highland,Onion,71.25,45.88,38.59,5.65,11.25,682.57,0.32
Mangu,Highland,Onion,45.0,22.57,40.06,6.35,11.25,644.86,0.4
Mangu,Highland,Onion,46.44,20.63,33.75,6.02,20.45,556.82,1.43
Mangu,Highland,Onion,95.75,34.04,60.69,7.02,20.82,407.3,1.04
Mangu,Highland,Onion,65.74,36.58,52.09,6.13,11.25,629.81,0.3
Mangu,Highland,Onion,108.83,38.67,43.52,6.69,16.37,417.02,0.77
Mangu,Highland,Onion,57.6,39.06,43.92,6.67,12.05,537.57,0.3
Mangu,Highland,Onion,89.64,24.91,60.78,7.21,17.03,469.48,0.3
Mangu,Highland,Onion,81.04,39.31,72.78,7.33,14.63,499.73,0.34
Mangu,Highland,Onion,45.0,18.75,33.75,6.03,11.91,687.5,0.31
Mangu,Highland,Onion,45.0,18.75,41.62,6.25,11.25,628.24,1.02
Mangu,Highland,Onion,65.06,19.23,45.25,7.48,20.11,262.5,1.48
Mangu,Highland,Onion,59.79,29.53,46.48,7.16,13.93,426.15,0.3
Mangu,Highland,Onion,95.72,41.8,45.58,7.07,12.17,535.53,0.38
Mangu,Highland,Onion,48.62,28.77,33.75,6.31,18.49,360.33,0.96
Mangu,Highland,Onion,72.99,36.98,59.78,5.67,16.34,555.37,1.63
Mangu,Highland,Onion,95.55,25.42,53.52,6.43,19.5,378.73,1.62
Mangu,Highland,Onion,76.85,32.69,61.47,7.09,19.77,324.37,0.88
Mangu,Highland,Onion,72.82,27.22,57.27,6.59,11.25,488.3,1.18
Mangu,Highland,Onion,90.79,33.49,50.87,7.16,12.73,495.4,0.49
Mangu,Highland,Onion,67.99,24.13,58.31,6.78,12.45,530.25,0.58
Mangu,Highland,Onion,56.07,18.75,33.75,5.6,15.8,588.36,1.39
Mangu,Highland,Onion,84.8,25.51,53.77,6.89,18.22,423.31,0.71
Mangu,Highland,Onion,81.48,41.26,100.0,6.12,13.98,452.46,0.78
Mangu,Highland,Onion,79.66,22.31,59.69,7.12,13.67,393.91,0.86
Mangu,Highland,Onion,64.89,18.75,50.15,6.93,14.05,451.45,0.4
Mangu,Highland,Onion,91.64,36.92,72.4,6.28,13.09,513.57,0.96
Mangu,Highland,Onion,88.93,30.0,78.93,7.51,13.96,361.88,1.42
Mangu,Highland,Onion,45.0,18.75,33.75,6.64,12.51,687.5,0.3
Mangu,Highland,Onion,57.95,23.46,46.52,6.04,20.53,523.95,1.31
Mangu,Highland,Onion,45.0,23.62,47.0,6.52,14.08,526.86,0.3
Mangu,Highland,Onion,64.76,29.55,54.69,7.33,17.35,415.76,0.56
Mangu,Highland,Onion,45.0,43.27,45.3,6.41,21.78,529.94,0.91
Jos East,Highland,Irish-potato,60.0,73.47,187.21,4.56,10.84,561.18,0.29
Jos East,Highland,Irish-potato,117.08,56.43,204.99,3.91,13.86,334.41,1.27
Jos East,Highland,Irish-potato,76.49,30.0,112.64,3.76,12.91,750.0,0.22
Jos East,Highland,Irish-potato,102.23,46.07,98.9,4.75,7.5,750.0,0.24
Jos East,Highland,Irish-potato,115.03,30.0,136.73,3.9,9.84,530.44,0.82
Jos East,Highland,Irish-potato,124.06,58.47,125.69,5.52,7.5,628.64,0.28
Jos East,Highland,Irish-potato,60.0,33.09,117.05,3.99,16.44,445.09,1.55
Jos East,Highland,Irish-potato,101.46,66.58,105.79,4.96,16.07,493.1,0.22
Jos East,Highland,Irish-potato,85.04,75.0,98.06,5.6,14.86,408.32,0.64
Jos East,Highland,Irish-potato,124.55,51.73,219.82,4.4,15.29,528.0,0.52
Jos East,Highland,Irish-potato,63.15,44.0,154.41,3.52,11.31,750.0,0.94
Jos East,Highland,Irish-potato,95.79,30.0,141.29,4.71,7.5,750.0,0.22
Jos East,Highland,Irish-potato,94.87,64.01,90.0,3.48,13.81,670.89,0.9
Jos East,Highland,Irish-potato,150.0,58.08,225.0,4.26,18.34,300.0,1.65
Jos East,Highland,Irish-potato,67.06,59.08,192.79,4.62,19.19,422.99,1.21
Jos East,Highland,Irish-potato,73.98,39.55,163.8,3.81,21.25,363.72,1.0
Jos East,Highland,Irish-potato,85.03,75.0,180.1,5.3,7.5,566.3,0.22
Jos East,Highland,Irish-potato,60.0,35.78,116.49,4.59,11.2,750.0,0.22
Jos East,Highland,Irish-potato,60.0,42.1,90.0,3.64,15.04,589.87,1.35
Jos East,Highland,Irish-potato,60.0,30.0,143.53,4.29,11.32,736.59,0.49
Jos East,Highland,Irish-potato,88.71,75.0,192.29,3.08,10.96,643.9,0.38
Jos East,Highland,Irish-potato,91.08,59.99,94.39,4.7,15.56,620.2,0.82
Jos East,Highland,Irish-potato,105.21,74.97,224.42,3.87,13.48,306.03,1.05
Jos East,Highland,Irish-potato,71.55,71.66,144.11,4.82,14.15,574.48,0.59
Jos East,Highland,Irish-potato,99.08,62.31,215.73,4.05,7.5,679.89,0.22
Jos East,Highland,Irish-potato,109.37,48.66,163.21,4.78,12.07,465.85,0.63
Jos East,Highland,Irish-potato,116.62,68.71,225.0,3.0,16.98,585.18,1.78
Jos East,Highland,Irish-potato,108.43,72.55,148.28,5.02,12.75,604.46,0.45
Jos East,Highland,Irish-potato,69.0,33.06,95.54,3.88,11.89,450.46,0.83
Jos East,Highland,Irish-potato,113.36,65.44,220.56,4.25,15.2,750.0,0.22
Jos East,Highland,Irish-potato,95.86,65.84,166.14,4.55,13.56,568.04,0.61
Jos East,Highland,Irish-potato,69.48,35.36,90.0,4.38,10.34,744.9,0.52
Jos East,Highland,Irish-potato,106.44,38.11,225.0,4.41,13.64,448.06,0.93
Jos East,Highland,Irish-potato,78.88,36.83,130.24,3.76,13.04,697.84,0.65
Jos East,Highland,Irish-potato,93.49,61.33,183.34,5.77,8.16,584.66,0.22
Jos East,Highland,Irish-potato,65.62,39.16,142.81,6.18,14.58,300.0,0.89
Jos East,Highland,Irish-potato,60.0,30.0,112.92,5.1,15.86,733.28,0.22
Jos East,Highland,Irish-potato,92.79,60.57,192.33,6.04,15.01,441.78,0.22
Jos East,Highland,Irish-potato,138.36,65.11,160.61,3.68,11.69,557.48,0.47
Jos East,Highland,Irish-potato,62.71,63.45,100.1,3.83,13.71,592.78,0.22
Jos East,Highland,Irish-potato,74.55,30.0,90.0,4.7,11.17,354.91,0.85
Jos East,Highland,Irish-potato,77.07,40.53,90.0,3.75,12.48,660.89,0.55
Jos East,Highland,Irish-potato,81.22,65.05,171.53,4.77,12.69,690.17,0.74
Jos East,Highland,Irish-potato,60.0,44.23,141.39,5.75,12.27,441.33,0.22
Jos East,Highland,Irish-potato,120.15,57.18,214.46,4.4,16.19,438.62,0.9
Jos East,Highland,Irish-potato,116.15,30.94,167.04,3.32,9.44,585.31,0.66
Jos East,Highland,Irish-potato,122.83,46.07,101.84,4.8,16.2,480.11,0.86
Jos East,Highland,Irish-potato,93.12,53.14,184.24,3.51,15.55,574.49,1.01
Jos East,Highland,Irish-potato,64.52,30.0,90.47,4.06,15.88,582.67,1.2
Jos East,Highland,Irish-potato,90.49,49.07,159.69,5.32,11.32,455.46,0.36
Jos East,Highland,Tomato,94.77,81.91,120.0,4.2,13.5,750.0,0.38
Jos East,Highland,Tomato,130.87,86.8,201.8,5.54,15.33,628.52,0.38
Jos East,Highland,Tomato,76.57,62.78,166.42,6.9,13.5,623.2,0.38
Jos East,Highland,Tomato,86.73,67.38,171.14,5.27,13.63,750.0,0.38
Jos East,Highland,Tomato,111.71,97.4,165.49,4.84,21.85,626.18,1.04
Jos East,Highland,Tomato,126.75,107.03,157.14,7.01,19.07,545.95,0.38
Jos East,Highland,Tomato,111.15,67.51,190.91,3.75,17.9,625.45,2.02
Jos East,Highland,Tomato,147.23,133.94,263.71,8.18,23.67,300.0,0.86
Jos East,Highland,Tomato,93.32,51.21,180.73,4.95,23.21,619.42,1.4
Jos East,Highland,Tomato,132.31,118.73,242.07,5.54,19.85,497.69,1.53
Jos East,Highland,Tomato,110.22,62.77,211.55,7.29,13.87,492.7,0.4
Jos East,Highland,Tomato,114.48,89.18,171.34,5.0,21.39,707.18,1.24
Jos East,Highland,Tomato,75.0,48.75,133.94,6.48,21.58,625.72,1.06
Jos East,Highland,Tomato,94.35,132.59,205.42,4.39,13.5,572.85,1.63
Jos East,Highland,Tomato,105.52,49.04,204.84,5.22,14.55,648.07,0.92
Jos East,Highland,Tomato,160.2,136.17,181.13,4.28,19.1,640.22,1.18
Jos East,Highland,Tomato,110.21,70.68,120.0,4.84,24.45,590.22,0.91
Jos East,Highland,Tomato,117.92,75.93,186.47,5.0,16.1,545.87,0.64
Jos East,Highland,Tomato,83.43,133.85,151.95,5.47,16.47,750.0,0.38
Jos East,Highland,Tomato,163.7,82.43,187.08,5.68,21.99,608.75,0.42
Jos East,Highland,Tomato,104.04,73.32,168.38,5.75,18.44,733.64,0.38
Jos East,Highland,Tomato,76.87,54.4,195.01,5.7,21.88,565.52,1.5
Jos East,Highland,Tomato,81.56,48.75,161.17,6.94,15.22,526.62,0.38
Jos East,Highland,Tomato,93.21,86.64,169.91,4.38,24.92,420.5,1.87
Jos East,Highland,Tomato,90.14,87.27,184.37,4.96,19.99,601.32,0.95
Jos East,Highland,Tomato,101.7,126.33,197.72,5.1,19.14,750.0,0.38
Jos East,Highland,Tomato,92.32,48.75,214.37,5.77,17.88,631.38,1.39
Jos East,Highland,Tomato,77.54,48.75,212.16,3.75,21.2,715.09,1.07
Jos East,Highland,Tomato,108.01,84.51,267.17,6.67,19.57,554.05,1.58
Jos East,Highland,Tomato,75.0,48.75,211.74,5.94,13.5,667.58,0.38
Jos East,Highland,Tomato,160.23,83.87,243.46,5.97,20.44,627.46,0.64
Jos East,Highland,Tomato,121.45,108.84,265.75,5.31,13.5,550.02,1.67
Jos East,Highland,Tomato,101.87,48.75,179.59,6.29,16.56,691.2,0.38
Jos East,Highland,Tomato,141.32,137.5,290.02,6.09,22.12,465.21,1.14
Jos East,Highland,Tomato,75.0,73.54,149.09,6.67,18.37,507.09,0.38
Jos East,Highland,Tomato,117.41,91.0,184.04,6.85,22.22,472.66,0.81
Jos East,Highland,Tomato,106.41,73.92,120.0,6.33,14.0,704.36,0.38
Jos East,Highland,Tomato,127.56,74.1,183.72,6.55,14.69,661.85,0.38
Jos East,Highland,Tomato,96.87,69.91,252.57,5.68,26.52,495.85,2.2
Jos East,Highland,Tomato,139.14,102.68,163.48,5.41,20.96,662.76,1.62
Jos East,Highland,Tomato,147.57,121.5,255.3,6.97,21.41,481.32,0.38
Jos East,Highland,Tomato,75.0,109.74,136.87,5.81,16.04,421.4,1.86
Jos East,Highland,Tomato,138.19,71.17,202.98,6.62,21.16,552.32,1.04
Jos East,Highland,Tomato,116.64,89.05,170.11,5.48,17.96,741.64,0.38
Jos East,Highland,Tomato,151.0,85.27,234.63,7.06,18.17,534.12,0.9
Jos East,Highland,Tomato,104.93,52.25,168.9,6.03,14.07,631.07,0.75
Jos East,Highland,Tomato,108.98,82.29,197.78,4.54,21.24,730.86,1.32
Jos East,Highland,Tomato,126.6,113.31,160.69,6.24,17.2,582.55,0.38
Jos East,Highland,Tomato,115.11,89.72,168.43,4.14,16.14,638.86,1.75
Jos East,Highland,Tomato,91.32,76.71,166.65,5.63,16.38,636.23,0.94
Jos East,Highland,Groundnut,11.8,18.37,32.43,5.68,22.22,847.92,0.53
Jos East,Highland,Groundnut,7.5,11.25,18.75,4.5,20.06,863.46,1.07
Jos East,Highland,Groundnut,10.08,31.66,43.95,5.71,18.11,679.84,0.15
Jos East,Highland,Groundnut,7.5,27.55,18.75,7.16,20.14,553.0,0.23
Jos East,Highland,Groundnut,7.5,11.25,19.76,6.64,23.35,667.54,0.15
Jos East,Highland,Groundnut,7.5,22.08,27.18,7.98,19.86,627.31,0.15
Jos East,Highland,Groundnut,7.5,43.33,25.51,5.92,24.2,544.86,0.84
Jos East,Highland,Groundnut,7.5,11.25,20.67,4.68,18.93,875.0,0.53
Jos East,Highland,Groundnut,7.5,18.42,19.07,7.47,16.5,731.51,0.15
Jos East,Highland,Groundnut,8.83,50.0,27.73,6.37,20.02,596.83,0.63
Jos East,Highland,Groundnut,7.5,25.41,18.75,6.43,22.51,629.56,0.41
Jos East,Highland,Groundnut,7.5,15.55,31.66,7.15,22.92,560.66,0.15
Jos East,Highland,Groundnut,7.5,37.31,18.75,5.92,21.22,600.52,0.91
Jos East,Highland,Groundnut,7.5,37.89,21.17,5.91,16.5,699.38,0.4
Jos East,Highland,Groundnut,7.5,21.29,22.25,4.94,22.15,759.71,0.65
Jos East,Highland,Groundnut,7.5,35.08,32.03,6.39,19.99,759.67,0.34
Jos East,Highland,Groundnut,7.5,19.56,30.44,6.71,23.53,748.24,0.2
Jos East,Highland,Groundnut,7.5,50.0,22.2,6.76,28.88,554.21,0.29
Jos East,Highland,Groundnut,9.88,42.85,34.49,5.6,21.52,834.21,0.22
Jos East,Highland,Groundnut,7.5,38.46,18.75,5.95,20.67,875.0,0.15
Jos East,Highland,Groundnut,7.5,38.08,18.75,5.22,19.25,817.24,0.63
Jos East,Highland,Groundnut,7.5,42.61,18.75,5.97,21.3,700.04,0.49
Jos East,Highland,Groundnut,7.5,18.4,18.75,5.08,20.01,875.0,0.36
Jos East,Highland,Groundnut,7.5,13.6,23.13,6.61,26.98,807.09,0.15
Jos East,Highland,Groundnut,7.5,35.52,24.14,6.48,22.65,425.86,0.95
Jos East,Highland,Groundnut,7.5,26.84,28.89,5.47,27.39,662.45,0.66
Jos East,Highland,Groundnut,7.5,25.08,18.75,5.95,23.38,717.69,0.83
Jos East,Highland,Groundnut,7.5,39.16,18.75,6.94,17.59,695.55,0.15
Jos East,Highland,Groundnut,7.5,49.06,22.86,5.67,24.39,574.29,0.8
Jos East,Highland,Groundnut,7.5,26.53,22.41,6.39,25.56,668.62,0.15
Jos East,Highland,Groundnut,7.5,23.77,25.71,5.28,17.01,875.0,0.15
Jos East,Highland,Groundnut,9.64,47.78,24.73,5.84,23.83,654.09,0.5
Jos East,Highland,Groundnut,7.5,25.28,18.75,6.78,25.03,571.85,0.86
Jos East,Highland,Groundnut,7.5,36.05,23.97,5.46,19.85,736.1,0.87
Jos East,Highland,Groundnut,7.5,27.66,19.17,6.33,18.67,723.05,0.29
Jos East,Highland,Groundnut,7.5,14.38,18.75,6.24,20.73,875.0,0.15
Jos East,Highland,Groundnut,7.5,20.8,18.75,6.58,26.38,450.78,0.39
Jos East,Highland,Groundnut,7.5,29.6,18.75,5.63,20.52,795.97,0.15
Jos East,Highland,Groundnut,7.5,25.53,25.08,6.44,23.46,647.41,0.95
Jos East,Highland,Groundnut,8.84,35.75,23.65,5.43,16.69,662.35,0.72
Jos East,Highland,Groundnut,7.5,39.1,28.45,6.0,19.56,775.24,0.27
Jos East,Highland,Groundnut,7.5,11.53,38.93,7.43,23.14,601.19,0.2
Jos East,Highland,Groundnut,7.5,23.49,18.75,5.65,19.36,679.38,0.69
Jos East,Highland,Groundnut,7.5,50.0,26.61,6.76,18.34,599.73,0.21
Jos East,Highland,Groundnut,7.5,33.01,33.31,7.02,23.25,565.13,0.94
Jos East,Highland,Groundnut,7.5,11.25,18.75,4.54,22.74,796.97,0.91
Jos East,Highland,Groundnut,8.08,38.84,20.81,6.74,18.73,629.92,0.15
Jos East,Highland,Groundnut,7.5,11.25,18.75,5.96,25.96,844.4,0.15
Jos East,Highland,Groundnut,7.5,27.65,18.75,5.79,23.59,748.14,0.15
Jos East,Highland,Groundnut,7.5,11.25,18.75,6.47,22.83,835.15,0.15
Jos East,Highland,Pepper,75.0,18.75,42.93,4.77,13.5,1309.42,0.91
Jos East,Highland,Pepper,137.58,22.93,96.89,6.13,19.57,919.82,1.21
Jos East,Highland,Pepper,124.14,18.75,87.98,6.42,22.39,1045.67,0.71
Jos East,Highland,Pepper,139.11,37.4,51.21,4.12,14.62,1562.5,0.45
Jos East,Highland,Pepper,92.37,30.51,56.75,7.27,17.79,684.2,0.99
Jos East,Highland,Pepper,108.86,18.75,50.51,5.4,21.52,1335.37,1.87
Jos East,Highland,Pepper,141.62,29.75,41.25,6.36,13.5,1267.72,0.66
Jos East,Highland,Pepper,109.47,18.75,80.61,6.9,21.9,817.52,0.79
Jos East,Highland,Pepper,111.23,22.75,82.99,6.79,13.5,1228.65,0.45
Jos East,Highland,Pepper,148.7,18.75,66.23,4.45,21.84,965.01,1.55
Jos East,Highland,Pepper,140.19,60.75,60.0,5.03,24.69,1198.48,1.03
Jos East,Highland,Pepper,75.0,18.75,41.25,6.85,24.74,900.45,0.58
Jos East,Highland,Pepper,161.03,46.26,79.11,5.89,19.92,460.78,1.24
Jos East,Highland,Pepper,211.08,43.76,111.25,6.71,13.5,670.35,1.57
Jos East,Highland,Pepper,103.56,62.5,72.87,6.27,13.5,1170.54,0.88
Jos East,Highland,Pepper,75.0,33.29,41.82,6.15,22.8,662.43,1.28
Jos East,Highland,Pepper,189.93,36.62,113.56,6.95,24.18,831.74,0.45
Jos East,Highland,Pepper,146.6,51.95,82.67,6.26,14.08,992.29,1.73
Jos East,Highland,Pepper,143.87,32.82,47.86,5.63,24.93,880.47,1.73
Jos East,Highland,Pepper,163.71,26.96,83.2,7.01,18.94,450.0,0.93
Jos East,Highland,Pepper,203.96,32.28,115.87,5.83,16.03,1330.1,0.45
Jos East,Highland,Pepper,108.33,28.99,66.29,5.18,17.43,1343.22,0.45
Jos East,Highland,Pepper,103.67,29.2,50.08,5.63,24.46,635.03,1.67
Jos East,Highland,Pepper,133.63,39.86,81.3,5.48,13.5,1519.23,0.45
Jos East,Highland,Pepper,110.46,46.04,65.36,6.53,19.4,876.32,1.86
Jos East,Highland,Pepper,158.26,55.89,74.4,6.84,25.42,794.35,0.45
Jos East,Highland,Pepper,170.51,62.5,90.8,6.59,17.27,742.3,0.52
Jos East,Highland,Pepper,95.72,27.34,72.36,6.75,13.5,1247.08,0.45
Jos East,Highland,Pepper,75.76,42.84,70.16,5.88,15.68,601.89,1.13
Jos East,Highland,Pepper,134.02,40.26,110.42,6.76,20.62,1074.28,1.01
Jos East,Highland,Pepper,129.6,40.11,45.94,6.09,24.76,679.02,1.67
Jos East,Highland,Pepper,75.0,20.41,45.74,4.9,25.09,1355.27,1.39
Jos East,Highland,Pepper,142.9,38.35,84.14,6.05,24.37,958.01,1.11
Jos East,Highland,Pepper,170.79,28.43,105.97,6.24,25.88,450.0,1.34
Jos East,Highland,Pepper,185.81,62.5,74.82,6.02,15.49,732.24,1.14
Jos East,Highland,Pepper,75.0,27.88,41.25,6.07,13.5,1377.84,1.08
Jos East,Highland,Pepper,77.46,18.75,54.91,4.12,22.57,831.65,2.5
Jos East,Highland,Pepper,75.0,18.75,56.42,5.4,20.32,1344.23,0.96
Jos East,Highland,Pepper,89.62,30.83,68.73,5.01,30.32,1241.51,2.38
Jos East,Highland,Pepper,185.72,54.66,71.27,5.48,17.63,1098.96,1.38
Jos East,Highland,Pepper,107.3,22.7,56.14,6.0,18.41,1434.48,0.55
Jos East,Highland,Pepper,120.3,49.27,102.57,7.27,23.51,597.42,1.24
Jos East,Highland,Pepper,75.0,30.99,46.12,5.5,14.26,1409.44,0.59
Jos East,Highland,Pepper,115.83,38.36,56.02,6.54,19.8,450.0,1.59
Jos East,Highland,Pepper,174.03,28.97,52.01,5.5,23.93,942.58,1.7
Jos East,Highland,Pepper,128.53,24.31,51.3,6.41,13.5,764.64,0.72
Jos East,Highland,Pepper,116.04,48.85,77.65,4.25,33.75,1238.48,1.31
Jos East,Highland,Pepper,116.12,18.75,77.09,4.81,28.78,691.15,2.5
Jos East,Highland,Pepper,75.0,45.99,41.25,6.49,15.84,1368.01,0.45
Jos East,Highland,Pepper,163.1,43.78,59.29,6.02,17.35,996.28,0.95
Jos East,Highland,Cabbage,147.79,61.32,119.97,7.53,7.5,481.58,0.54
Jos East,Highland,Cabbage,103.19,53.19,110.59,5.96,17.66,561.21,0.79
Jos East,Highland,Cabbage,75.0,66.2,81.46,5.79,20.65,582.81,0.52
Jos East,Highland,Cabbage,101.41,45.64,92.66,5.04,10.34,625.0,0.28
Jos East,Highland,Cabbage,113.69,64.72,142.0,6.19,19.01,473.66,0.73
Jos East,Highland,Cabbage,81.34,47.68,96.16,6.02,20.82,464.53,0.58
Jos East,Highland,Cabbage,76.38,44.23,92.08,5.81,7.5,625.0,0.15
Jos East,Highland,Cabbage,108.11,53.52,105.32,6.37,27.29,515.22,0.28
Jos East,Highland,Cabbage,151.53,69.7,104.07,5.29,11.8,575.05,1.14
Jos East,Highland,Cabbage,154.72,59.01,85.71,5.42,11.04,552.02,0.26
Jos East,Highland,Cabbage,115.91,63.95,104.58,6.63,7.5,495.19,0.8
Jos East,Highland,Cabbage,109.67,48.2,106.13,6.74,14.85,610.98,0.47
Jos East,Highland,Cabbage,75.0,64.68,78.99,5.76,28.84,462.71,0.63
Jos East,Highland,Cabbage,75.0,49.54,102.62,5.41,22.59,559.06,0.91
Jos East,Highland,Cabbage,79.23,47.65,84.47,7.14,7.5,533.7,0.15
Jos East,Highland,Cabbage,151.55,62.86,137.08,6.07,12.23,487.88,1.22
Jos East,Highland,Cabbage,123.74,68.07,90.85,5.69,19.47,560.93,1.04
Jos East,Highland,Cabbage,75.0,50.58,81.88,5.66,22.85,475.79,0.67
Jos East,Highland,Cabbage,126.84,54.03,131.72,5.78,16.26,519.24,0.79
Jos East,Highland,Cabbage,96.8,68.24,105.37,5.31,19.69,609.25,0.95
Jos East,Highland,Cabbage,93.92,57.92,104.15,5.29,7.5,625.0,0.29
Jos East,Highland,Cabbage,94.77,45.53,110.24,7.13,20.36,473.66,0.27
Jos East,Highland,Cabbage,150.12,70.4,137.71,6.66,15.76,408.19,0.83
Jos East,Highland,Cabbage,95.13,48.92,120.02,6.4,7.5,537.25,0.46
Jos East,Highland,Cabbage,84.75,44.85,91.51,5.76,15.13,564.97,0.76
Jos East,Highland,Cabbage,148.6,54.46,124.62,5.91,24.43,473.99,0.5
Jos East,Highland,Cabbage,92.52,64.52,141.31,6.43,23.69,554.71,0.61
Jos East,Highland,Cabbage,118.12,59.88,114.98,6.86,10.03,552.65,0.3
Jos East,Highland,Cabbage,170.3,66.14,109.14,6.08,13.26,465.27,0.65
Jos East,Highland,Cabbage,97.77,57.77,75.0,5.86,14.79,546.84,0.64
Jos East,Highland,Cabbage,75.0,69.25,113.78,5.65,17.28,525.85,0.93
Jos East,Highland,Cabbage,121.29,71.76,109.63,7.37,7.5,444.28,0.27
Jos East,Highland,Cabbage,118.65,48.47,88.76,6.31,19.48,458.57,0.4
Jos East,Highland,Cabbage,116.72,65.33,111.28,7.17,7.5,509.88,0.36
Jos East,Highland,Cabbage,87.18,38.62,82.47,6.15,24.29,546.84,0.48
Jos East,Highland,Cabbage,131.44,58.32,122.64,5.01,11.16,625.0,0.25
Jos East,Highland,Cabbage,110.63,53.41,122.27,6.06,18.67,536.48,0.38
Jos East,Highland,Cabbage,146.09,45.59,103.19,6.05,10.02,516.99,0.6
Jos East,Highland,Cabbage,99.95,57.77,98.59,5.65,16.19,505.5,0.81
Jos East,Highland,Cabbage,92.44,58.94,101.91,5.49,7.58,625.0,0.24
Jos East,Highland,Cabbage,114.09,61.3,105.56,6.34,7.5,600.65,0.43
Jos East,Highland,Cabbage,108.61,46.33,83.28,6.47,9.02,588.31,0.19
Jos East,Highland,Cabbage,154.79,72.89,92.5,7.4,13.82,580.14,0.15
Jos East,Highland,Cabbage,139.56,62.65,102.99,7.33,22.56,426.8,0.34
Jos East,Highland,Cabbage,91.39,61.12,75.0,5.72,17.36,597.03,0.49
Jos East,Highland,Cabbage,117.28,64.66,148.86,6.22,7.5,542.9,0.63
Jos East,Highland,Cabbage,90.21,52.25,85.17,7.39,13.95,561.33,0.15
Jos East,Highland,Cabbage,112.77,57.61,121.51,5.54,24.99,498.18,0.86
Jos East,Highland,Cabbage,131.05,55.06,120.48,6.27,22.74,500.53,0.49
Jos East,Highland,Cabbage,104.65,52.26,106.61,6.03,8.05,520.87,0.27
Jos East,Highland,Maize,179.75,67.4,68.99,7.09,16.03,735.77,0.3
Jos East,Highland,Maize,153.28,63.75,101.75,6.74,22.6,564.02,1.5
Jos East,Highland,Maize,186.36,75.86,96.59,6.44,21.6,791.37,1.34
Jos East,Highland,Maize,131.85,49.53,98.64,5.27,15.0,767.06,0.65
Jos East,Highland,Maize,147.0,59.37,51.94,7.08,19.26,1000.0,0.3
Jos East,Highland,Maize,167.45,72.68,67.8,5.28,20.07,698.31,1.49
Jos East,Highland,Maize,162.64,77.7,66.44,5.63,20.11,723.38,1.07
Jos East,Highland,Maize,172.06,84.01,61.96,7.78,25.12,676.28,0.3
Jos East,Highland,Maize,131.49,58.71,45.0,6.4,19.25,898.67,0.9
Jos East,Highland,Maize,128.6,100.0,63.13,6.63,25.22,978.36,0.3
Jos East,Highland,Maize,168.8,82.32,95.5,5.81,15.0,1000.0,0.3
Jos East,Highland,Maize,227.54,74.91,73.05,4.25,20.64,783.44,1.45
Jos East,Highland,Maize,182.99,55.43,58.56,7.22,20.11,725.01,0.3
Jos East,Highland,Maize,125.51,37.5,87.04,7.82,17.33,564.13,0.34
Jos East,Highland,Maize,170.48,45.08,45.0,5.48,24.25,624.37,2.19
Jos East,Highland,Maize,179.74,48.88,46.31,4.12,15.95,716.59,2.04
Jos East,Highland,Maize,138.61,59.17,45.0,6.97,22.11,804.75,0.35
Jos East,Highland,Maize,188.73,75.66,58.87,4.32,21.75,906.96,0.88
Jos East,Highland,Maize,151.32,44.81,69.59,9.05,19.79,503.13,0.81
Jos East,Highland,Maize,130.13,51.31,45.0,4.93,20.89,1000.0,0.79
Jos East,Highland,Maize,155.03,86.49,77.21,6.07,16.52,907.45,0.3
Jos East,Highland,Maize,139.3,40.13,48.13,6.88,15.0,1000.0,0.3
Jos East,Highland,Maize,178.65,96.19,85.98,6.99,16.69,711.03,0.39
Jos East,Highland,Maize,122.09,52.71,103.37,5.45,22.17,758.42,0.58
Jos East,Highland,Maize,121.77,61.32,45.0,5.33,23.77,820.5,1.24
Jos East,Highland,Maize,160.1,63.93,64.4,5.19,22.13,812.44,1.23
Jos East,Highland,Maize,126.93,40.62,45.0,5.36,23.95,974.08,0.76
Jos East,Highland,Maize,145.26,78.41,84.69,6.74,25.53,472.62,0.74
Jos East,Highland,Maize,169.44,54.48,45.0,6.36,17.63,899.33,0.3
Jos East,Highland,Maize,197.25,46.4,75.55,5.47,15.79,859.69,0.9
Jos East,Highland,Maize,154.58,85.67,79.35,5.07,21.06,683.2,0.78
Jos East,Highland,Maize,124.07,42.05,45.0,5.18,20.42,992.79,0.3
Jos East,Highland,Maize,175.99,53.95,45.0,6.05,22.19,755.02,0.53
Jos East,Highland,Maize,131.6,66.92,65.07,7.26,24.63,652.81,1.13
Jos East,Highland,Maize,167.24,62.82,72.73,7.5,24.11,775.41,0.82
Jos East,Highland,Maize,159.44,37.5,47.4,6.67,22.53,922.02,0.51
Jos East,Highland,Maize,166.94,59.11,82.24,5.6,25.18,493.24,1.6
Jos East,Highland,Maize,174.58,82.09,64.17,4.48,19.71,874.55,1.16
Jos East,Highland,Maize,148.75,57.49,72.8,7.51,16.7,957.1,0.3
Jos East,Highland,Maize,206.88,58.27,85.44,7.9,21.23,587.11,0.3
Jos East,Highland,Maize,157.92,56.42,70.5,6.42,17.26,676.43,1.24
Jos East,Highland,Maize,112.5,37.5,45.0,6.45,15.0,697.6,0.31
Jos East,Highland,Maize,123.26,37.5,45.0,4.76,20.22,976.34,1.58
Jos East,Highland,Maize,155.46,64.69,45.0,4.7,24.59,766.45,1.62
Jos East,Highland,Maize,159.29,87.7,57.93,6.49,18.37,661.46,1.5
Jos East,Highland,Maize,124.33,50.37,50.49,4.12,20.47,709.57,1.25
Jos East,Highland,Maize,157.22,53.23,67.88,5.79,15.46,836.47,1.18
Jos East,Highland,Maize,159.81,37.5,92.59,6.65,22.33,706.08,1.15
Jos East,Highland,Maize,181.61,70.28,53.32,6.44,15.0,944.6,0.3
Jos East,Highland,Maize,172.66,84.95,108.29,8.24,16.03,759.42,0.3
Jos East,Highland,Wheat,152.9,47.19,46.89,5.44,13.37,681.81,2.48
Jos East,Highland,Wheat,130.38,44.37,52.8,6.68,16.9,609.73,1.64
Jos East,Highland,Wheat,123.06,43.58,39.65,6.91,11.25,595.45,1.54
Jos East,Highland,Wheat,81.58,31.57,18.75,6.43,13.58,766.08,0.6
Jos East,Highland,Wheat,102.29,49.76,41.04,7.36,11.25,753.25,0.6
Jos East,Highland,Wheat,138.28,30.2,24.92,6.81,11.25,795.01,0.6
Jos East,Highland,Wheat,115.98,45.81,18.75,7.6,13.0,603.64,1.57
Jos East,Highland,Wheat,112.78,33.63,27.07,8.66,11.25,803.98,0.6
Jos East,Highland,Wheat,95.32,29.07,18.75,4.99,12.68,812.5,1.25
Jos East,Highland,Wheat,129.73,30.66,29.74,5.97,17.08,645.0,2.26
Jos East,Highland,Wheat,75.0,37.03,22.48,6.03,14.89,812.5,0.6
Jos East,Highland,Wheat,129.02,45.02,39.94,6.54,12.49,692.04,0.82
Jos East,Highland,Wheat,165.04,43.8,19.2,7.53,11.25,554.31,2.03
Jos East,Highland,Wheat,96.67,42.79,29.71,6.26,11.25,765.61,0.95
Jos East,Highland,Wheat,93.25,32.23,28.1,6.25,14.47,744.39,1.51
Jos East,Highland,Wheat,164.95,36.07,26.36,7.79,19.61,646.08,2.21
Jos East,Highland,Wheat,106.32,44.33,30.91,5.56,14.51,677.13,1.75
Jos East,Highland,Wheat,75.0,32.92,20.37,7.45,11.67,718.17,0.6
Jos East,Highland,Wheat,110.65,37.31,18.75,7.52,11.25,812.5,0.6
Jos East,Highland,Wheat,136.36,44.29,44.65,7.42,18.8,479.01,2.29
Jos East,Highland,Wheat,144.92,38.93,18.75,8.48,21.22,472.17,1.62
Jos East,Highland,Wheat,133.07,26.25,18.75,5.96,15.48,662.3,2.49
Jos East,Highland,Wheat,126.92,38.13,18.75,6.09,12.49,773.8,0.72
Jos East,Highland,Wheat,135.28,43.84,58.51,5.89,16.11,684.84,1.97
Jos East,Highland,Wheat,75.0,43.16,18.75,4.98,15.08,649.07,1.08
Jos East,Highland,Wheat,102.29,29.64,18.75,5.71,14.76,637.56,0.86
Jos East,Highland,Wheat,98.22,37.11,23.54,7.3,15.51,526.52,1.7
Jos East,Highland,Wheat,118.58,44.71,46.8,7.86,11.87,527.53,1.41
Jos East,Highland,Wheat,116.48,42.44,41.42,6.11,13.57,664.27,1.57
Jos East,Highland,Wheat,150.75,46.81,23.49,5.49,11.25,728.14,0.6
Jos East,Highland,Wheat,80.31,38.93,18.75,5.83,13.49,733.98,1.62
Jos East,Highland,Wheat,122.38,33.58,18.75,6.89,14.85,698.27,0.6
Jos East,Highland,Wheat,75.0,36.32,18.75,5.2,18.39,807.47,0.72
Jos East,Highland,Wheat,75.0,35.4,30.64,6.43,11.76,666.64,0.86
Jos East,Highland,Wheat,83.14,36.49,18.75,6.09,11.49,649.49,0.72
Jos East,Highland,Wheat,75.0,48.76,33.15,6.44,16.56,722.25,1.52
Jos East,Highland,Wheat,90.61,39.82,62.15,4.58,15.97,545.71,2.19
Jos East,Highland,Wheat,161.09,52.32,45.65,7.44,11.25,651.65,0.6
Jos East,Highland,Wheat,145.26,37.45,21.26,8.32,12.13,646.75,0.86
Jos East,Highland,Wheat,112.55,36.34,18.75,5.72,18.13,769.12,1.09
Jos East,Highland,Wheat,75.0,40.0,40.09,6.91,16.79,658.52,0.62
Jos East,Highland,Wheat,95.39,36.44,18.75,4.57,12.56,656.96,2.58
Jos East,Highland,Wheat,81.45,31.47,18.75,5.66,16.36,767.05,1.49
Jos East,Highland,Wheat,133.0,39.0,18.75,6.1,11.39,746.26,1.0
Jos East,Highland,Wheat,94.31,46.25,18.75,6.56,12.88,675.8,0.78
Jos East,Highland,Wheat,107.18,44.88,31.2,7.81,16.51,373.63,1.09
Jos East,Highland,Wheat,90.95,36.53,29.5,5.62,14.08,659.36,1.83
Jos East,Highland,Wheat,119.23,39.68,18.75,5.91,15.81,743.58,0.78
Jos East,Highland,Wheat,87.15,44.71,62.5,6.31,19.03,503.8,1.19
Jos East,Highland,Wheat,82.6,36.87,41.22,5.16,12.49,712.98,0.9
Jos East,Highland,Pineapple,203.65,55.43,96.33,7.38,21.14,658.28,0.13
Jos East,Highland,Pineapple,254.13,67.18,233.3,3.38,21.64,1114.78,0.76
Jos East,Highland,Pineapple,251.93,59.79,111.46,6.28,20.45,992.1,0.08
Jos East,Highland,Pineapple,229.77,61.67,235.46,3.92,18.17,940.71,0.43
Jos East,Highland,Pineapple,186.13,57.74,204.61,4.59,21.24,1053.94,0.21
Jos East,Highland,Pineapple,274.65,71.9,188.91,6.14,19.21,904.79,0.55
Jos East,Highland,Pineapple,243.4,59.7,194.88,5.54,19.78,897.54,0.46
Jos East,Highland,Pineapple,258.32,41.37,141.05,4.77,19.26,1031.21,0.34
Jos East,Highland,Pineapple,222.88,42.38,82.5,8.08,22.62,732.27,0.08
Jos East,Highland,Pineapple,238.33,57.84,213.23,4.05,18.97,967.95,0.46
Jos East,Highland,Pineapple,266.08,54.72,183.64,6.02,20.42,853.16,0.36
Jos East,Highland,Pineapple,195.32,58.35,192.1,6.95,17.35,1030.03,0.08
Jos East,Highland,Pineapple,271.22,41.52,232.33,6.3,22.21,652.26,0.33
Jos East,Highland,Pineapple,247.76,57.56,180.29,4.22,18.85,1044.42,0.08
Jos East,Highland,Pineapple,277.98,49.33,205.91,7.7,21.16,845.05,0.14
Jos East,Highland,Pineapple,283.85,61.37,215.63,6.66,19.92,718.83,0.08
Jos East,Highland,Pineapple,252.48,52.05,91.53,4.57,18.28,889.68,0.58
Jos East,Highland,Pineapple,236.17,57.49,126.33,5.82,23.49,738.85,0.33
Jos East,Highland,Pineapple,259.66,49.08,159.63,5.6,21.63,980.93,0.08
Jos East,Highland,Pineapple,236.05,39.1,140.22,4.31,23.46,1084.06,0.15
Jos East,Highland,Pineapple,319.34,55.01,270.72,4.4,22.19,1079.58,0.14
Jos East,Highland,Pineapple,192.85,60.3,109.44,3.38,18.16,1018.83,0.54
Jos East,Highland,Pineapple,257.89,50.66,163.8,3.46,20.81,1051.65,0.54
Jos East,Highland,Pineapple,249.43,40.98,160.51,4.84,20.52,1004.35,0.34
Jos East,Highland,Pineapple,337.09,53.6,226.82,6.72,18.3,896.4,0.36
Jos East,Highland,Pineapple,265.11,41.82,82.5,3.38,21.61,1250.0,0.08
Jos East,Highland,Pineapple,254.72,50.04,141.71,5.26,25.5,843.62,0.68
Jos East,Highland,Pineapple,233.15,53.75,90.05,5.18,19.49,1075.86,0.26
Jos East,Highland,Pineapple,222.26,39.23,161.12,3.38,19.36,1024.45,0.72
Jos East,Highland,Pineapple,285.67,62.02,230.62,4.67,18.37,1066.32,0.39
Jos East,Highland,Pineapple,279.73,47.27,159.59,3.69,16.5,1250.0,0.08
Jos East,Highland,Pineapple,269.83,61.22,82.5,3.38,21.1,1094.14,0.08
Jos East,Highland,Pineapple,242.72,36.69,148.85,5.65,20.22,933.97,0.08
Jos East,Highland,Pineapple,226.28,50.76,82.5,4.5,22.5,991.92,0.46
Jos East,Highland,Pineapple,291.27,56.48,82.5,6.76,21.02,818.04,0.31
Jos East,Highland,Pineapple,229.23,33.75,176.61,5.89,20.07,1032.58,0.26
Jos East,Highland,Pineapple,276.35,81.25,134.52,3.38,24.43,990.72,0.6
Jos East,Highland,Pineapple,289.11,57.2,239.98,5.32,17.81,884.06,0.2
Jos East,Highland,Pineapple,252.39,45.03,82.5,5.51,20.37,1014.45,0.08
Jos East,Highland,Pineapple,269.71,45.57,142.21,4.94,20.59,739.48,0.6
Jos East,Highland,Pineapple,260.22,74.52,203.95,3.5,19.92,1091.31,0.36
Jos East,Highland,Pineapple,217.68,51.37,133.48,4.28,17.87,1074.05,0.08
Jos East,Highland,Pineapple,238.02,56.78,169.34,4.6,25.16,705.61,0.81
Jos East,Highland,Pineapple,257.81,54.81,207.58,5.23,22.22,964.7,0.63
Jos East,Highland,Pineapple,236.5,41.45,179.02,7.13,22.94,642.09,0.35
Jos East,Highland,Pineapple,172.5,49.01,82.5,6.78,18.59,991.81,0.08
Jos East,Highland,Pineapple,261.63,60.43,202.5,4.38,18.7,869.46,0.57
Jos East,Highland,Pineapple,274.12,45.57,132.41,3.86,20.25,907.58,0.46
Jos East,Highland,Pineapple,203.66,44.3,101.46,4.7,19.75,1144.36,0.08
Jos East,Highland,Pineapple,269.74,65.52,221.85,4.78,23.69,687.63,0.76
Jos East,Highland,Onion,58.68,30.17,33.75,5.56,14.49,687.5,0.71
Jos East,Highland,Onion,57.97,32.86,41.94,6.63,14.85,538.93,0.31
Jos East,Highland,Onion,58.34,23.59,42.74,6.1,13.53,625.6,0.72
Jos East,Highland,Onion,73.1,35.5,47.99,6.03,15.11,566.24,0.8
Jos East,Highland,Onion,78.64,45.6,33.75,4.97,16.79,420.8,1.83
Jos East,Highland,Onion,63.21,33.41,48.47,6.58,12.21,687.5,0.3
Jos East,Highland,Onion,111.48,56.25,62.71,5.93,11.25,505.84,0.3
Jos East,Highland,Onion,63.25,52.5,64.69,6.16,15.38,687.5,0.34
Jos East,Highland,Onion,83.37,56.25,59.01,4.5,12.2,687.5,0.74
Jos East,Highland,Onion,60.63,42.29,33.75,7.29,11.45,430.62,0.67
Jos East,Highland,Onion,45.0,19.53,33.75,5.54,12.46,602.58,0.94
Jos East,Highland,Onion,63.06,42.18,65.2,6.39,11.25,445.32,0.95
Jos East,Highland,Onion,60.06,50.02,33.75,5.8,16.37,674.1,0.3
Jos East,Highland,Onion,81.12,24.78,33.75,5.48,15.99,562.66,0.56
Jos East,Highland,Onion,53.05,34.69,61.98,6.6,16.29,566.56,0.55
Jos East,Highland,Onion,45.0,35.13,45.26,5.74,14.78,669.83,0.3
Jos East,Highland,Onion,68.01,46.96,38.17,5.52,15.29,673.19,1.03
Jos East,Highland,Onion,65.91,42.46,47.19,7.11,14.64,409.42,0.3
Jos East,Highland,Onion,61.37,34.13,47.35,5.89,12.46,619.75,0.87
Jos East,Highland,Onion,64.59,46.07,63.34,6.65,15.31,565.39,0.79
Jos East,Highland,Onion,45.29,32.78,44.64,7.01,14.58,426.45,0.3
Jos East,Highland,Onion,72.46,25.32,76.23,7.51,17.29,405.92,0.3
Jos East,Highland,Onion,45.0,28.26,33.75,5.5,14.15,641.7,0.39
Jos East,Highland,Onion,66.9,36.3,52.64,5.96,17.26,521.62,1.0
Jos East,Highland,Onion,91.31,49.69,57.68,7.01,11.25,546.15,0.3
Jos East,Highland,Onion,110.92,56.25,97.78,7.05,13.38,331.27,1.17
Jos East,Highland,Onion,56.07,41.67,51.7,6.79,15.78,530.26,0.36
Jos East,Highland,Onion,94.05,40.72,33.75,6.51,13.94,514.04,0.91
Jos East,Highland,Onion,88.98,44.65,33.75,5.47,14.73,578.06,0.79
Jos East,Highland,Onion,82.06,25.41,42.41,6.3,14.14,639.77,0.3
Jos East,Highland,Onion,50.31,23.94,35.0,5.75,13.79,546.84,0.94
Jos East,Highland,Onion,60.93,22.99,57.51,5.49,11.66,569.1,0.84
Jos East,Highland,Onion,51.49,43.11,33.75,6.43,14.37,589.22,0.81
Jos East,Highland,Onion,109.71,50.41,56.02,5.69,19.72,294.04,1.6
Jos East,Highland,Onion,78.47,37.19,89.81,5.96,15.53,671.61,1.14
Jos East,Highland,Onion,45.0,18.75,33.75,5.75,21.58,529.41,1.49
Jos East,Highland,Onion,45.0,40.43,33.75,7.02,12.99,505.34,0.3
Jos East,Highland,Onion,45.0,31.38,41.76,6.59,11.25,687.5,0.3
Jos East,Highland,Onion,45.0,27.22,37.55,5.77,14.05,687.5,0.3
Jos East,Highland,Onion,45.0,47.01,50.05,6.11,11.25,627.11,0.3
Jos East,Highland,Onion,85.57,29.85,33.75,6.09,15.39,608.48,0.5
Jos East,Highland,Onion,45.0,38.48,33.75,5.95,14.28,456.96,1.51
Jos East,Highland,Onion,101.52,56.25,49.65,6.92,13.79,463.13,0.77
Jos East,Highland,Onion,93.55,33.09,59.88,6.44,11.55,428.13,1.0
Jos East,Highland,Onion,76.86,51.36,77.8,5.43,20.49,674.59,1.49
Jos East,Highland,Onion,54.81,29.99,42.64,5.31,11.25,614.17,0.77
Jos East,Highland,Onion,45.0,21.07,33.75,6.25,12.98,677.26,0.3
Jos East,Highland,Onion,66.19,56.25,81.26,5.77,14.62,643.27,0.74
Jos East,Highland,Onion,71.08,25.57,52.97,6.27,12.49,649.63,0.32
Jos East,Highland,Onion,71.41,23.2,70.12,6.5,19.04,318.7,1.29
Jos North,Highland,Irish-potato,72.35,30.0,127.26,3.93,19.48,500.27,1.52
Jos North,Highland,Irish-potato,104.59,48.15,107.64,4.37,8.73,590.38,0.38
Jos North,Highland,Irish-potato,60.0,56.15,90.0,4.19,10.26,579.36,0.55
Jos North,Highland,Irish-potato,88.86,40.86,145.62,3.89,13.59,559.93,1.04
Jos North,Highland,Irish-potato,60.0,46.27,90.0,3.79,7.5,750.0,0.46
Jos North,Highland,Irish-potato,80.22,45.47,151.95,4.37,16.88,485.82,0.75
Jos North,Highland,Irish-potato,103.18,44.82,138.88,5.89,10.05,510.4,0.66
Jos North,Highland,Irish-potato,103.82,60.96,166.2,4.22,11.23,489.84,0.83
Jos North,Highland,Irish-potato,111.11,62.29,131.94,4.95,13.74,569.12,0.27
Jos North,Highland,Irish-potato,150.0,55.71,166.33,5.45,8.93,367.48,0.22
Jos North,Highland,Irish-potato,60.0,32.17,90.0,4.04,17.46,647.14,0.95
Jos North,Highland,Irish-potato,81.26,75.0,221.58,4.7,16.24,300.0,1.27
Jos North,Highland,Irish-potato,90.38,40.75,134.68,4.69,7.5,750.0,0.22
Jos North,Highland,Irish-potato,60.0,30.37,90.0,5.9,8.47,426.34,0.51
Jos North,Highland,Irish-potato,60.0,51.22,90.0,5.48,17.47,415.52,0.86
Jos North,Highland,Irish-potato,60.0,36.08,90.0,3.31,12.41,750.0,0.59
Jos North,Highland,Irish-potato,60.82,45.77,182.13,4.6,11.75,635.66,0.33
Jos North,Highland,Irish-potato,125.07,32.77,90.0,3.94,15.49,696.59,0.48
Jos North,Highland,Irish-potato,92.08,59.27,90.0,4.11,10.1,300.0,0.88
Jos North,Highland,Irish-potato,104.51,30.0,145.56,4.57,7.5,750.0,0.89
Jos North,Highland,Irish-potato,103.08,44.74,125.22,4.98,15.83,300.0,1.69
Jos North,Highland,Irish-potato,81.88,44.32,187.28,5.77,9.96,300.0,0.58
Jos North,Highland,Irish-potato,95.52,59.02,192.01,4.24,9.61,625.36,0.82
Jos North,Highland,Irish-potato,60.0,43.26,105.56,4.11,12.97,750.0,0.22
Jos North,Highland,Irish-potato,94.65,55.0,152.19,3.19,10.6,750.0,1.0
Jos North,Highland,Irish-potato,124.84,52.61,162.76,4.84,9.73,441.39,0.39
Jos North,Highland,Irish-potato,76.17,67.59,110.85,4.8,13.52,687.91,0.5
Jos North,Highland,Irish-potato,110.6,30.0,120.36,3.74,10.4,676.39,0.81
Jos North,Highland,Irish-potato,60.0,30.01,102.19,4.49,7.5,468.14,0.91
Jos North,Highland,Irish-potato,115.99,60.51,129.22,4.88,9.9,365.37,1.12
Jos North,Highland,Irish-potato,98.82,62.95,214.41,4.77,10.01,550.65,1.06
Jos North,Highland,Irish-potato,64.4,55.51,164.38,4.39,11.08,651.03,0.24
Jos North,Highland,Irish-potato,75.95,57.9,110.43,3.66,14.35,750.0,0.22
Jos North,Highland,Irish-potato,83.0,42.19,162.85,5.06,11.86,739.25,0.72
Jos North,Highland,Irish-potato,150.0,75.0,225.0,4.96,8.55,342.14,1.06
Jos North,Highland,Irish-potato,88.47,66.99,185.07,5.36,8.32,503.89,0.57
Jos North,Highland,Irish-potato,98.65,65.77,160.73,4.17,11.17,750.0,0.22
Jos North,Highland,Irish-potato,126.4,75.0,180.73,4.27,15.51,633.51,0.72
Jos North,Highland,Irish-potato,60.0,30.0,144.58,4.39,12.83,660.82,1.53
Jos North,Highland,Irish-potato,60.0,55.91,122.95,4.29,7.5,750.0,0.22
Jos North,Highland,Irish-potato,118.02,33.08,112.44,4.36,14.83,398.11,1.38
Jos North,Highland,Irish-potato,60.0,30.0,133.79,4.32,11.01,750.0,0.59
Jos North,Highland,Irish-potato,70.92,59.74,123.14,5.75,7.5,469.3,0.28
Jos North,Highland,Irish-potato,87.26,73.12,186.97,4.8,7.5,614.3,0.24
Jos North,Highland,Irish-potato,120.7,44.34,137.25,3.65,16.27,750.0,0.73
Jos North,Highland,Irish-potato,61.19,55.88,137.73,3.0,12.9,605.83,1.22
Jos North,Highland,Irish-potato,60.0,36.08,154.91,4.98,17.06,514.69,0.42
Jos North,Highland,Irish-potato,86.59,35.71,90.0,5.29,11.35,307.67,0.98
Jos North,Highland,Irish-potato,60.0,30.0,90.0,4.15,16.2,750.0,0.78
Jos North,Highland,Irish-potato,71.55,35.1,90.0,4.16,8.84,621.06,0.54
Jos North,Highland,Tomato,102.82,48.75,183.3,6.33,18.44,655.25,0.38
Jos North,Highland,Tomato,102.03,71.71,125.74,5.13,21.32,656.64,0.95
Jos North,Highland,Tomato,106.9,65.33,197.32,6.73,22.87,577.32,0.44
Jos North,Highland,Tomato,75.0,48.75,177.92,5.58,18.09,699.27,0.57
Jos North,Highland,Tomato,83.47,77.04,205.52,5.7,21.67,442.73,1.83
Jos North,Highland,Tomato,125.6,84.26,228.47,6.47,13.5,688.83,0.38
Jos North,Highland,Tomato,75.0,88.78,120.0,5.19,22.6,650.01,1.22
Jos North,Highland,Tomato,141.48,122.83,221.24,7.85,16.25,581.42,0.55
Jos North,Highland,Tomato,82.25,109.26,126.89,4.5,18.58,513.27,1.54
Jos North,Highland,Tomato,117.09,91.64,132.67,3.75,16.75,750.0,1.64
Jos North,Highland,Tomato,91.8,71.88,173.81,6.1,14.41,569.62,0.41
Jos North,Highland,Tomato,76.85,101.26,201.52,4.89,24.35,486.57,1.93
Jos North,Highland,Tomato,101.8,96.61,232.1,7.41,19.34,611.87,0.69
Jos North,Highland,Tomato,132.24,85.42,163.96,5.15,20.66,597.63,1.66
Jos North,Highland,Tomato,112.67,74.12,123.95,5.82,13.5,631.23,0.68
Jos North,Highland,Tomato,105.45,100.34,177.11,3.92,26.18,696.97,0.86
Jos North,Highland,Tomato,130.06,76.0,145.36,5.41,27.4,514.56,1.71
Jos North,Highland,Tomato,75.0,48.75,122.2,6.02,14.81,705.39,1.13
Jos North,Highland,Tomato,95.27,71.6,213.05,5.82,30.81,554.18,2.19
Jos North,Highland,Tomato,179.86,109.66,256.71,4.62,24.63,447.55,2.5
Jos North,Highland,Tomato,136.95,117.31,189.83,4.49,17.87,727.96,0.76
Jos North,Highland,Tomato,98.03,101.03,199.24,4.38,15.42,421.99,1.84
Jos North,Highland,Tomato,162.11,118.84,172.77,4.66,14.07,627.14,1.28
Jos North,Highland,Tomato,87.2,97.65,120.0,6.31,21.94,570.41,1.41
Jos North,Highland,Tomato,75.0,48.75,120.0,5.2,19.17,750.0,1.0
Jos North,Highland,Tomato,85.92,51.67,131.59,7.28,21.02,586.59,0.38
Jos North,Highland,Tomato,75.0,60.0,120.0,6.29,17.25,603.03,0.41
Jos North,Highland,Tomato,75.0,71.64,222.15,5.43,16.06,609.42,1.68
Jos North,Highland,Tomato,88.32,87.53,217.45,5.51,17.39,750.0,0.38
Jos North,Highland,Tomato,75.0,83.6,170.52,5.62,17.88,493.26,1.34
Jos North,Highland,Tomato,134.39,91.68,120.0,5.78,13.5,698.05,0.96
Jos North,Highland,Tomato,78.85,76.28,181.63,6.01,15.29,750.0,0.38
Jos North,Highland,Tomato,75.0,54.91,167.97,4.25,13.5,733.58,0.5
Jos North,Highland,Tomato,172.66,84.29,247.71,8.39,13.5,434.01,0.38
Jos North,Highland,Tomato,76.98,76.78,202.56,5.45,23.12,498.41,1.46
Jos North,Highland,Tomato,161.02,75.25,145.28,6.37,17.17,554.98,1.57
Jos North,Highland,Tomato,75.0,48.75,148.16,5.89,16.4,729.26,0.38
Jos North,Highland,Tomato,130.96,118.25,288.66,5.33,19.88,682.18,0.38
Jos North,Highland,Tomato,124.75,119.29,263.37,5.03,13.5,734.9,0.38
Jos North,Highland,Tomato,147.29,100.66,213.53,5.64,13.5,670.63,0.94
Jos North,Highland,Tomato,119.38,129.89,197.99,6.37,18.18,609.45,0.95
Jos North,Highland,Tomato,140.17,72.49,210.4,6.28,21.68,492.01,0.75
Jos North,Highland,Tomato,107.71,87.23,176.21,8.69,13.5,483.16,1.06
Jos North,Highland,Tomato,101.91,100.25,180.54,3.75,15.47,739.43,1.26
Jos North,Highland,Tomato,103.01,92.41,226.22,5.88,22.87,576.92,1.19
Jos North,Highland,Tomato,141.84,111.32,290.36,6.42,13.5,566.06,1.07
Jos North,Highland,Tomato,77.29,50.91,141.64,5.91,16.31,542.07,2.17
Jos North,Highland,Tomato,110.87,92.63,120.0,6.61,13.5,524.78,0.68
Jos North,Highland,Tomato,149.43,102.42,230.24,3.89,18.23,607.24,1.65
Jos North,Highland,Tomato,115.9,82.42,120.0,6.14,22.45,388.53,1.23
Jos North,Highland,Groundnut,7.5,39.66,18.75,5.84,25.4,674.18,0.92
Jos North,Highland,Groundnut,7.5,29.56,18.75,6.53,27.04,779.8,0.22
Jos North,Highland,Groundnut,7.5,11.25,18.75,7.1,21.34,511.38,1.5
Jos North,Highland,Groundnut,7.5,11.25,18.75,4.5,24.75,875.0,0.24
Jos North,Highland,Groundnut,7.5,11.73,18.75,6.16,22.32,662.24,0.76
Jos North,Highland,Groundnut,7.5,17.99,18.75,6.52,17.81,652.02,0.36
Jos North,Highland,Groundnut,7.5,11.25,18.75,6.04,16.5,857.55,0.24
Jos North,Highland,Groundnut,7.5,13.12,18.75,6.78,16.5,669.78,0.19
Jos North,Highland,Groundnut,7.5,37.49,18.75,6.71,26.42,778.8,0.16
Jos North,Highland,Groundnut,7.5,44.38,18.75,6.56,21.79,749.26,0.36
Jos North,Highland,Groundnut,7.5,11.25,22.58,6.16,26.41,683.12,0.53
Jos North,Highland,Groundnut,7.5,26.77,19.9,6.28,18.75,593.11,0.97
Jos North,Highland,Groundnut,7.5,11.25,18.75,6.53,25.06,714.69,0.21
Jos North,Highland,Groundnut,7.5,50.0,21.13,7.23,22.71,558.42,0.32
Jos North,Highland,Groundnut,7.5,27.42,23.94,6.27,22.5,798.28,0.34
Jos North,Highland,Groundnut,7.5,28.9,18.75,4.95,25.45,755.67,0.93
Jos North,Highland,Groundnut,7.5,40.73,18.75,6.46,16.5,760.64,0.53
Jos North,Highland,Groundnut,7.5,11.25,22.03,6.0,30.7,733.27,1.12
Jos North,Highland,Groundnut,7.5,11.25,18.75,6.09,16.5,868.11,0.37
Jos North,Highland,Groundnut,7.5,14.73,18.75,6.08,20.35,649.39,0.91
Jos North,Highland,Groundnut,7.5,11.25,18.85,5.58,21.81,694.73,0.71
Jos North,Highland,Groundnut,7.5,32.42,18.75,5.44,25.81,728.35,1.06
Jos North,Highland,Groundnut,7.5,36.75,18.75,6.83,26.23,600.0,0.73
Jos North,Highland,Groundnut,7.5,17.7,18.75,6.54,22.21,786.69,0.67
Jos North,Highland,Groundnut,7.5,36.04,18.75,5.84,22.46,757.31,0.41
Jos North,Highland,Groundnut,7.5,20.02,27.17,7.38,22.95,801.97,0.15
Jos North,Highland,Groundnut,7.5,26.22,18.75,6.12,22.54,820.84,0.15
Jos North,Highland,Groundnut,7.5,13.52,18.75,6.45,19.87,807.56,0.24
Jos North,Highland,Groundnut,7.5,30.36,22.61,6.97,18.54,520.26,0.49
Jos North,Highland,Groundnut,7.5,26.72,18.75,6.98,22.14,762.3,0.15
Jos North,Highland,Groundnut,7.5,43.39,24.39,5.59,20.25,869.08,0.52
Jos North,Highland,Groundnut,11.05,50.0,32.45,6.55,18.8,630.87,0.59
Jos North,Highland,Groundnut,7.5,11.25,18.75,6.6,27.65,579.77,1.14
Jos North,Highland,Groundnut,7.5,16.36,24.53,5.99,23.13,589.38,0.92
Jos North,Highland,Groundnut,7.5,11.25,18.85,5.29,22.86,771.64,0.7
Jos North,Highland,Groundnut,7.5,29.64,18.75,6.62,17.5,818.27,0.15
Jos North,Highland,Groundnut,7.5,14.77,18.75,5.76,27.25,706.73,1.33
Jos North,Highland,Groundnut,7.5,22.64,18.75,6.1,23.92,621.35,0.74
Jos North,Highland,Groundnut,7.5,28.56,18.75,6.33,21.46,856.26,0.25
Jos North,Highland,Groundnut,7.5,14.24,19.62,6.45,19.08,505.65,0.56
Jos North,Highland,Groundnut,8.41,37.98,24.06,6.66,22.63,627.29,0.41
Jos North,Highland,Groundnut,7.5,16.36,27.37,7.16,21.05,637.89,0.15
Jos North,Highland,Groundnut,7.5,11.25,18.75,6.5,18.02,693.67,0.32
Jos North,Highland,Groundnut,7.5,12.86,18.75,5.98,26.2,710.67,1.01
Jos North,Highland,Groundnut,7.5,40.86,20.32,5.93,19.61,816.56,0.43
Jos North,Highland,Groundnut,7.5,18.71,18.75,5.21,25.27,763.07,0.79
Jos North,Highland,Groundnut,7.5,24.96,18.75,6.32,18.67,763.96,0.8
Jos North,Highland,Groundnut,7.5,29.23,34.25,5.9,16.5,814.67,0.8
Jos North,Highland,Groundnut,7.5,29.19,18.75,5.83,19.96,630.3,1.34
Jos North,Highland,Groundnut,7.5,11.25,18.75,5.64,18.16,875.0,0.17
Jos North,Highland,Pepper,84.21,32.1,56.53,6.75,20.95,848.82,0.83
Jos North,Highland,Pepper,138.81,44.45,95.71,5.14,16.65,852.36,1.3
Jos North,Highland,Pepper,82.03,36.42,72.05,6.55,26.24,1562.5,0.87
Jos North,Highland,Pepper,100.24,34.72,59.52,8.11,19.03,759.35,0.7
Jos North,Highland,Pepper,139.6,48.14,57.58,6.33,18.37,988.11,1.28
Jos North,Highland,Pepper,161.11,46.3,68.57,5.54,28.53,945.04,1.55
Jos North,Highland,Pepper,139.34,26.91,98.69,6.05,14.46,1157.09,1.16
Jos North,Highland,Pepper,100.92,31.53,83.14,5.36,13.5,1332.33,1.1
Jos North,Highland,Pepper,130.83,18.75,41.25,5.28,25.36,1239.35,2.5
Jos North,Highland,Pepper,75.0,35.78,57.53,5.69,19.91,1223.25,0.45
Jos North,Highland,Pepper,75.0,30.87,78.21,6.4,19.18,958.8,1.23
Jos North,Highland,Pepper,136.91,28.53,42.06,5.99,13.5,1177.83,0.65
Jos North,Highland,Pepper,75.0,30.54,48.47,7.38,13.5,944.66,0.45
Jos North,Highland,Pepper,118.17,47.69,84.41,5.79,21.23,1002.15,1.79
Jos North,Highland,Pepper,183.69,40.15,76.53,5.92,29.32,450.0,2.49
Jos North,Highland,Pepper,132.16,45.09,98.45,5.74,19.05,1309.33,0.74
Jos North,Highland,Pepper,161.76,48.25,93.54,4.94,15.82,1562.5,1.35
Jos North,Highland,Pepper,75.0,53.49,83.28,5.05,13.5,1432.81,1.29
Jos North,Highland,Pepper,131.12,54.18,77.02,4.73,19.03,714.53,2.22
Jos North,Highland,Pepper,129.75,27.31,100.94,4.82,18.09,1517.69,2.09
Jos North,Highland,Pepper,75.0,41.06,61.06,7.34,14.84,918.12,0.45
Jos North,Highland,Pepper,75.0,18.75,46.52,5.79,23.78,1497.26,0.88
Jos North,Highland,Pepper,166.26,62.5,41.25,5.26,18.19,1169.17,0.47
Jos North,Highland,Pepper,135.79,32.65,62.81,6.31,24.5,1527.73,1.14
Jos North,Highland,Pepper,212.5,53.95,105.79,7.43,17.52,1003.06,0.45
Jos North,Highland,Pepper,119.21,31.28,51.92,4.72,13.97,709.02,1.89
Jos North,Highland,Pepper,85.17,62.5,51.52,4.91,20.75,879.53,1.3
Jos North,Highland,Pepper,196.75,43.16,68.4,5.73,21.49,1110.57,0.58
Jos North,Highland,Pepper,141.85,49.6,54.78,5.24,13.5,1407.75,1.86
Jos North,Highland,Pepper,119.24,18.75,80.09,4.26,16.73,1562.5,0.98
Jos North,Highland,Pepper,75.0,25.32,95.81,6.69,18.0,795.27,1.05
Jos North,Highland,Pepper,109.73,43.38,41.25,6.39,13.5,1093.17,0.45
Jos North,Highland,Pepper,187.56,38.05,41.25,5.53,18.79,1562.5,0.45
Jos North,Highland,Pepper,113.65,31.2,45.91,5.74,22.77,895.04,2.5
Jos North,Highland,Pepper,122.91,25.92,48.08,5.56,13.5,1562.5,0.45
Jos North,Highland,Pepper,83.28,22.58,73.94,6.02,13.5,1454.41,0.45
Jos North,Highland,Pepper,90.56,18.75,54.4,5.11,18.58,1035.6,1.48
Jos North,Highland,Pepper,129.94,38.61,101.82,6.47,31.24,560.22,1.68
Jos North,Highland,Pepper,139.11,24.96,72.55,6.16,26.45,628.58,2.17
Jos North,Highland,Pepper,130.02,18.75,95.17,6.71,19.16,1017.59,1.88
Jos North,Highland,Pepper,75.0,24.66,54.07,5.74,26.67,1106.68,1.28
Jos North,Highland,Pepper,114.67,39.17,71.32,4.78,23.87,851.4,1.83
Jos North,Highland,Pepper,153.73,53.4,93.6,5.47,19.1,1106.96,0.85
Jos North,Highland,Pepper,152.32,30.54,100.98,6.3,26.76,869.48,2.3
Jos North,Highland,Pepper,90.66,20.5,49.95,4.46,16.0,1481.68,1.5
Jos North,Highland,Pepper,135.65,34.86,41.25,5.43,26.15,1404.61,1.53
Jos North,Highland,Pepper,128.93,33.52,104.5,6.24,14.11,1562.5,0.45
Jos North,Highland,Pepper,82.46,37.95,59.17,7.54,19.58,916.23,1.15
Jos North,Highland,Pepper,125.73,52.52,88.46,6.3,14.5,1380.02,0.45
Jos North,Highland,Pepper,113.45,39.28,49.64,6.22,21.42,450.0,2.06
Jos North,Highland,Cabbage,135.72,51.33,100.57,6.02,7.5,598.16,0.49
Jos North,Highland,Cabbage,75.0,51.08,122.37,6.42,18.33,496.84,0.73
Jos North,Highland,Cabbage,89.91,52.71,106.31,6.79,12.86,534.66,0.53
Jos North,Highland,Cabbage,119.92,63.45,120.86,6.38,7.5,568.13,0.82
Jos North,Highland,Cabbage,135.93,69.11,97.26,6.31,14.07,517.25,0.15
Jos North,Highland,Cabbage,82.36,37.5,76.36,6.37,14.54,575.88,0.85
Jos North,Highland,Cabbage,115.31,58.45,113.55,5.6,10.36,534.78,1.28
Jos North,Highland,Cabbage,144.8,49.4,103.44,6.66,12.84,489.22,0.87
Jos North,Highland,Cabbage,139.98,51.1,103.63,6.31,12.69,604.34,1.16
Jos North,Highland,Cabbage,91.79,48.64,93.9,4.82,13.13,625.0,0.54
Jos North,Highland,Cabbage,92.45,66.79,77.5,7.03,13.42,520.55,0.15
Jos North,Highland,Cabbage,101.54,57.29,95.45,5.9,16.65,448.74,1.01
Jos North,Highland,Cabbage,98.17,61.03,105.16,7.76,10.68,402.48,0.15
Jos North,Highland,Cabbage,123.11,65.77,82.21,6.12,22.23,371.69,1.62
Jos North,Highland,Cabbage,86.77,42.89,85.19,4.99,16.64,625.0,0.15
Jos North,Highland,Cabbage,82.61,51.9,89.94,5.91,21.5,625.0,0.55
Jos North,Highland,Cabbage,94.68,57.01,90.81,5.39,25.18,541.9,1.11
Jos North,Highland,Cabbage,121.78,53.4,108.09,5.85,10.22,546.02,1.02
Jos North,Highland,Cabbage,101.78,52.78,94.34,6.8,13.03,496.85,0.15
Jos North,Highland,Cabbage,103.43,52.85,88.57,5.82,7.5,623.04,0.38
Jos North,Highland,Cabbage,155.7,51.0,108.3,5.91,17.96,565.92,0.77
Jos North,Highland,Cabbage,75.0,46.79,89.97,5.62,12.58,611.6,0.49
Jos North,Highland,Cabbage,86.99,62.7,75.0,5.02,12.45,617.68,1.3
Jos North,Highland,Cabbage,83.87,75.5,99.14,6.63,19.93,480.58,1.12
Jos North,Highland,Cabbage,75.0,40.44,75.0,6.97,7.5,625.0,0.15
Jos North,Highland,Cabbage,143.51,58.39,101.3,6.2,24.61,464.79,1.34
Jos North,Highland,Cabbage,113.94,57.25,75.0,6.22,15.62,517.04,0.74
Jos North,Highland,Cabbage,75.0,44.99,86.02,5.93,7.5,589.65,0.15
Jos North,Highland,Cabbage,75.0,37.5,75.0,6.2,7.5,625.0,0.15
Jos North,Highland,Cabbage,124.19,67.58,102.55,6.69,19.27,507.6,0.49
Jos North,Highland,Cabbage,115.85,78.83,85.27,5.7,22.87,622.42,0.4
Jos North,Highland,Cabbage,136.14,72.26,120.15,6.85,15.34,482.17,0.15
Jos North,Highland,Cabbage,75.0,43.6,87.7,6.92,30.0,377.33,1.28
Jos North,Highland,Cabbage,134.09,67.33,112.03,5.35,24.15,589.75,1.36
Jos North,Highland,Cabbage,147.63,50.69,114.13,7.51,14.0,395.72,1.37
Jos North,Highland,Cabbage,115.95,53.42,92.75,5.29,14.25,537.12,1.35
Jos North,Highland,Cabbage,143.64,63.3,88.34,7.14,28.88,474.06,0.58
Jos North,Highland,Cabbage,112.79,57.38,126.17,6.1,7.5,585.44,0.72
Jos North,Highland,Cabbage,113.73,55.35,104.75,5.61,7.5,623.6,1.18
Jos North,Highland,Cabbage,87.19,45.32,75.0,5.89,7.5,593.06,0.76
Jos North,Highland,Cabbage,148.37,61.92,106.62,6.14,18.77,529.87,0.59
Jos North,Highland,Cabbage,119.64,60.64,125.39,6.12,8.16,480.8,1.6
Jos North,Highland,Cabbage,77.45,51.8,84.62,5.8,12.41,507.64,0.92
Jos North,Highland,Cabbage,119.02,55.77,113.92,6.57,25.33,505.55,0.87
Jos North,Highland,Cabbage,123.67,60.23,76.12,7.08,11.53,556.88,0.15
Jos North,Highland,Cabbage,131.47,69.32,139.71,6.72,11.73,451.27,0.66
Jos North,Highland,Cabbage,122.65,57.87,104.73,6.38,12.26,518.94,0.57
Jos North,Highland,Cabbage,84.67,45.01,91.41,6.0,18.17,592.47,0.63
Jos North,Highland,Cabbage,122.35,54.91,133.64,6.83,8.86,555.17,0.59
Jos North,Highland,Cabbage,141.99,59.17,85.27,6.69,21.81,426.32,1.37
Jos North,Highland,Maize,127.95,46.81,60.53,5.31,26.16,495.12,2.33
Jos North,Highland,Maize,168.93,46.57,45.0,6.15,22.84,516.44,1.63
Jos North,Highland,Maize,112.5,73.45,102.16,5.76,18.99,853.37,0.79
Jos North,Highland,Maize,118.67,86.4,45.0,8.57,15.0,763.95,0.3
Jos North,Highland,Maize,126.78,51.05,55.22,6.12,32.47,474.17,2.37
Jos North,Highland,Maize,128.41,56.0,45.0,6.36,24.08,856.62,1.25
Jos North,Highland,Maize,203.0,74.48,113.49,5.68,22.79,606.25,0.83
Jos North,Highland,Maize,170.95,96.72,52.88,6.9,22.72,375.0,2.13
Jos North,Highland,Maize,146.26,46.65,62.55,6.6,15.0,907.27,0.3
Jos North,Highland,Maize,160.92,48.83,71.14,6.51,16.23,576.24,1.83
Jos North,Highland,Maize,190.29,74.21,73.83,8.98,15.0,627.97,0.3
Jos North,Highland,Maize,162.35,73.52,87.83,4.65,26.88,856.91,2.5
Jos North,Highland,Maize,158.68,86.88,94.61,5.73,23.47,691.56,2.5
Jos North,Highland,Maize,174.98,67.92,101.45,6.52,20.1,624.97,1.04
Jos North,Highland,Maize,136.23,46.37,45.0,6.19,20.38,986.57,0.56
Jos North,Highland,Maize,124.77,52.41,80.29,6.9,21.94,823.38,0.86
Jos North,Highland,Maize,112.5,46.18,45.0,7.47,22.18,777.44,0.89
Jos North,Highland,Maize,138.16,48.41,76.86,6.41,24.86,804.71,0.96
Jos North,Highland,Maize,184.11,58.01,81.34,6.14,17.63,649.4,1.56
Jos North,Highland,Maize,114.15,49.28,79.36,6.62,18.27,665.24,0.66
Jos North,Highland,Maize,185.17,56.6,68.47,6.1,18.93,744.47,1.46
Jos North,Highland,Maize,157.77,63.65,97.77,7.43,15.4,904.6,0.3
Jos North,Highland,Maize,172.32,40.84,45.0,5.82,20.53,947.28,0.51
Jos North,Highland,Maize,165.23,100.0,98.51,4.12,19.94,775.8,0.95
Jos North,Highland,Maize,166.31,47.92,73.07,7.93,25.38,718.02,0.3
Jos North,Highland,Maize,217.74,100.0,93.49,6.73,21.37,636.61,0.54
Jos North,Highland,Maize,161.13,54.36,63.84,5.47,18.46,906.2,0.47
Jos North,Highland,Maize,152.45,54.8,84.62,6.03,23.17,555.17,1.3
Jos North,Highland,Maize,120.6,39.47,48.32,7.13,29.57,547.73,2.06
Jos North,Highland,Maize,112.5,60.79,45.0,5.98,22.32,472.8,1.47
Jos North,Highland,Maize,157.67,66.63,54.68,5.91,20.22,630.21,1.54
Jos North,Highland,Maize,179.41,61.01,45.0,7.41,16.7,628.71,0.82
Jos North,Highland,Maize,119.64,63.42,45.0,4.27,15.22,886.64,0.97
Jos North,Highland,Maize,162.94,72.19,64.36,4.93,27.37,593.56,1.8
Jos North,Highland,Maize,136.58,87.41,85.85,5.67,23.27,661.51,1.57
Jos North,Highland,Maize,140.39,55.63,45.0,7.23,23.69,387.38,2.5
Jos North,Highland,Maize,131.83,55.62,76.01,5.88,16.39,903.76,0.34
Jos North,Highland,Maize,186.18,76.77,60.05,5.91,29.3,848.39,1.03
Jos North,Highland,Maize,129.33,56.24,76.49,5.96,22.69,846.2,0.41
Jos North,Highland,Maize,112.5,50.0,45.0,6.61,22.0,736.21,0.82
Jos North,Highland,Maize,151.58,44.81,75.81,4.99,25.22,910.56,0.59
Jos North,Highland,Maize,129.38,88.22,64.54,7.24,25.67,569.64,0.43
Jos North,Highland,Maize,188.91,73.68,94.48,6.08,21.17,848.68,0.46
Jos North,Highland,Maize,185.48,79.89,66.78,5.99,21.65,537.63,2.01
Jos North,Highland,Maize,160.32,72.57,45.0,7.11,30.0,525.97,1.52
Jos North,Highland,Maize,142.15,85.2,100.22,4.12,17.91,854.85,1.56
Jos North,Highland,Maize,161.67,100.0,78.83,6.5,16.83,981.68,0.3
Jos North,Highland,Maize,114.78,80.59,45.0,7.47,19.75,659.03,0.75
Jos North,Highland,Maize,131.12,76.01,45.0,6.95,24.11,512.7,1.66
Jos North,Highland,Maize,137.14,47.79,54.32,6.2,27.42,746.71,1.77
Jos North,Highland,Wheat,92.83,29.5,18.75,4.78,13.61,812.5,1.8
Jos North,Highland,Wheat,133.92,36.72,44.33,6.93,11.25,656.7,1.09
Jos North,Highland,Wheat,83.48,33.2,46.25,5.71,17.25,769.01,1.43
Jos North,Highland,Wheat,111.77,38.43,18.75,6.42,11.25,575.07,2.89
Jos North,Highland,Wheat,120.54,33.85,25.18,9.49,12.03,644.28,0.6
Jos North,Highland,Wheat,119.81,46.16,34.66,8.89,14.13,374.17,1.61
Jos North,Highland,Wheat,112.74,43.44,18.75,7.37,13.53,541.06,1.6
Jos North,Highland,Wheat,88.67,37.52,18.75,6.44,14.34,607.72,2.22
Jos North,Highland,Wheat,78.64,26.25,18.75,6.21,19.6,612.1,3.12
Jos North,Highland,Wheat,103.63,30.96,37.38,6.88,14.96,767.78,2.16
Jos North,Highland,Wheat,88.59,42.84,28.59,7.14,15.01,500.38,2.63
Jos North,Highland,Wheat,116.04,41.44,36.72,5.33,12.4,777.43,0.6
Jos North,Highland,Wheat,126.9,45.43,18.75,9.41,14.19,437.34,1.05
Jos North,Highland,Wheat,87.88,45.9,29.19,7.95,12.27,680.03,0.6
Jos North,Highland,Wheat,94.21,33.01,18.75,5.82,11.85,811.8,0.6
Jos North,Highland,Wheat,99.07,33.59,18.75,5.86,13.7,812.5,1.14
Jos North,Highland,Wheat,101.97,39.1,18.75,6.2,15.42,563.02,2.27
Jos North,Highland,Wheat,75.0,37.35,29.63,7.98,20.25,405.54,2.12
Jos North,Highland,Wheat,136.17,38.87,18.75,7.11,11.94,671.44,1.61
Jos North,Highland,Wheat,137.68,45.84,38.46,7.48,14.54,406.49,2.37
Jos North,Highland,Wheat,75.0,44.43,18.75,6.76,12.54,640.06,1.89
Jos North,Highland,Wheat,131.0,38.77,18.75,5.13,11.25,721.1,1.88
Jos North,Highland,Wheat,75.0,26.25,18.75,7.07,11.44,750.2,0.82
Jos North,Highland,Wheat,75.0,31.18,18.75,6.45,11.25,746.81,0.6
Jos North,Highland,Wheat,121.05,35.42,18.75,7.42,12.25,732.18,1.22
Jos North,Highland,Wheat,109.34,45.74,22.71,5.74,14.95,647.12,1.12
Jos North,Highland,Wheat,107.6,49.43,18.75,7.06,12.81,769.53,0.6
Jos North,Highland,Wheat,140.54,43.96,33.6,9.55,13.45,468.87,0.63
Jos North,Highland,Wheat,117.54,34.49,36.23,8.57,11.25,639.33,0.6
Jos North,Highland,Wheat,124.63,36.89,18.75,7.16,15.95,533.21,1.81
Jos North,Highland,Wheat,78.48,46.81,18.75,6.77,13.76,734.56,1.33
Jos North,Highland,Wheat,87.93,32.4,23.1,8.01,11.34,676.95,0.6
Jos North,Highland,Wheat,109.71,36.08,18.75,7.23,12.14,738.96,0.74
Jos North,Highland,Wheat,126.17,48.93,18.75,7.49,13.54,690.98,0.6
Jos North,Highland,Wheat,128.09,37.8,39.99,5.12,16.28,766.99,2.44
Jos North,Highland,Wheat,77.74,36.29,41.42,7.25,18.75,558.04,1.66
Jos North,Highland,Wheat,112.2,40.63,21.31,6.8,16.06,800.24,0.81
Jos North,Highland,Wheat,84.15,38.1,18.93,6.86,12.6,645.65,0.6
Jos North,Highland,Wheat,120.27,42.43,21.9,7.87,16.48,749.96,0.6
Jos North,Highland,Wheat,93.64,43.67,18.75,7.06,13.04,337.5,3.12
Jos North,Highland,Wheat,104.1,44.07,18.75,5.81,14.62,697.44,2.18
Jos North,Highland,Wheat,75.0,34.7,18.75,6.99,12.95,642.57,1.29
Jos North,Highland,Wheat,75.0,29.26,18.75,9.06,11.25,553.25,0.71
Jos North,Highland,Wheat,75.0,39.04,20.1,7.04,14.86,649.8,0.92
Jos North,Highland,Wheat,87.6,38.42,23.72,5.17,11.47,812.5,0.6
Jos North,Highland,Wheat,117.51,44.02,26.99,7.46,12.2,460.36,2.04
Jos North,Highland,Wheat,75.0,38.53,24.86,6.75,16.16,605.22,2.16
Jos North,Highland,Wheat,135.25,44.98,23.76,6.96,16.58,495.36,1.7
Jos North,Highland,Wheat,87.89,29.4,18.75,6.67,12.6,681.24,1.15
Jos North,Highland,Wheat,113.18,40.32,23.36,4.5,11.33,812.5,2.2
Jos North,Highland,Pineapple,200.99,51.77,157.66,5.22,17.46,891.47,0.75
Jos North,Highland,Pineapple,314.8,77.76,152.91,6.62,19.37,1133.34,0.08
Jos North,Highland,Pineapple,292.34,80.06,160.98,5.81,20.28,1119.15,0.08
Jos North,Highland,Pineapple,209.16,61.23,82.5,3.89,22.76,1209.78,0.2
Jos North,Highland,Pineapple,172.5,52.2,82.5,4.86,23.5,1053.64,0.46
Jos North,Highland,Pineapple,239.93,52.03,88.56,5.15,21.02,948.31,0.49
Jos North,Highland,Pineapple,282.81,65.33,230.27,5.64,20.02,839.45,0.53
Jos North,Highland,Pineapple,324.88,81.25,197.45,4.73,16.5,1132.66,0.08
Jos North,Highland,Pineapple,267.46,56.96,209.23,6.34,18.71,696.34,0.63
Jos North,Highland,Pineapple,243.7,54.49,165.54,6.02,19.41,1013.19,0.08
Jos North,Highland,Pineapple,269.63,62.69,207.36,3.75,19.22,1019.34,0.51
Jos North,Highland,Pineapple,222.25,49.78,129.52,5.32,17.66,1080.92,0.51
Jos North,Highland,Pineapple,271.54,74.15,237.92,5.62,21.44,938.09,0.85
Jos North,Highland,Pineapple,270.1,57.04,104.33,3.47,22.89,1231.85,0.6
Jos North,Highland,Pineapple,304.06,79.46,205.27,6.2,20.07,792.6,0.58
Jos North,Highland,Pineapple,219.45,35.84,201.28,4.34,20.44,1127.49,0.69
Jos North,Highland,Pineapple,258.65,39.32,100.47,6.1,18.67,776.46,0.7
Jos North,Highland,Pineapple,204.73,52.01,152.58,4.98,25.06,956.04,0.96
Jos North,Highland,Pineapple,229.53,56.3,132.26,3.7,22.41,1085.21,0.28
Jos North,Highland,Pineapple,248.11,54.31,114.13,4.24,21.56,671.87,1.09
Jos North,Highland,Pineapple,198.89,33.75,82.5,5.71,26.15,987.93,0.37
Jos North,Highland,Pineapple,183.9,33.75,82.5,3.9,16.5,1040.2,0.4
Jos North,Highland,Pineapple,209.43,43.85,122.84,4.44,21.59,1099.19,0.15
Jos North,Highland,Pineapple,278.2,71.68,188.28,6.34,20.88,643.85,0.8
Jos North,Highland,Pineapple,228.68,51.16,82.5,3.38,19.84,1107.21,1.0
Jos North,Highland,Pineapple,227.69,64.5,163.53,5.05,17.02,963.09,0.08
Jos North,Highland,Pineapple,204.27,56.36,82.5,4.74,20.42,919.64,0.47
Jos North,Highland,Pineapple,203.62,55.67,142.85,4.81,21.73,841.38,0.62
Jos North,Highland,Pineapple,202.32,33.75,82.5,4.98,17.94,1040.4,0.38
Jos North,Highland,Pineapple,221.2,64.44,82.5,5.08,25.36,842.49,0.76
Jos North,Highland,Pineapple,220.8,63.57,275.0,4.96,22.17,797.94,0.74
Jos North,Highland,Pineapple,241.82,40.15,89.62,4.93,23.55,1132.52,0.98
Jos North,Highland,Pineapple,284.3,80.33,189.0,4.21,23.53,619.04,1.21
Jos North,Highland,Pineapple,229.48,34.85,151.72,5.77,23.9,847.64,0.31
Jos North,Highland,Pineapple,291.94,69.06,148.81,5.33,19.93,900.42,0.08
Jos North,Highland,Pineapple,326.56,57.56,185.85,8.12,21.45,829.32,0.08
Jos North,Highland,Pineapple,197.97,46.46,98.81,4.63,20.77,1071.69,0.34
Jos North,Highland,Pineapple,181.64,57.08,82.5,4.56,22.37,1084.86,0.52
Jos North,Highland,Pineapple,230.6,46.74,82.5,5.19,16.95,1081.89,0.34
Jos North,Highland,Pineapple,242.94,39.28,156.65,5.32,21.11,1006.9,0.27
Jos North,Highland,Pineapple,264.9,53.61,169.46,6.18,21.71,1027.43,0.08
Jos North,Highland,Pineapple,293.46,38.79,217.97,5.93,22.75,804.17,0.55
Jos North,Highland,Pineapple,227.56,62.46,109.45,4.35,22.51,1097.33,0.53
Jos North,Highland,Pineapple,191.45,44.45,123.03,6.21,20.81,941.97,0.16
Jos North,Highland,Pineapple,347.88,57.62,177.92,5.06,20.32,1080.35,0.56
Jos North,Highland,Pineapple,306.41,65.19,159.54,6.23,20.85,881.57,0.44
Jos North,Highland,Pineapple,172.5,58.22,82.5,5.46,21.52,1040.13,0.27
Jos North,Highland,Pineapple,175.32,65.55,82.5,4.53,21.4,1026.56,0.21
Jos North,Highland,Pineapple,250.8,45.11,133.66,4.45,21.05,990.12,0.2
Jos North,Highland,Pineapple,228.82,54.25,195.98,6.18,22.49,783.14,0.78
Jos North,Highland,Onion,79.12,31.41,70.28,5.81,13.62,561.39,1.55
Jos North,Highland,Onion,45.0,45.5,33.75,6.55,15.0,502.5,0.59
Jos North,Highland,Onion,91.11,52.85,49.52,7.34,14.7,456.33,0.75
Jos North,Highland,Onion,47.18,32.17,33.75,5.35,14.39,552.37,1.25
Jos North,Highland,Onion,80.66,33.69,85.82,6.58,17.03,262.5,1.85
Jos North,Highland,Onion,72.32,31.58,33.75,5.81,11.5,550.58,1.09
Jos North,Highland,Onion,79.88,45.97,33.75,6.08,16.45,541.93,0.61
Jos North,Highland,Onion,46.15,33.45,33.75,5.56,12.96,479.33,1.74
Jos North,Highland,Onion,45.0,23.45,33.75,5.71,12.07,687.5,0.3
Jos North,Highland,Onion,99.64,56.25,89.34,7.21,12.15,456.27,0.51
Jos North,Highland,Onion,45.0,18.75,59.4,6.01,12.83,638.35,1.46
Jos North,Highland,Onion,85.16,53.52,49.19,6.21,13.61,644.43,0.47
Jos North,Highland,Onion,92.96,46.81,78.52,6.02,16.56,376.26,1.94
Jos North,Highland,Onion,54.12,34.01,68.93,6.39,11.25,596.84,0.87
Jos North,Highland,Onion,45.0,37.64,33.75,6.07,14.06,687.5,0.55
Jos North,Highland,Onion,81.92,47.21,53.56,6.87,18.11,386.06,0.93
Jos North,Highland,Onion,98.19,40.62,54.13,7.75,15.37,273.56,0.54
Jos North,Highland,Onion,64.74,22.41,33.75,6.73,16.47,535.62,1.16
Jos North,Highland,Onion,86.22,26.73,67.31,6.27,17.2,509.6,0.83
Jos North,Highland,Onion,62.56,18.75,33.75,6.06,18.12,660.83,0.62
Jos North,Highland,Onion,45.0,37.39,44.48,6.1,11.81,557.34,0.97
Jos North,Highland,Onion,48.45,34.02,35.11,6.91,18.93,298.12,1.01
Jos North,Highland,Onion,72.88,42.67,88.29,6.04,19.14,318.62,1.41
Jos North,Highland,Onion,45.0,26.65,43.42,5.85,15.93,687.5,1.41
Jos North,Highland,Onion,73.83,19.28,50.74,5.57,11.97,687.5,1.19
Jos North,Highland,Onion,49.49,40.9,62.6,6.29,16.81,559.19,0.87
Jos North,Highland,Onion,62.92,37.21,33.79,5.87,12.54,537.05,1.31
Jos North,Highland,Onion,50.26,23.82,33.75,6.5,11.25,484.97,1.42
Jos North,Highland,Onion,79.96,46.74,36.05,5.86,11.25,533.28,1.1
Jos North,Highland,Onion,45.0,34.67,48.27,6.07,12.69,687.5,0.91
Jos North,Highland,Onion,82.43,32.07,71.24,6.54,19.08,587.15,0.54
Jos North,Highland,Onion,65.67,32.76,38.81,6.4,14.07,658.29,0.66
Jos North,Highland,Onion,81.77,46.21,38.24,7.56,19.88,404.18,0.69
Jos North,Highland,Onion,52.55,34.49,65.15,6.91,11.25,636.12,0.3
Jos North,Highland,Onion,96.11,34.36,69.02,6.7,11.69,354.03,1.81
Jos North,Highland,Onion,87.2,23.46,39.18,6.23,11.76,571.91,1.34
Jos North,Highland,Onion,67.91,28.47,35.29,6.44,11.82,589.76,0.86
Jos North,Highland,Onion,48.08,18.75,50.79,6.33,17.27,649.61,0.64
Jos North,Highland,Onion,45.0,18.75,35.75,7.48,12.2,262.5,1.45
Jos North,Highland,Onion,54.52,26.58,51.46,6.8,13.14,425.76,1.08
Jos North,Highland,Onion,76.6,32.97,33.75,5.22,11.25,659.55,0.44
Jos North,Highland,Onion,45.0,20.57,33.75,5.11,12.08,687.5,0.96
Jos North,Highland,Onion,60.45,28.76,79.61,5.53,11.25,687.5,0.3
Jos North,Highland,Onion,62.13,21.97,47.46,7.08,15.84,375.47,1.05
Jos North,Highland,Onion,45.0,23.12,33.75,6.49,11.81,666.3,0.43
Jos North,Highland,Onion,64.35,33.24,48.13,6.62,11.25,523.02,0.37
Jos North,Highland,Onion,50.31,38.46,33.75,5.31,12.57,687.5,0.66
Jos North,Highland,Onion,58.36,22.69,56.09,6.17,11.25,623.5,0.79
Jos North,Highland,Onion,65.59,36.66,40.87,5.7,16.07,687.5,0.35
Jos North,Highland,Onion,63.46,28.58,75.24,6.45,12.11,600.81,0.78
Kanke,Lowland,Irish-potato,130.69,40.81,188.26,5.93,20.1,300.0,1.57
Kanke,Lowland,Irish-potato,134.29,30.0,137.33,5.39,16.3,506.91,1.06
Kanke,Lowland,Irish-potato,64.65,43.81,119.97,5.26,22.02,300.0,1.63
Kanke,Lowland,Irish-potato,94.35,54.53,148.76,5.92,18.19,529.52,0.98
Kanke,Lowland,Irish-potato,62.36,67.58,90.0,5.12,19.84,376.66,1.21
Kanke,Lowland,Irish-potato,82.02,57.6,151.04,4.52,18.59,517.62,1.54
Kanke,Lowland,Irish-potato,101.47,61.8,114.82,5.02,17.99,300.0,1.09
Kanke,Lowland,Irish-potato,95.81,30.0,162.79,5.73,14.02,300.0,1.74
Kanke,Lowland,Irish-potato,128.43,75.0,225.0,6.11,17.59,300.0,1.1
Kanke,Lowland,Irish-potato,99.59,53.68,130.53,4.64,22.83,367.24,1.0
Kanke,Lowland,Irish-potato,103.62,60.32,112.99,5.13,15.49,616.32,0.65
Kanke,Lowland,Irish-potato,72.93,48.51,196.0,4.15,24.54,300.0,1.88
Kanke,Lowland,Irish-potato,60.0,49.94,145.06,4.98,16.46,397.48,0.93
Kanke,Lowland,Irish-potato,107.34,41.61,136.05,4.54,19.68,512.31,0.65
Kanke,Lowland,Irish-potato,130.51,47.99,175.6,5.93,20.98,311.97,1.57
Kanke,Lowland,Irish-potato,124.48,54.76,152.91,5.35,18.77,348.53,1.04
Kanke,Lowland,Irish-potato,128.65,49.55,225.0,4.28,15.98,432.55,1.88
Kanke,Lowland,Irish-potato,87.92,37.39,163.71,5.12,16.64,470.97,0.72
Kanke,Lowland,Irish-potato,83.89,42.37,106.04,4.92,16.93,385.79,1.39
Kanke,Lowland,Irish-potato,139.7,63.97,178.22,5.24,12.51,395.39,1.02
Kanke,Lowland,Irish-potato,126.1,51.48,181.42,5.21,15.65,536.05,0.56
Kanke,Lowland,Irish-potato,109.2,66.01,213.99,5.87,20.14,300.0,1.75
Kanke,Lowland,Irish-potato,106.06,42.49,117.43,4.39,17.31,496.52,1.62
Kanke,Lowland,Irish-potato,61.29,73.72,209.94,5.67,21.19,300.0,1.34
Kanke,Lowland,Irish-potato,82.92,39.82,154.94,6.14,22.47,300.0,1.67
Kanke,Lowland,Irish-potato,105.43,72.32,155.75,5.78,16.68,338.53,0.49
Kanke,Lowland,Irish-potato,60.0,30.0,151.14,5.45,18.09,300.0,1.44
Kanke,Lowland,Irish-potato,74.76,68.32,137.57,4.77,18.57,346.31,1.62
Kanke,Lowland,Irish-potato,88.75,46.64,157.43,4.44,18.64,718.47,0.48
Kanke,Lowland,Irish-potato,134.0,51.63,220.2,6.49,22.24,300.0,1.88
Kanke,Lowland,Irish-potato,140.58,70.71,176.49,4.42,24.18,300.0,1.88
Kanke,Lowland,Irish-potato,108.42,75.0,150.03,3.88,18.18,546.36,0.91
Kanke,Lowland,Irish-potato,77.18,44.13,161.35,5.05,17.23,339.85,1.21
Kanke,Lowland,Irish-potato,111.72,47.1,150.52,5.37,18.57,300.0,1.75
Kanke,Lowland,Irish-potato,88.11,30.0,162.82,4.9,21.67,453.35,1.18
Kanke,Lowland,Irish-potato,104.14,52.1,170.41,5.46,20.58,300.0,1.88
Kanke,Lowland,Irish-potato,71.93,32.25,92.34,5.61,19.11,300.0,1.63
Kanke,Lowland,Irish-potato,70.65,39.51,112.92,4.13,18.69,627.19,1.43
Kanke,Lowland,Irish-potato,115.27,30.0,90.94,5.2,21.44,334.79,1.41
Kanke,Lowland,Irish-potato,121.45,30.4,119.41,4.1,15.54,750.0,0.9
Kanke,Lowland,Irish-potato,85.28,30.0,164.68,4.44,20.6,620.41,1.57
Kanke,Lowland,Irish-potato,86.22,30.0,199.9,5.69,18.25,477.0,1.23
Kanke,Lowland,Irish-potato,150.0,73.8,177.93,3.69,13.85,546.08,1.84
Kanke,Lowland,Irish-potato,150.0,54.44,209.64,3.78,21.86,452.52,1.88
Kanke,Lowland,Irish-potato,123.27,42.26,194.62,5.58,19.82,353.88,1.88
Kanke,Lowland,Irish-potato,60.0,56.92,120.79,4.6,12.78,478.71,1.7
Kanke,Lowland,Irish-potato,60.0,30.0,132.6,5.92,15.35,379.2,1.15
Kanke,Lowland,Irish-potato,103.35,30.0,174.41,5.38,19.92,368.54,0.96
Kanke,Lowland,Irish-potato,117.28,63.95,151.02,4.77,17.02,335.12,1.14
Kanke,Lowland,Irish-potato,104.36,57.75,166.6,5.33,18.28,411.53,1.74
Kanke,Lowland,Tomato,115.76,116.86,140.67,5.05,25.66,398.93,2.05
Kanke,Lowland,Tomato,136.88,97.29,170.99,8.75,25.99,383.1,0.42
Kanke,Lowland,Tomato,136.67,103.05,265.31,7.01,23.97,361.28,1.51
Kanke,Lowland,Tomato,120.13,48.75,161.04,5.21,20.65,412.18,2.05
Kanke,Lowland,Tomato,186.79,104.92,220.62,5.28,28.27,371.75,1.83
Kanke,Lowland,Tomato,143.84,95.93,158.07,6.4,24.68,434.24,1.76
Kanke,Lowland,Tomato,75.0,91.23,228.85,7.07,22.95,490.58,0.38
Kanke,Lowland,Tomato,108.51,55.89,124.1,8.75,23.75,361.66,0.38
Kanke,Lowland,Tomato,75.0,52.24,173.29,8.11,27.97,300.0,1.45
Kanke,Lowland,Tomato,138.35,89.46,201.86,5.16,22.99,394.52,1.19
Kanke,Lowland,Tomato,128.83,81.04,259.1,5.4,21.76,486.89,1.02
Kanke,Lowland,Tomato,92.37,90.39,223.11,6.62,27.87,591.89,0.68
Kanke,Lowland,Tomato,112.49,76.9,258.1,5.65,23.25,474.32,0.98
Kanke,Lowland,Tomato,80.65,51.56,160.99,7.73,23.58,370.5,1.2
Kanke,Lowland,Tomato,108.43,111.64,202.55,8.2,23.67,300.0,1.08
Kanke,Lowland,Tomato,143.83,66.07,254.25,4.0,31.25,478.36,1.83
Kanke,Lowland,Tomato,143.67,92.74,202.96,7.57,25.19,317.46,2.02
Kanke,Lowland,Tomato,75.0,100.55,160.76,5.92,19.95,483.13,1.08
Kanke,Lowland,Tomato,126.18,83.08,242.64,6.17,29.5,335.48,2.5
Kanke,Lowland,Tomato,159.29,100.31,291.63,5.44,22.79,339.42,2.5
Kanke,Lowland,Tomato,161.22,124.61,284.86,8.75,20.33,300.0,1.5
Kanke,Lowland,Tomato,119.55,64.8,218.96,7.15,21.33,322.07,2.3
Kanke,Lowland,Tomato,134.57,119.27,209.64,6.4,24.92,316.43,2.18
Kanke,Lowland,Tomato,121.65,115.4,237.23,5.99,25.52,538.37,1.52
Kanke,Lowland,Tomato,139.25,81.85,201.1,6.58,22.44,461.52,0.57
Kanke,Lowland,Tomato,174.44,81.57,243.34,8.28,22.4,378.88,0.38
Kanke,Lowland,Tomato,157.26,94.62,276.08,4.7,18.38,410.24,1.48
Kanke,Lowland,Tomato,117.78,75.02,228.03,6.15,24.98,386.4,2.3
Kanke,Lowland,Tomato,142.4,48.75,243.88,6.12,20.87,417.02,1.46
Kanke,Lowland,Tomato,90.0,48.75,221.76,5.26,27.52,587.09,1.95
Kanke,Lowland,Tomato,163.22,128.52,263.51,7.22,24.38,300.0,2.26
Kanke,Lowland,Tomato,158.98,137.5,300.0,6.91,20.6,339.89,1.13
Kanke,Lowland,Tomato,152.86,90.49,284.45,6.42,22.15,490.14,0.78
Kanke,Lowland,Tomato,108.29,48.75,163.03,5.35,20.15,573.61,1.36
Kanke,Lowland,Tomato,133.33,88.89,150.74,7.17,25.35,300.0,1.41
Kanke,Lowland,Tomato,140.96,92.79,241.24,5.35,21.97,466.89,1.76
Kanke,Lowland,Tomato,163.68,109.57,286.05,6.78,21.47,492.25,1.33
Kanke,Lowland,Tomato,139.09,68.92,249.58,6.22,24.4,432.82,1.35
Kanke,Lowland,Tomato,77.25,71.83,195.74,6.09,23.66,514.04,0.38
Kanke,Lowland,Tomato,139.26,75.63,238.84,7.3,31.25,314.53,2.12
Kanke,Lowland,Tomato,144.34,84.98,282.09,7.53,26.04,328.6,1.56
Kanke,Lowland,Tomato,129.51,120.68,265.33,5.18,18.88,451.09,1.4
Kanke,Lowland,Tomato,121.96,95.62,237.3,5.73,23.03,528.27,1.11
Kanke,Lowland,Tomato,123.41,137.5,197.5,7.19,16.91,390.05,0.66
Kanke,Lowland,Tomato,136.33,60.61,165.61,4.53,23.66,551.55,1.06
Kanke,Lowland,Tomato,147.71,85.36,171.62,6.49,23.27,446.27,0.99
Kanke,Lowland,Tomato,187.5,114.72,254.46,5.98,23.12,371.53,2.11
Kanke,Lowland,Tomato,139.76,117.68,184.25,7.81,31.25,300.0,1.37
Kanke,Lowland,Tomato,126.09,84.88,243.02,7.18,28.0,300.0,2.11
Kanke,Lowland,Tomato,113.27,75.29,222.41,6.68,26.19,300.0,1.96
Kanke,Lowland,Groundnut,21.91,21.29,48.24,6.15,25.36,644.45,1.0
Kanke,Lowland,Groundnut,9.02,11.25,47.32,7.83,27.64,375.0,0.89
Kanke,Lowland,Groundnut,25.0,26.51,47.72,7.43,27.97,514.63,1.02
Kanke,Lowland,Groundnut,21.69,28.04,50.0,7.18,28.42,415.91,1.15
Kanke,Lowland,Groundnut,13.74,12.16,50.0,7.22,24.18,595.05,0.76
Kanke,Lowland,Groundnut,25.0,45.82,50.0,6.95,27.02,598.61,0.96
Kanke,Lowland,Groundnut,7.5,37.95,36.23,6.65,32.19,628.85,0.77
Kanke,Lowland,Groundnut,20.01,33.41,50.0,6.63,30.02,466.65,1.27
Kanke,Lowland,Groundnut,13.9,31.12,39.63,7.34,32.71,474.21,0.88
Kanke,Lowland,Groundnut,15.11,16.19,29.21,6.61,30.85,555.64,0.56
Kanke,Lowland,Groundnut,25.0,29.52,50.0,8.02,28.83,464.17,0.62
Kanke,Lowland,Groundnut,10.92,11.25,36.46,6.68,22.69,691.52,0.76
Kanke,Lowland,Groundnut,12.59,43.29,38.59,6.66,29.3,598.22,1.1
Kanke,Lowland,Groundnut,21.53,25.33,42.14,7.09,27.18,578.96,0.62
Kanke,Lowland,Groundnut,20.57,31.82,50.0,6.1,26.85,606.45,0.8
Kanke,Lowland,Groundnut,16.5,11.25,48.37,6.26,34.91,540.01,1.5
Kanke,Lowland,Groundnut,19.18,47.08,46.93,6.39,35.0,498.29,1.5
Kanke,Lowland,Groundnut,21.44,36.34,50.0,6.91,24.3,656.78,0.24
Kanke,Lowland,Groundnut,16.7,30.72,41.96,6.7,27.81,584.56,0.82
Kanke,Lowland,Groundnut,25.0,43.9,46.15,6.13,29.75,447.03,1.5
Kanke,Lowland,Groundnut,11.6,19.06,37.13,6.36,26.25,529.7,1.07
Kanke,Lowland,Groundnut,19.26,36.43,50.0,6.91,30.76,500.95,1.14
Kanke,Lowland,Groundnut,24.65,34.84,50.0,6.27,29.14,550.31,1.06
Kanke,Lowland,Groundnut,24.46,11.25,50.0,7.14,22.93,543.78,0.91
Kanke,Lowland,Groundnut,7.5,30.85,31.14,6.85,31.29,401.85,1.5
Kanke,Lowland,Groundnut,19.23,38.67,50.0,8.02,29.69,375.0,0.83
Kanke,Lowland,Groundnut,19.78,28.8,50.0,6.61,32.29,391.01,1.41
Kanke,Lowland,Groundnut,18.06,28.57,47.2,7.09,25.28,501.65,0.71
Kanke,Lowland,Groundnut,14.5,35.45,50.0,7.52,24.44,505.09,0.93
Kanke,Lowland,Groundnut,8.08,14.02,50.0,5.49,33.82,492.59,1.5
Kanke,Lowland,Groundnut,20.92,41.74,47.49,6.98,17.09,628.22,0.32
Kanke,Lowland,Groundnut,18.85,39.55,46.45,6.52,29.96,541.3,1.14
Kanke,Lowland,Groundnut,11.67,11.25,44.07,6.26,32.06,587.97,1.08
Kanke,Lowland,Groundnut,13.28,11.25,47.9,6.63,24.5,539.77,1.18
Kanke,Lowland,Groundnut,18.73,46.84,50.0,6.91,26.11,455.04,0.92
Kanke,Lowland,Groundnut,14.72,20.66,49.02,7.59,22.03,449.88,0.89
Kanke,Lowland,Groundnut,25.0,44.85,50.0,7.57,27.45,546.49,0.7
Kanke,Lowland,Groundnut,13.68,28.16,25.1,7.19,27.1,431.72,0.71
Kanke,Lowland,Groundnut,25.0,30.57,46.48,6.03,27.61,619.65,1.27
Kanke,Lowland,Groundnut,23.01,21.21,50.0,7.32,24.29,435.41,1.27
Kanke,Lowland,Groundnut,20.82,18.72,18.75,6.63,28.86,518.07,0.86
Kanke,Lowland,Groundnut,22.87,16.28,48.34,6.97,27.88,592.99,0.93
Kanke,Lowland,Groundnut,12.01,32.76,35.15,7.34,26.62,445.65,0.64
Kanke,Lowland,Groundnut,11.34,11.25,30.8,6.97,30.61,489.28,0.75
Kanke,Lowland,Groundnut,15.3,17.7,40.89,6.44,19.24,709.01,0.58
Kanke,Lowland,Groundnut,12.25,19.96,50.0,6.31,26.61,709.86,1.02
Kanke,Lowland,Groundnut,25.0,29.95,50.0,6.39,24.33,393.1,1.5
Kanke,Lowland,Groundnut,12.0,31.85,45.74,6.07,24.12,717.65,0.23
Kanke,Lowland,Groundnut,16.73,11.25,45.76,7.0,31.9,629.04,1.21
Kanke,Lowland,Groundnut,23.39,26.42,50.0,7.02,27.06,375.0,1.41
Kanke,Lowland,Pepper,138.43,44.88,114.01,5.78,29.47,1366.65,1.46
Kanke,Lowland,Pepper,199.05,29.68,114.0,7.89,21.6,1007.73,0.51
Kanke,Lowland,Pepper,143.01,18.75,106.07,6.78,26.49,547.2,2.07
Kanke,Lowland,Pepper,147.85,40.38,75.16,6.29,17.84,1004.96,1.36
Kanke,Lowland,Pepper,118.1,28.82,62.77,6.07,25.71,1143.54,1.33
Kanke,Lowland,Pepper,78.68,18.75,55.39,6.81,19.26,1194.42,1.33
Kanke,Lowland,Pepper,131.6,42.3,121.26,6.18,33.75,450.0,2.5
Kanke,Lowland,Pepper,117.87,43.11,125.0,6.58,26.29,1168.91,1.93
Kanke,Lowland,Pepper,121.82,44.27,112.2,5.73,20.05,1459.83,0.45
Kanke,Lowland,Pepper,92.83,28.9,69.8,7.31,28.8,632.63,1.77
Kanke,Lowland,Pepper,110.66,30.31,68.47,7.09,23.77,877.91,1.17
Kanke,Lowland,Pepper,124.84,30.26,89.55,6.18,29.19,1333.32,2.17
Kanke,Lowland,Pepper,133.73,37.94,92.77,6.27,27.17,518.21,1.84
Kanke,Lowland,Pepper,115.96,31.62,125.0,7.05,23.69,1086.19,1.04
Kanke,Lowland,Pepper,173.31,62.5,105.37,7.82,32.78,450.0,1.63
Kanke,Lowland,Pepper,161.87,40.35,122.6,7.43,23.8,993.4,1.74
Kanke,Lowland,Pepper,141.41,24.65,102.88,7.74,22.64,895.08,0.45
Kanke,Lowland,Pepper,145.27,50.81,79.42,5.68,26.42,655.62,2.5
Kanke,Lowland,Pepper,190.43,61.42,123.28,6.56,27.75,563.43,2.11
Kanke,Lowland,Pepper,212.5,52.52,101.26,7.46,25.15,644.93,1.12
Kanke,Lowland,Pepper,187.76,47.98,125.0,7.18,24.31,606.77,0.99
Kanke,Lowland,Pepper,102.7,33.91,102.9,5.83,29.45,689.17,2.24
Kanke,Lowland,Pepper,102.55,43.63,41.25,5.61,31.75,1074.69,2.5
Kanke,Lowland,Pepper,212.5,62.5,125.0,6.78,29.09,594.81,2.08
Kanke,Lowland,Pepper,132.96,23.8,110.88,6.31,21.02,1424.89,0.99
Kanke,Lowland,Pepper,125.97,40.32,46.83,7.74,24.46,680.74,0.45
Kanke,Lowland,Pepper,127.08,36.67,113.6,8.0,20.07,1038.45,1.13
Kanke,Lowland,Pepper,112.38,18.75,82.81,7.01,20.37,1041.45,1.44
Kanke,Lowland,Pepper,167.06,33.48,68.69,6.41,23.51,547.18,2.47
Kanke,Lowland,Pepper,84.24,20.38,62.41,6.72,27.26,515.59,2.5
Kanke,Lowland,Pepper,96.26,56.65,75.34,6.59,33.09,681.67,2.4
Kanke,Lowland,Pepper,123.83,19.74,41.25,6.86,26.67,1054.65,1.99
Kanke,Lowland,Pepper,98.55,43.31,79.65,5.79,33.75,450.0,2.5
Kanke,Lowland,Pepper,191.29,38.67,63.23,7.1,32.1,849.47,2.13
Kanke,Lowland,Pepper,170.03,35.81,77.13,6.74,33.24,454.98,2.23
Kanke,Lowland,Pepper,101.92,31.38,72.9,5.71,26.46,843.8,1.91
Kanke,Lowland,Pepper,166.98,49.2,97.81,7.81,31.44,450.0,2.11
Kanke,Lowland,Pepper,102.31,32.92,125.0,6.49,25.89,450.0,1.56
Kanke,Lowland,Pepper,169.92,32.39,64.08,7.44,31.11,936.39,0.75
Kanke,Lowland,Pepper,87.33,25.75,67.49,6.59,26.35,1131.33,1.84
Kanke,Lowland,Pepper,112.13,21.18,97.06,6.68,23.46,692.9,2.5
Kanke,Lowland,Pepper,134.0,33.08,85.4,7.76,28.8,450.0,2.5
Kanke,Lowland,Pepper,97.3,31.18,75.63,7.01,24.25,1167.52,1.71
Kanke,Lowland,Pepper,123.94,41.38,71.27,6.32,26.27,450.0,2.38
Kanke,Lowland,Pepper,75.62,40.84,82.79,6.33,22.77,1321.19,0.45
Kanke,Lowland,Pepper,75.0,20.13,73.84,6.95,23.6,637.12,1.48
Kanke,Lowland,Pepper,126.53,22.71,87.84,6.51,28.92,1290.7,0.45
Kanke,Lowland,Pepper,146.13,34.26,73.5,6.7,31.54,1040.4,1.86
Kanke,Lowland,Pepper,90.88,21.49,87.26,6.61,33.75,724.38,1.86
Kanke,Lowland,Pepper,99.46,44.0,96.2,7.56,21.37,450.0,2.01
Kanke,Lowland,Cabbage,172.27,61.06,112.99,7.06,30.0,285.0,1.41
Kanke,Lowland,Cabbage,181.97,65.56,139.46,6.57,22.83,445.49,0.98
Kanke,Lowland,Cabbage,174.69,71.9,149.2,7.35,21.78,285.0,1.15
Kanke,Lowland,Cabbage,122.3,65.38,114.39,6.5,17.83,336.86,0.87
Kanke,Lowland,Cabbage,113.73,59.84,162.5,7.0,14.38,348.11,0.85
Kanke,Lowland,Cabbage,100.57,63.98,111.22,6.44,25.12,347.64,0.99
Kanke,Lowland,Cabbage,132.29,47.93,113.85,7.12,28.09,302.12,0.93
Kanke,Lowland,Cabbage,124.92,54.46,114.1,6.39,19.14,477.85,0.38
Kanke,Lowland,Cabbage,129.45,57.69,104.61,7.12,17.13,418.4,0.5
Kanke,Lowland,Cabbage,126.33,55.87,129.77,6.39,30.0,285.0,1.62
Kanke,Lowland,Cabbage,156.24,77.99,133.07,7.09,9.43,367.81,1.23
Kanke,Lowland,Cabbage,138.93,78.09,143.77,7.89,21.73,285.0,1.3
Kanke,Lowland,Cabbage,155.15,61.12,162.5,6.02,21.42,351.42,1.54
Kanke,Lowland,Cabbage,108.8,46.9,108.41,7.7,17.5,417.69,0.22
Kanke,Lowland,Cabbage,92.54,51.97,135.48,7.1,16.1,289.34,1.26
Kanke,Lowland,Cabbage,109.33,59.28,129.77,7.07,7.83,416.56,0.47
Kanke,Lowland,Cabbage,123.79,58.55,133.14,7.31,17.08,416.35,1.0
Kanke,Lowland,Cabbage,105.46,51.66,139.92,7.1,23.37,299.29,1.3
Kanke,Lowland,Cabbage,130.16,58.91,132.28,7.35,28.35,370.32,0.85
Kanke,Lowland,Cabbage,187.5,58.42,126.7,7.02,30.0,285.0,1.62
Kanke,Lowland,Cabbage,130.35,47.48,119.72,7.82,19.39,372.9,1.07
Kanke,Lowland,Cabbage,167.85,41.1,130.68,5.47,17.58,514.37,0.84
Kanke,Lowland,Cabbage,118.02,64.93,111.63,6.71,19.44,394.38,0.81
Kanke,Lowland,Cabbage,140.84,62.94,136.6,7.78,16.85,330.65,0.77
Kanke,Lowland,Cabbage,167.29,58.41,119.76,6.95,7.79,361.64,1.21
Kanke,Lowland,Cabbage,117.12,37.5,110.84,6.46,23.87,349.94,1.06
Kanke,Lowland,Cabbage,144.87,66.77,150.07,7.28,22.55,285.0,1.51
Kanke,Lowland,Cabbage,121.88,42.66,126.23,6.66,26.42,402.64,1.26
Kanke,Lowland,Cabbage,118.14,54.01,115.99,6.57,15.78,465.66,0.54
Kanke,Lowland,Cabbage,124.18,50.83,150.22,5.73,9.62,460.76,0.87
Kanke,Lowland,Cabbage,75.0,54.85,116.29,5.45,24.76,411.29,1.2
Kanke,Lowland,Cabbage,104.87,61.31,133.31,5.92,16.51,309.49,1.62
Kanke,Lowland,Cabbage,162.47,58.3,134.74,6.54,27.87,329.49,1.31
Kanke,Lowland,Cabbage,137.8,63.03,101.86,6.94,18.53,285.0,1.62
Kanke,Lowland,Cabbage,143.62,59.73,112.62,7.91,20.13,285.0,0.95
Kanke,Lowland,Cabbage,120.0,49.82,133.45,6.45,17.37,366.62,1.2
Kanke,Lowland,Cabbage,77.45,59.53,111.97,7.43,30.0,290.17,0.88
Kanke,Lowland,Cabbage,134.25,58.56,129.87,7.38,7.5,371.37,0.62
Kanke,Lowland,Cabbage,136.45,62.48,145.72,6.83,27.98,304.59,1.37
Kanke,Lowland,Cabbage,101.5,53.09,125.15,6.01,23.34,381.83,1.38
Kanke,Lowland,Cabbage,140.31,44.77,146.48,6.81,27.48,327.88,1.25
Kanke,Lowland,Cabbage,136.58,47.85,129.12,6.17,30.0,420.19,1.45
Kanke,Lowland,Cabbage,129.05,57.96,138.35,7.76,22.12,378.28,0.23
Kanke,Lowland,Cabbage,160.26,65.57,137.29,6.15,16.39,321.43,1.62
Kanke,Lowland,Cabbage,75.0,54.68,111.78,6.34,25.63,375.45,1.62
Kanke,Lowland,Cabbage,75.0,38.8,154.71,5.6,30.0,399.85,1.62
Kanke,Lowland,Cabbage,131.67,62.9,125.86,8.1,7.5,394.64,0.15
Kanke,Lowland,Cabbage,88.22,63.28,138.01,6.6,12.8,445.97,0.96
Kanke,Lowland,Cabbage,156.53,51.87,127.79,5.61,18.83,385.6,1.62
Kanke,Lowland,Cabbage,75.0,44.48,96.57,6.87,9.28,400.5,0.47
Kanke,Lowland,Maize,160.38,40.62,71.88,7.46,26.12,390.95,1.81
Kanke,Lowland,Maize,175.85,74.66,121.38,7.72,23.38,654.56,1.65
Kanke,Lowland,Maize,169.39,48.22,102.81,6.06,31.84,627.06,1.58
Kanke,Lowland,Maize,146.9,83.97,102.14,5.91,30.75,570.8,2.0
Kanke,Lowland,Maize,144.26,37.5,47.09,6.11,31.68,476.25,2.34
Kanke,Lowland,Maize,172.22,78.28,115.45,6.19,32.78,424.02,2.21
Kanke,Lowland,Maize,173.57,47.46,93.38,8.8,28.15,384.33,0.87
Kanke,Lowland,Maize,174.75,85.52,69.45,6.18,29.22,375.0,1.55
Kanke,Lowland,Maize,192.77,57.42,79.45,6.68,24.43,473.64,1.54
Kanke,Lowland,Maize,152.04,91.04,125.0,6.18,24.52,839.18,0.5
Kanke,Lowland,Maize,151.79,43.28,69.27,7.27,32.16,574.38,1.68
Kanke,Lowland,Maize,170.99,56.78,76.48,7.55,20.15,568.02,0.49
Kanke,Lowland,Maize,167.63,45.31,104.06,8.14,28.79,375.0,1.37
Kanke,Lowland,Maize,178.88,52.62,87.85,7.41,24.78,698.11,0.98
Kanke,Lowland,Maize,172.05,47.2,75.83,7.22,27.9,692.84,2.0
Kanke,Lowland,Maize,174.27,73.33,74.95,7.31,27.8,782.11,0.65
Kanke,Lowland,Maize,148.99,37.74,82.53,4.84,24.04,600.28,2.5
Kanke,Lowland,Maize,138.86,47.03,90.32,5.88,15.22,809.85,0.44
Kanke,Lowland,Maize,195.17,65.82,123.09,7.55,22.93,610.33,0.62
Kanke,Lowland,Maize,169.8,75.09,125.0,9.28,28.5,375.0,0.59
Kanke,Lowland,Maize,182.98,61.95,100.83,5.9,34.38,539.83,2.0
Kanke,Lowland,Maize,230.16,75.45,125.0,7.07,26.55,448.46,1.54
Kanke,Lowland,Maize,205.74,81.42,110.31,5.72,31.55,541.17,1.36
Kanke,Lowland,Maize,157.64,42.01,94.25,6.89,29.05,640.84,0.7
Kanke,Lowland,Maize,195.33,73.79,122.12,5.9,26.59,550.09,2.36
Kanke,Lowland,Maize,174.31,63.9,100.7,7.17,28.64,646.72,1.03
Kanke,Lowland,Maize,209.07,94.54,91.53,5.94,32.35,397.58,2.2
Kanke,Lowland,Maize,204.0,58.33,105.81,4.27,28.66,792.5,1.88
Kanke,Lowland,Maize,208.27,63.47,77.32,6.07,16.85,639.8,1.71
Kanke,Lowland,Maize,178.33,66.41,103.08,8.36,27.74,382.77,1.18
Kanke,Lowland,Maize,213.77,69.99,96.87,6.36,23.25,534.5,0.83
Kanke,Lowland,Maize,140.63,75.77,56.35,7.93,26.64,401.73,0.3
Kanke,Lowland,Maize,163.3,75.82,78.71,7.55,29.76,840.05,0.94
Kanke,Lowland,Maize,130.7,73.63,91.85,8.56,29.93,375.0,1.52
Kanke,Lowland,Maize,187.15,57.57,118.08,7.5,25.85,396.97,2.14
Kanke,Lowland,Maize,167.67,72.05,90.79,6.69,29.73,595.91,1.91
Kanke,Lowland,Maize,150.47,49.58,103.06,6.46,28.13,649.06,1.67
Kanke,Lowland,Maize,186.54,52.2,95.75,7.59,31.11,375.0,1.96
Kanke,Lowland,Maize,189.02,72.6,114.27,7.75,19.73,460.4,1.33
Kanke,Lowland,Maize,188.31,55.47,100.95,7.02,27.19,555.91,1.31
Kanke,Lowland,Maize,157.15,37.5,94.32,6.17,27.75,375.0,2.3
Kanke,Lowland,Maize,153.71,38.67,94.53,5.89,25.88,420.03,1.86
Kanke,Lowland,Maize,171.64,54.68,125.0,5.47,25.25,718.73,1.69
Kanke,Lowland,Maize,137.28,57.51,68.54,6.23,27.89,551.53,0.33
Kanke,Lowland,Maize,136.69,56.29,71.32,5.14,24.93,633.92,2.13
Kanke,Lowland,Maize,176.52,66.66,117.41,8.54,26.41,588.25,0.3
Kanke,Lowland,Maize,159.56,39.37,125.0,6.74,29.23,753.37,1.61
Kanke,Lowland,Maize,239.61,72.69,125.0,7.16,29.52,423.02,1.26
Kanke,Lowland,Maize,198.98,68.91,93.1,6.28,23.71,376.15,2.5
Kanke,Lowland,Maize,203.07,73.95,91.11,7.64,35.0,375.0,1.04
Kanke,Lowland,Wheat,148.2,35.15,62.24,7.63,24.52,418.9,1.59
Kanke,Lowland,Wheat,90.26,33.44,36.58,6.05,23.19,572.87,1.53
Kanke,Lowland,Wheat,135.43,40.02,61.46,6.06,18.21,455.47,3.02
Kanke,Lowland,Wheat,113.44,32.36,21.22,6.42,18.17,714.81,1.1
Kanke,Lowland,Wheat,166.84,48.97,50.61,7.19,17.65,502.63,2.41
Kanke,Lowland,Wheat,164.12,47.29,46.71,7.46,24.22,351.09,2.56
Kanke,Lowland,Wheat,113.2,37.69,40.86,7.43,20.4,467.09,1.8
Kanke,Lowland,Wheat,118.42,34.92,37.96,8.89,20.69,337.5,1.07
Kanke,Lowland,Wheat,122.36,36.75,47.03,6.38,19.04,546.74,1.91
Kanke,Lowland,Wheat,121.5,46.24,45.26,7.78,25.0,337.5,3.12
Kanke,Lowland,Wheat,131.27,41.02,59.75,9.9,22.62,337.5,2.63
Kanke,Lowland,Wheat,113.58,42.15,36.38,7.97,23.52,368.4,3.02
Kanke,Lowland,Wheat,144.08,37.02,52.49,7.78,19.61,381.53,1.92
Kanke,Lowland,Wheat,187.5,45.64,48.59,5.09,18.95,493.82,2.7
Kanke,Lowland,Wheat,93.85,30.97,34.41,7.1,21.34,720.44,0.6
Kanke,Lowland,Wheat,142.4,41.38,62.5,7.07,17.57,578.6,1.67
Kanke,Lowland,Wheat,103.73,39.24,46.21,6.45,17.38,583.64,1.02
Kanke,Lowland,Wheat,114.07,38.4,37.71,8.9,16.51,601.19,0.85
Kanke,Lowland,Wheat,179.44,47.14,62.5,8.74,22.85,337.5,1.99
Kanke,Lowland,Wheat,129.89,37.8,40.06,5.92,21.4,486.87,1.6
Kanke,Lowland,Wheat,187.5,44.2,62.5,8.21,25.0,337.5,3.12
Kanke,Lowland,Wheat,187.5,41.4,31.23,7.37,23.58,468.81,2.95
Kanke,Lowland,Wheat,177.75,44.23,62.5,7.17,19.11,337.5,3.12
Kanke,Lowland,Wheat,164.58,39.64,62.5,7.35,19.65,337.5,3.12
Kanke,Lowland,Wheat,133.02,38.06,62.5,6.68,22.47,377.46,3.12
Kanke,Lowland,Wheat,104.95,36.49,38.0,6.76,19.99,675.08,1.6
Kanke,Lowland,Wheat,129.45,39.78,62.5,7.43,22.76,337.5,2.55
Kanke,Lowland,Wheat,112.37,29.87,47.34,8.35,22.46,418.92,2.47
Kanke,Lowland,Wheat,142.88,41.07,50.81,8.61,21.68,407.87,2.29
Kanke,Lowland,Wheat,143.83,38.76,59.87,7.76,16.55,433.42,1.11
Kanke,Lowland,Wheat,111.66,36.25,46.46,6.3,22.28,673.43,1.91
Kanke,Lowland,Wheat,131.28,31.85,48.58,6.18,19.35,592.74,2.21
Kanke,Lowland,Wheat,160.19,55.19,45.65,9.27,22.64,374.06,1.71
Kanke,Lowland,Wheat,148.64,30.01,18.75,5.1,18.92,609.77,2.12
Kanke,Lowland,Wheat,113.85,45.57,57.82,7.71,23.18,417.15,2.24
Kanke,Lowland,Wheat,178.17,36.33,58.36,6.16,22.25,413.33,3.12
Kanke,Lowland,Wheat,151.7,43.18,62.5,8.03,25.0,337.5,2.29
Kanke,Lowland,Wheat,106.96,39.06,54.44,6.63,17.65,670.07,0.61
Kanke,Lowland,Wheat,113.08,45.3,62.5,8.35,23.51,385.0,1.25
Kanke,Lowland,Wheat,93.73,34.36,38.82,8.75,22.13,552.71,0.61
Kanke,Lowland,Wheat,141.28,47.59,62.5,7.56,19.31,486.07,2.22
Kanke,Lowland,Wheat,140.81,43.47,55.75,6.63,18.6,356.61,2.17
Kanke,Lowland,Wheat,94.15,35.75,40.29,7.29,20.18,394.28,2.53
Kanke,Lowland,Wheat,130.18,39.27,34.0,5.96,20.2,474.65,2.88
Kanke,Lowland,Wheat,110.77,41.39,44.65,8.81,20.01,441.14,2.09
Kanke,Lowland,Wheat,151.91,37.33,62.5,4.5,22.82,479.49,3.12
Kanke,Lowland,Wheat,133.49,36.85,62.5,4.91,20.64,558.83,2.13
Kanke,Lowland,Wheat,133.14,36.29,48.43,6.8,24.77,515.97,2.88
Kanke,Lowland,Wheat,131.15,37.53,62.5,7.3,14.65,505.17,2.17
Kanke,Lowland,Wheat,133.65,34.4,50.81,6.28,23.97,559.4,3.07
Kanke,Lowland,Pineapple,232.1,49.16,137.1,5.47,27.79,735.37,1.01
Kanke,Lowland,Pineapple,364.36,60.77,224.94,5.17,32.49,525.0,1.25
Kanke,Lowland,Pineapple,234.12,57.72,85.47,4.62,28.06,898.09,0.69
Kanke,Lowland,Pineapple,241.6,37.0,165.01,8.12,30.35,644.37,0.35
Kanke,Lowland,Pineapple,232.31,51.78,126.8,4.09,26.82,798.4,1.25
Kanke,Lowland,Pineapple,226.25,69.28,82.5,5.32,30.59,650.81,0.76
Kanke,Lowland,Pineapple,319.76,57.48,205.25,4.43,29.97,843.0,1.25
Kanke,Lowland,Pineapple,314.3,54.58,241.59,6.44,22.41,532.17,1.25
Kanke,Lowland,Pineapple,239.71,56.34,162.33,6.42,26.81,750.54,0.18
Kanke,Lowland,Pineapple,253.14,51.17,122.7,5.92,29.32,626.53,1.25
Kanke,Lowland,Pineapple,220.21,33.75,146.77,6.74,24.12,991.83,0.08
Kanke,Lowland,Pineapple,322.6,52.99,220.16,7.07,27.15,525.0,1.25
Kanke,Lowland,Pineapple,254.54,33.75,190.87,7.03,25.7,755.96,0.44
Kanke,Lowland,Pineapple,233.72,66.25,228.27,6.36,25.68,525.0,1.25
Kanke,Lowland,Pineapple,283.4,42.57,270.66,5.04,27.68,525.0,1.25
Kanke,Lowland,Pineapple,196.29,68.4,166.35,6.15,26.55,725.49,1.25
Kanke,Lowland,Pineapple,296.0,54.6,168.92,7.64,25.63,525.0,1.06
Kanke,Lowland,Pineapple,219.12,59.16,105.55,6.5,28.28,840.42,0.53
Kanke,Lowland,Pineapple,289.57,70.5,239.57,6.57,27.18,697.48,0.81
Kanke,Lowland,Pineapple,246.43,59.1,208.2,4.67,24.23,820.92,0.85
Kanke,Lowland,Pineapple,298.4,75.25,275.0,4.76,27.66,733.88,0.81
Kanke,Lowland,Pineapple,240.24,45.75,268.1,4.7,26.85,596.69,1.16
Kanke,Lowland,Pineapple,251.04,58.74,152.66,7.2,25.08,525.0,1.21
Kanke,Lowland,Pineapple,277.53,50.26,237.56,5.72,27.23,645.44,0.51
Kanke,Lowland,Pineapple,317.3,80.02,275.0,7.4,24.06,525.0,0.99
Kanke,Lowland,Pineapple,355.79,47.01,245.82,8.12,26.89,567.66,0.6
Kanke,Lowland,Pineapple,200.55,33.75,214.74,6.87,29.06,804.53,0.76
Kanke,Lowland,Pineapple,200.23,60.73,145.75,5.02,31.15,952.94,0.77
Kanke,Lowland,Pineapple,311.22,51.42,201.84,5.13,28.07,844.96,1.25
Kanke,Lowland,Pineapple,272.97,60.24,209.48,5.83,25.73,583.2,1.21
Kanke,Lowland,Pineapple,286.41,69.49,203.89,5.02,20.84,816.69,1.02
Kanke,Lowland,Pineapple,197.21,59.61,168.33,5.38,29.33,817.61,0.88
Kanke,Lowland,Pineapple,314.83,67.15,213.43,4.5,26.94,898.92,1.11
Kanke,Lowland,Pineapple,257.05,75.72,131.44,6.83,29.81,525.0,0.76
Kanke,Lowland,Pineapple,279.25,51.32,176.52,3.72,24.22,987.54,1.13
Kanke,Lowland,Pineapple,241.44,44.25,108.77,4.78,31.83,1050.34,0.85
Kanke,Lowland,Pineapple,274.19,67.8,169.89,6.54,30.19,827.13,1.11
Kanke,Lowland,Pineapple,298.3,76.94,244.79,5.77,29.46,533.53,1.16
Kanke,Lowland,Pineapple,277.02,59.66,261.85,6.09,25.66,1055.09,0.3
Kanke,Lowland,Pineapple,232.58,33.75,197.46,4.93,26.47,888.78,1.16
Kanke,Lowland,Pineapple,291.44,64.99,226.0,6.25,26.01,742.89,1.06
Kanke,Lowland,Pineapple,283.04,58.53,145.05,6.4,26.19,546.23,1.21
Kanke,Lowland,Pineapple,240.55,56.92,174.25,4.75,26.96,854.81,1.14
Kanke,Lowland,Pineapple,229.4,33.75,99.82,5.85,26.97,918.52,0.83
Kanke,Lowland,Pineapple,273.58,59.76,219.14,4.89,26.1,839.26,0.91
Kanke,Lowland,Pineapple,321.93,65.1,244.63,5.1,27.24,859.78,1.05
Kanke,Lowland,Pineapple,271.98,55.21,241.12,6.87,25.96,735.7,0.57
Kanke,Lowland,Pineapple,269.44,81.24,177.95,4.86,27.14,796.81,0.84
Kanke,Lowland,Pineapple,237.4,48.38,264.89,5.99,26.74,841.64,0.99
Kanke,Lowland,Pineapple,258.45,64.85,231.34,6.57,26.06,699.03,1.07
Kanke,Lowland,Onion,81.49,37.32,71.13,8.61,25.0,262.5,1.65
Kanke,Lowland,Onion,77.66,23.72,74.8,6.93,22.05,377.83,1.23
Kanke,Lowland,Onion,45.0,46.36,73.86,6.52,24.76,323.4,1.72
Kanke,Lowland,Onion,86.6,31.58,87.2,6.09,19.67,262.5,2.25
Kanke,Lowland,Onion,86.64,48.71,61.49,7.53,25.0,262.5,2.25
Kanke,Lowland,Onion,66.92,36.72,100.0,6.36,21.46,262.5,1.92
Kanke,Lowland,Onion,100.23,18.75,85.73,6.06,14.89,430.93,1.85
Kanke,Lowland,Onion,83.1,29.39,67.58,7.17,22.8,325.0,1.06
Kanke,Lowland,Onion,84.11,22.52,33.75,6.74,22.19,472.63,1.0
Kanke,Lowland,Onion,47.35,26.4,78.31,5.93,23.35,524.59,1.3
Kanke,Lowland,Onion,125.0,33.98,97.27,7.03,22.65,281.45,1.45
Kanke,Lowland,Onion,93.07,24.81,100.0,6.55,25.0,325.85,2.12
Kanke,Lowland,Onion,74.41,39.26,77.46,6.6,17.97,543.2,0.34
Kanke,Lowland,Onion,96.62,39.59,100.0,6.9,21.41,265.62,1.76
Kanke,Lowland,Onion,124.05,40.21,100.0,7.06,18.99,262.5,2.08
Kanke,Lowland,Onion,86.64,27.18,41.74,6.99,14.25,475.84,0.38
Kanke,Lowland,Onion,82.51,29.16,83.12,7.19,21.01,327.62,1.07
Kanke,Lowland,Onion,57.29,18.75,91.56,6.49,18.37,491.44,1.53
Kanke,Lowland,Onion,91.49,18.75,100.0,6.7,21.52,465.59,1.87
Kanke,Lowland,Onion,101.58,35.41,71.34,7.06,19.49,298.74,1.19
Kanke,Lowland,Onion,57.78,24.0,65.52,6.05,23.69,309.4,2.25
Kanke,Lowland,Onion,59.75,18.75,69.81,6.82,24.73,388.15,1.12
Kanke,Lowland,Onion,100.36,52.39,92.15,7.34,25.0,262.5,1.85
Kanke,Lowland,Onion,105.21,48.02,100.0,7.27,20.14,321.04,1.1
Kanke,Lowland,Onion,124.88,37.39,95.62,7.18,22.49,262.5,1.61
Kanke,Lowland,Onion,78.73,22.59,82.86,6.26,21.71,478.16,1.08
Kanke,Lowland,Onion,47.61,41.88,78.55,6.03,19.05,426.45,2.0
Kanke,Lowland,Onion,91.35,31.34,100.0,7.34,17.99,326.58,0.95
Kanke,Lowland,Onion,45.0,34.07,48.65,7.48,24.01,352.84,1.35
Kanke,Lowland,Onion,58.01,41.73,100.0,6.72,18.83,410.67,1.33
Kanke,Lowland,Onion,76.52,35.86,93.47,6.82,23.75,262.5,2.21
Kanke,Lowland,Onion,48.64,40.92,61.27,6.91,17.88,331.35,1.12
Kanke,Lowland,Onion,81.58,40.95,60.25,6.91,19.57,274.18,1.22
Kanke,Lowland,Onion,104.51,44.11,66.95,6.69,16.19,351.18,0.69
Kanke,Lowland,Onion,112.82,28.77,71.95,7.87,22.07,262.5,1.42
Kanke,Lowland,Onion,66.55,18.75,53.35,6.08,18.88,372.36,1.06
Kanke,Lowland,Onion,98.67,41.55,100.0,7.48,25.0,262.5,1.35
Kanke,Lowland,Onion,104.37,53.15,80.69,7.92,19.52,262.5,1.2
Kanke,Lowland,Onion,76.89,29.47,79.65,7.11,23.08,262.5,2.06
Kanke,Lowland,Onion,87.41,48.92,85.2,6.92,19.56,364.81,1.79
Kanke,Lowland,Onion,98.26,37.6,82.23,7.16,15.79,503.92,0.76
Kanke,Lowland,Onion,77.62,56.25,92.84,7.53,23.62,262.5,1.78
Kanke,Lowland,Onion,89.27,27.64,100.0,7.3,22.65,262.5,1.47
Kanke,Lowland,Onion,114.92,40.09,100.0,7.07,25.0,262.5,2.25
Kanke,Lowland,Onion,107.2,51.51,72.09,6.19,23.36,262.5,2.25
Kanke,Lowland,Onion,98.8,30.65,80.35,7.65,25.0,320.61,0.65
Kanke,Lowland,Onion,65.44,35.2,99.63,7.27,20.81,332.14,0.9
Kanke,Lowland,Onion,74.58,44.73,72.01,7.57,18.56,264.71,0.33
Kanke,Lowland,Onion,87.52,47.87,79.3,6.29,18.01,321.88,1.82
Kanke,Lowland,Onion,119.46,51.51,100.0,6.95,22.05,390.15,0.98
Riyom,Highland,Irish-potato,90.3,30.83,193.03,5.05,12.47,346.87,1.23
Riyom,Highland,Irish-potato,124.68,60.48,122.43,5.16,19.49,455.04,1.01
Riyom,Highland,Irish-potato,90.38,45.05,182.41,5.66,16.49,434.89,0.25
Riyom,Highland,Irish-potato,75.11,52.18,90.0,3.98,14.85,548.11,0.77
Riyom,Highland,Irish-potato,82.58,32.05,157.29,6.02,12.13,407.91,0.84
Riyom,Highland,Irish-potato,150.0,75.0,225.0,4.6,7.61,590.49,0.25
Riyom,Highland,Irish-potato,71.32,35.63,121.62,6.59,12.29,582.74,0.22
Riyom,Highland,Irish-potato,97.22,30.0,110.47,4.16,11.97,717.01,0.25
Riyom,Highland,Irish-potato,80.58,72.07,149.92,5.36,14.57,300.0,0.72
Riyom,Highland,Irish-potato,150.0,49.14,210.35,5.09,7.62,616.36,0.24
Riyom,Highland,Irish-potato,88.95,42.43,224.78,5.45,17.95,300.0,0.94
Riyom,Highland,Irish-potato,150.0,57.86,196.72,5.57,7.5,520.68,0.22
Riyom,Highland,Irish-potato,110.48,47.12,90.0,4.62,14.87,595.09,0.92
Riyom,Highland,Irish-potato,125.43,30.0,114.75,4.4,8.69,608.35,1.02
Riyom,Highland,Irish-potato,91.16,38.63,90.0,5.46,10.07,378.34,0.61
Riyom,Highland,Irish-potato,65.19,30.0,95.16,3.72,13.2,699.49,0.77
Riyom,Highland,Irish-potato,147.36,60.06,187.2,6.3,9.59,300.0,0.49
Riyom,Highland,Irish-potato,69.39,32.26,165.81,4.78,15.52,592.1,0.46
Riyom,Highland,Irish-potato,60.0,30.0,122.06,4.53,14.13,530.22,0.5
Riyom,Highland,Irish-potato,100.25,30.0,139.09,4.87,10.83,750.0,0.22
Riyom,Highland,Irish-potato,109.29,47.61,225.0,4.58,7.5,584.94,0.42
Riyom,Highland,Irish-potato,91.43,40.09,90.0,3.75,14.45,750.0,0.97
Riyom,Highland,Irish-potato,60.0,50.2,95.63,3.57,13.23,750.0,0.22
Riyom,Highland,Irish-potato,111.86,56.14,202.68,3.72,7.5,750.0,0.22
Riyom,Highland,Irish-potato,68.9,50.71,225.0,3.93,17.36,750.0,0.57
Riyom,Highland,Irish-potato,64.88,53.96,124.58,5.28,15.21,526.55,0.22
Riyom,Highland,Irish-potato,119.57,32.09,224.3,5.17,7.5,711.48,0.69
Riyom,Highland,Irish-potato,77.5,32.41,176.65,4.19,7.5,416.25,1.22
Riyom,Highland,Irish-potato,137.88,37.64,142.22,4.81,12.26,494.94,1.04
Riyom,Highland,Irish-potato,123.93,36.67,196.5,3.0,11.99,750.0,0.75
Riyom,Highland,Irish-potato,101.74,35.04,139.39,3.63,7.5,750.0,0.22
Riyom,Highland,Irish-potato,101.52,56.95,155.29,3.88,12.3,553.7,1.41
Riyom,Highland,Irish-potato,119.73,75.0,225.0,4.7,17.21,333.59,1.09
Riyom,Highland,Irish-potato,73.4,44.71,105.5,5.06,10.7,300.0,0.83
Riyom,Highland,Irish-potato,76.4,39.47,121.42,4.01,16.54,510.85,1.65
Riyom,Highland,Irish-potato,132.32,38.06,150.49,3.51,13.04,639.59,0.87
Riyom,Highland,Irish-potato,138.15,49.17,145.02,5.3,17.13,375.88,1.2
Riyom,Highland,Irish-potato,94.5,30.0,139.11,5.6,8.53,647.74,0.22
Riyom,Highland,Irish-potato,63.25,30.0,90.0,5.26,10.51,683.3,0.31
Riyom,Highland,Irish-potato,117.63,30.0,160.13,3.45,12.77,744.27,0.5
Riyom,Highland,Irish-potato,91.62,41.4,102.31,5.56,7.5,496.88,0.22
Riyom,Highland,Irish-potato,127.28,30.0,171.67,4.68,11.73,689.91,0.22
Riyom,Highland,Irish-potato,104.1,47.73,117.16,4.55,20.52,300.0,1.61
Riyom,Highland,Irish-potato,60.0,30.0,152.63,3.95,8.1,697.86,0.67
Riyom,Highland,Irish-potato,150.0,48.77,90.0,5.43,12.87,387.95,0.22
Riyom,Highland,Irish-potato,107.81,40.2,90.0,5.54,11.25,531.54,0.22
Riyom,Highland,Irish-potato,90.82,44.45,145.55,3.51,9.16,507.89,1.11
Riyom,Highland,Irish-potato,103.3,61.34,184.71,3.56,11.04,750.0,0.79
Riyom,Highland,Irish-potato,131.25,30.0,111.91,5.14,12.1,462.34,0.31
Riyom,Highland,Irish-potato,82.59,30.0,160.56,4.47,12.28,452.17,0.25
Riyom,Highland,Tomato,153.1,137.5,185.92,5.18,18.67,607.92,0.4
Riyom,Highland,Tomato,75.0,48.75,120.0,3.78,13.5,750.0,0.38
Riyom,Highland,Tomato,183.89,124.65,220.38,6.32,14.93,660.05,0.38
Riyom,Highland,Tomato,75.0,61.32,120.0,3.98,17.38,641.15,1.0
Riyom,Highland,Tomato,124.3,90.09,145.13,5.69,14.63,566.91,0.77
Riyom,Highland,Tomato,103.14,48.75,155.82,4.08,16.47,699.54,1.19
Riyom,Highland,Tomato,144.69,55.62,161.5,5.99,16.5,626.79,1.03
Riyom,Highland,Tomato,94.14,48.75,120.0,7.66,15.77,633.19,0.38
Riyom,Highland,Tomato,122.1,112.02,265.35,5.93,22.77,557.35,1.88
Riyom,Highland,Tomato,137.71,92.15,263.92,6.78,25.86,448.04,0.82
Riyom,Highland,Tomato,104.6,74.63,168.96,5.27,21.04,634.56,0.42
Riyom,Highland,Tomato,133.84,59.25,243.61,4.48,17.71,750.0,1.44
Riyom,Highland,Tomato,110.12,69.37,245.24,4.09,15.44,702.88,0.66
Riyom,Highland,Tomato,143.71,54.0,207.39,6.09,19.49,544.56,1.43
Riyom,Highland,Tomato,160.28,59.15,157.0,5.82,16.88,750.0,1.0
Riyom,Highland,Tomato,112.17,98.4,169.5,7.32,13.5,731.09,0.38
Riyom,Highland,Tomato,107.52,74.19,292.39,7.44,16.44,523.79,0.38
Riyom,Highland,Tomato,131.92,84.71,148.98,5.58,15.37,538.58,0.79
Riyom,Highland,Tomato,129.34,112.85,230.55,4.15,16.16,713.81,0.99
Riyom,Highland,Tomato,159.6,51.01,170.21,6.4,16.08,597.5,0.41
Riyom,Highland,Tomato,94.09,63.53,281.11,5.84,24.99,500.24,1.17
Riyom,Highland,Tomato,131.73,129.27,298.91,6.24,16.28,485.61,0.8
Riyom,Highland,Tomato,128.3,63.8,167.33,5.37,18.76,750.0,0.38
Riyom,Highland,Tomato,102.69,72.14,124.79,8.41,13.5,433.09,0.76
Riyom,Highland,Tomato,95.72,56.81,132.96,4.42,19.2,688.11,1.2
Riyom,Highland,Tomato,128.59,91.35,218.38,5.78,13.5,537.9,1.24
Riyom,Highland,Tomato,118.12,130.66,216.7,6.3,17.11,632.85,0.38
Riyom,Highland,Tomato,136.18,67.71,197.71,5.88,19.77,546.43,0.38
Riyom,Highland,Tomato,134.14,96.44,184.23,8.17,16.49,451.6,0.38
Riyom,Highland,Tomato,126.14,81.12,248.15,5.97,17.59,505.52,0.94
Riyom,Highland,Tomato,89.54,52.08,120.0,5.99,20.76,663.83,1.02
Riyom,Highland,Tomato,138.09,65.1,177.38,6.38,18.69,748.0,0.38
Riyom,Highland,Tomato,116.94,48.75,149.04,6.18,16.81,699.5,0.38
Riyom,Highland,Tomato,141.3,48.75,184.22,6.59,17.61,563.58,0.38
Riyom,Highland,Tomato,137.46,99.37,122.66,7.29,13.5,623.25,0.38
Riyom,Highland,Tomato,96.17,48.75,180.24,4.42,24.95,476.24,2.01
Riyom,Highland,Tomato,107.99,82.33,280.37,5.29,14.24,653.04,1.16
Riyom,Highland,Tomato,101.98,84.93,191.14,6.83,22.66,421.0,1.45
Riyom,Highland,Tomato,142.49,48.75,144.97,5.63,14.6,727.98,0.5
Riyom,Highland,Tomato,135.03,48.75,211.33,4.25,17.31,750.0,1.28
Riyom,Highland,Tomato,158.01,111.16,208.07,6.76,27.55,457.31,1.55
Riyom,Highland,Tomato,116.43,83.27,167.32,4.03,13.5,748.72,1.09
Riyom,Highland,Tomato,134.16,88.66,160.9,5.96,15.48,584.54,1.3
Riyom,Highland,Tomato,157.98,94.18,186.97,6.71,17.9,685.53,0.38
Riyom,Highland,Tomato,110.8,48.75,300.0,3.99,14.81,750.0,0.39
Riyom,Highland,Tomato,173.13,132.08,233.0,8.75,22.46,356.9,0.38
Riyom,Highland,Tomato,127.1,102.29,177.5,5.01,22.6,731.74,0.38
Riyom,Highland,Tomato,130.68,96.82,235.89,4.43,22.71,507.64,2.13
Riyom,Highland,Tomato,141.53,79.44,182.43,6.56,22.36,619.38,0.38
Riyom,Highland,Tomato,130.6,77.96,181.45,4.76,13.5,750.0,0.38
Riyom,Highland,Groundnut,12.96,22.23,38.15,6.62,26.83,579.43,0.45
Riyom,Highland,Groundnut,7.5,11.25,22.44,5.94,29.04,713.62,0.44
Riyom,Highland,Groundnut,7.5,17.53,18.75,6.2,26.07,681.42,0.17
Riyom,Highland,Groundnut,7.5,11.25,29.54,6.04,27.68,525.98,0.81
Riyom,Highland,Groundnut,19.56,32.72,26.22,7.14,20.46,538.86,0.15
Riyom,Highland,Groundnut,7.5,11.25,19.51,6.22,21.84,875.0,0.15
Riyom,Highland,Groundnut,9.86,24.11,24.73,6.52,27.3,587.62,0.45
Riyom,Highland,Groundnut,12.34,12.93,28.84,6.88,24.79,478.64,0.68
Riyom,Highland,Groundnut,17.86,15.45,23.98,6.04,20.53,547.82,0.57
Riyom,Highland,Groundnut,11.46,13.46,18.75,6.61,19.2,849.86,0.15
Riyom,Highland,Groundnut,10.5,36.67,31.73,5.51,26.04,741.7,0.29
Riyom,Highland,Groundnut,11.6,11.25,19.45,6.45,19.99,545.16,0.67
Riyom,Highland,Groundnut,13.82,11.25,20.61,6.55,22.91,695.46,0.74
Riyom,Highland,Groundnut,13.45,19.27,18.75,7.12,21.57,643.97,0.15
Riyom,Highland,Groundnut,12.43,11.25,18.75,6.67,25.37,727.79,0.28
Riyom,Highland,Groundnut,7.5,15.99,28.23,6.03,19.63,832.15,0.15
Riyom,Highland,Groundnut,14.63,15.38,19.03,6.4,16.5,805.48,0.15
Riyom,Highland,Groundnut,11.85,11.29,30.62,5.91,23.94,584.6,1.12
Riyom,Highland,Groundnut,12.32,11.25,27.91,6.8,26.59,520.32,0.42
Riyom,Highland,Groundnut,7.5,15.53,19.01,5.95,25.08,875.0,0.23
Riyom,Highland,Groundnut,8.77,11.25,18.75,6.44,20.62,685.39,0.53
Riyom,Highland,Groundnut,13.24,11.25,18.75,5.31,18.82,764.24,0.48
Riyom,Highland,Groundnut,12.51,36.5,18.75,5.39,17.76,797.79,0.6
Riyom,Highland,Groundnut,12.45,35.32,22.51,6.67,20.08,652.31,0.15
Riyom,Highland,Groundnut,7.5,11.72,20.4,6.42,16.53,671.53,0.15
Riyom,Highland,Groundnut,9.91,14.49,21.64,5.23,21.59,808.68,0.69
Riyom,Highland,Groundnut,12.3,23.84,18.75,6.29,18.55,730.31,0.42
Riyom,Highland,Groundnut,21.05,21.17,18.75,5.7,20.59,745.98,0.79
Riyom,Highland,Groundnut,7.5,11.25,33.88,6.65,16.5,764.97,0.15
Riyom,Highland,Groundnut,7.5,13.49,18.75,5.96,18.49,875.0,0.3
Riyom,Highland,Groundnut,13.43,30.91,29.76,6.77,24.16,669.98,0.49
Riyom,Highland,Groundnut,7.58,11.25,23.66,5.44,27.47,864.02,0.32
Riyom,Highland,Groundnut,14.14,31.1,28.62,4.9,18.43,872.08,0.19
Riyom,Highland,Groundnut,11.13,40.59,22.11,6.49,22.5,665.37,0.31
Riyom,Highland,Groundnut,10.35,32.15,25.79,6.32,19.32,682.17,0.15
Riyom,Highland,Groundnut,7.5,11.25,18.75,5.22,23.1,875.0,0.48
Riyom,Highland,Groundnut,20.89,43.96,35.79,6.85,23.26,723.95,0.15
Riyom,Highland,Groundnut,19.19,34.36,32.37,7.23,23.31,375.0,0.99
Riyom,Highland,Groundnut,11.59,39.01,28.07,5.81,26.41,681.09,0.3
Riyom,Highland,Groundnut,12.0,33.17,28.0,5.85,17.18,779.82,0.15
Riyom,Highland,Groundnut,7.5,11.25,18.75,5.89,18.52,680.88,0.52
Riyom,Highland,Groundnut,17.17,22.33,32.95,6.15,22.26,689.77,0.57
Riyom,Highland,Groundnut,7.5,11.25,18.75,4.77,18.68,875.0,0.21
Riyom,Highland,Groundnut,7.5,11.25,18.75,6.17,16.5,875.0,0.15
Riyom,Highland,Groundnut,10.14,11.69,18.75,6.59,21.83,480.3,0.6
Riyom,Highland,Groundnut,11.28,44.18,32.3,6.6,21.97,609.27,0.25
Riyom,Highland,Groundnut,15.61,24.03,37.86,5.79,22.83,822.56,0.15
Riyom,Highland,Groundnut,18.44,27.23,31.1,6.69,21.25,749.52,0.15
Riyom,Highland,Groundnut,14.5,34.09,29.0,5.92,25.11,657.1,0.4
Riyom,Highland,Groundnut,14.44,14.94,24.57,5.39,20.34,845.33,0.15
Riyom,Highland,Pepper,147.75,30.07,70.27,7.73,13.5,1221.46,0.45
Riyom,Highland,Pepper,105.75,47.74,89.26,5.23,20.66,1292.89,1.05
Riyom,Highland,Pepper,186.2,20.62,84.74,6.82,13.5,1245.71,0.45
Riyom,Highland,Pepper,170.58,18.75,61.83,5.82,26.04,896.28,1.78
Riyom,Highland,Pepper,76.21,45.08,41.25,6.3,26.37,1143.76,0.45
Riyom,Highland,Pepper,124.22,52.35,107.43,7.15,29.66,972.7,0.86
Riyom,Highland,Pepper,154.42,49.62,121.26,5.87,16.01,923.83,0.98
Riyom,Highland,Pepper,198.02,33.23,110.5,5.22,22.53,925.83,2.43
Riyom,Highland,Pepper,164.61,18.75,41.25,6.18,20.28,852.95,1.25
Riyom,Highland,Pepper,168.3,52.97,88.49,6.45,15.17,1019.85,0.89
Riyom,Highland,Pepper,94.1,40.69,41.25,6.49,24.5,540.27,0.59
Riyom,Highland,Pepper,105.37,47.15,67.86,6.69,15.9,926.01,0.45
Riyom,Highland,Pepper,93.71,36.2,67.85,4.72,13.5,1562.5,0.46
Riyom,Highland,Pepper,130.97,32.74,54.69,6.55,27.15,547.31,1.65
Riyom,Highland,Pepper,129.9,18.75,59.41,7.0,22.79,839.99,0.64
Riyom,Highland,Pepper,168.28,37.97,125.0,5.36,17.68,1562.5,0.45
Riyom,Highland,Pepper,127.52,55.32,41.25,5.59,20.24,1406.22,0.45
Riyom,Highland,Pepper,130.7,29.95,77.38,5.47,18.64,1064.37,1.6
Riyom,Highland,Pepper,75.0,30.28,45.67,4.63,13.54,1147.12,1.2
Riyom,Highland,Pepper,146.66,18.75,55.25,4.53,20.41,1547.75,2.31
Riyom,Highland,Pepper,136.43,51.98,47.03,7.84,20.9,637.65,0.46
Riyom,Highland,Pepper,132.13,39.2,104.26,6.41,16.26,1058.23,1.14
Riyom,Highland,Pepper,75.73,18.75,57.37,6.6,22.96,1451.36,0.59
Riyom,Highland,Pepper,192.6,42.29,88.58,4.69,21.68,576.68,2.13
Riyom,Highland,Pepper,130.78,34.1,41.25,5.4,19.89,1212.45,0.45
Riyom,Highland,Pepper,157.37,35.54,47.35,5.98,23.51,450.0,1.98
Riyom,Highland,Pepper,75.0,18.75,41.25,4.71,17.11,1316.62,1.3
Riyom,Highland,Pepper,110.58,28.6,58.89,4.12,21.31,1301.08,1.85
Riyom,Highland,Pepper,136.19,24.45,67.14,7.23,26.39,476.49,0.94
Riyom,Highland,Pepper,164.39,37.54,72.32,6.57,25.26,1370.19,0.63
Riyom,Highland,Pepper,85.26,38.91,51.23,6.88,18.3,794.8,0.45
Riyom,Highland,Pepper,167.56,46.67,87.05,5.53,22.91,1455.92,0.45
Riyom,Highland,Pepper,100.47,43.95,73.18,7.25,16.58,920.63,0.99
Riyom,Highland,Pepper,120.25,47.6,118.68,5.69,30.85,870.54,1.57
Riyom,Highland,Pepper,101.83,22.07,41.25,5.21,18.48,1262.83,0.74
Riyom,Highland,Pepper,75.0,18.75,89.35,7.16,19.71,667.96,0.45
Riyom,Highland,Pepper,128.7,26.99,57.91,5.93,19.22,889.45,1.52
Riyom,Highland,Pepper,78.92,18.75,44.32,5.13,15.49,1562.5,0.45
Riyom,Highland,Pepper,212.5,33.88,72.41,6.42,19.52,1088.63,0.97
Riyom,Highland,Pepper,117.82,18.75,41.25,4.89,21.21,1562.5,1.01
Riyom,Highland,Pepper,150.99,31.62,86.01,6.29,21.95,720.0,1.51
Riyom,Highland,Pepper,97.12,18.75,70.2,5.82,21.49,1504.92,0.88
Riyom,Highland,Pepper,84.13,38.35,57.24,4.68,23.17,1562.5,0.55
Riyom,Highland,Pepper,122.74,43.72,97.95,7.61,18.3,486.78,1.19
Riyom,Highland,Pepper,109.53,28.45,41.25,6.52,13.5,801.94,0.45
Riyom,Highland,Pepper,162.92,18.75,45.61,7.34,13.84,912.95,0.45
Riyom,Highland,Pepper,101.61,19.89,71.71,8.12,24.91,450.0,0.91
Riyom,Highland,Pepper,102.49,18.75,105.97,5.06,21.5,1389.91,0.98
Riyom,Highland,Pepper,108.41,28.63,79.07,4.76,17.5,877.5,1.99
Riyom,Highland,Pepper,182.75,40.29,41.28,5.13,18.5,1344.31,0.67
Riyom,Highland,Cabbage,137.06,37.71,94.43,5.94,13.28,617.51,1.09
Riyom,Highland,Cabbage,118.86,37.5,98.2,6.25,7.5,568.13,0.15
Riyom,Highland,Cabbage,152.49,48.43,107.88,5.73,12.45,625.0,0.15
Riyom,Highland,Cabbage,91.76,49.61,129.06,7.76,17.45,476.89,0.39
Riyom,Highland,Cabbage,110.75,54.05,109.67,6.81,13.79,466.22,0.39
Riyom,Highland,Cabbage,160.15,51.87,101.55,7.17,15.94,488.12,0.66
Riyom,Highland,Cabbage,176.11,54.06,116.85,6.04,7.5,539.95,0.8
Riyom,Highland,Cabbage,129.3,48.27,103.7,6.51,25.72,508.44,1.12
Riyom,Highland,Cabbage,137.72,55.24,75.0,6.62,23.92,502.12,0.95
Riyom,Highland,Cabbage,143.4,45.47,102.58,6.42,7.5,616.85,0.15
Riyom,Highland,Cabbage,183.56,52.2,111.22,5.82,23.44,625.0,0.15
Riyom,Highland,Cabbage,148.58,39.59,120.66,6.07,10.78,491.49,1.14
Riyom,Highland,Cabbage,75.0,37.5,77.71,5.84,15.93,625.0,0.18
Riyom,Highland,Cabbage,75.73,44.51,78.37,6.98,13.63,605.64,0.15
Riyom,Highland,Cabbage,150.43,54.69,105.13,6.41,23.64,564.37,0.75
Riyom,Highland,Cabbage,126.6,45.18,104.4,6.26,11.48,495.42,1.04
Riyom,Highland,Cabbage,112.8,49.66,88.29,6.22,19.02,516.17,0.43
Riyom,Highland,Cabbage,119.01,54.74,107.48,6.2,25.72,490.53,0.15
Riyom,Highland,Cabbage,137.65,45.03,91.85,6.75,19.16,466.82,0.5
Riyom,Highland,Cabbage,140.04,44.75,119.85,4.96,17.18,625.0,1.07
Riyom,Highland,Cabbage,163.26,51.47,97.96,6.26,7.5,625.0,0.15
Riyom,Highland,Cabbage,177.51,61.62,121.03,7.05,19.21,468.73,0.15
Riyom,Highland,Cabbage,122.54,41.54,113.56,6.03,7.52,577.44,0.28
Riyom,Highland,Cabbage,117.15,47.4,121.75,5.12,9.8,625.0,0.26
Riyom,Highland,Cabbage,150.62,50.56,100.66,6.39,16.4,531.23,0.45
Riyom,Highland,Cabbage,104.71,45.19,83.65,7.46,19.36,435.14,0.78
Riyom,Highland,Cabbage,104.99,37.5,83.95,6.26,11.3,625.0,0.15
Riyom,Highland,Cabbage,116.59,40.06,90.05,7.58,15.17,571.78,0.15
Riyom,Highland,Cabbage,75.0,50.72,88.29,5.91,7.5,591.55,0.15
Riyom,Highland,Cabbage,130.55,37.5,106.57,6.64,7.5,625.0,0.15
Riyom,Highland,Cabbage,117.14,38.34,120.93,6.36,17.2,455.06,0.47
Riyom,Highland,Cabbage,134.2,47.51,94.65,5.82,7.5,536.59,0.24
Riyom,Highland,Cabbage,128.94,50.17,90.41,5.93,10.13,524.32,0.75
Riyom,Highland,Cabbage,152.5,58.39,102.64,6.67,30.0,412.25,1.25
Riyom,Highland,Cabbage,109.35,40.98,75.0,6.57,11.93,574.6,0.15
Riyom,Highland,Cabbage,97.03,43.74,109.49,6.03,27.81,514.59,1.01
Riyom,Highland,Cabbage,88.01,51.58,104.73,6.19,17.02,555.1,0.38
Riyom,Highland,Cabbage,107.91,42.93,87.27,5.05,9.06,598.16,0.47
Riyom,Highland,Cabbage,112.27,55.04,117.53,7.68,8.48,409.23,0.6
Riyom,Highland,Cabbage,121.6,55.08,116.98,7.14,23.53,552.4,0.15
Riyom,Highland,Cabbage,133.11,39.27,129.23,5.5,7.5,622.56,0.22
Riyom,Highland,Cabbage,145.43,51.0,127.99,6.86,19.84,486.0,0.15
Riyom,Highland,Cabbage,80.66,39.54,101.45,5.52,21.5,625.0,0.17
Riyom,Highland,Cabbage,145.75,62.49,108.5,5.8,7.5,555.83,0.84
Riyom,Highland,Cabbage,159.13,51.0,152.69,6.51,15.34,497.36,1.08
Riyom,Highland,Cabbage,108.41,38.67,123.02,6.59,22.56,550.65,0.41
Riyom,Highland,Cabbage,75.0,37.5,92.5,5.26,14.37,625.0,0.55
Riyom,Highland,Cabbage,75.0,46.69,115.54,6.27,21.46,579.45,0.32
Riyom,Highland,Cabbage,138.1,53.63,133.48,6.16,9.52,471.82,0.59
Riyom,Highland,Cabbage,101.69,50.51,75.0,5.54,7.5,625.0,0.15
Riyom,Highland,Maize,182.47,38.28,59.99,4.12,17.01,1000.0,1.52
Riyom,Highland,Maize,178.08,81.45,53.45,5.76,17.63,555.66,1.98
Riyom,Highland,Maize,126.65,58.77,45.0,6.2,23.15,824.51,0.48
Riyom,Highland,Maize,188.67,37.5,74.39,5.39,20.25,733.81,0.3
Riyom,Highland,Maize,158.19,37.5,45.0,5.78,20.13,770.09,0.63
Riyom,Highland,Maize,190.9,57.09,63.68,4.97,19.5,898.78,1.17
Riyom,Highland,Maize,199.81,53.1,48.79,6.09,17.31,799.92,0.3
Riyom,Highland,Maize,177.56,100.0,61.63,5.86,21.69,813.33,0.3
Riyom,Highland,Maize,178.43,65.37,72.6,5.82,15.93,814.32,0.75
Riyom,Highland,Maize,112.5,42.3,45.0,5.49,26.86,757.16,1.96
Riyom,Highland,Maize,180.3,62.46,83.44,5.9,29.78,602.15,2.18
Riyom,Highland,Maize,140.95,90.62,45.0,7.37,33.67,414.26,1.96
Riyom,Highland,Maize,171.8,65.28,55.82,6.19,15.0,800.64,0.3
Riyom,Highland,Maize,162.27,60.23,71.46,6.24,21.26,610.31,0.56
Riyom,Highland,Maize,172.04,50.19,58.35,4.66,21.05,964.25,0.93
Riyom,Highland,Maize,244.5,79.18,91.98,4.98,16.57,766.47,1.62
Riyom,Highland,Maize,205.13,49.68,45.0,6.33,20.2,759.51,0.3
Riyom,Highland,Maize,134.64,51.22,68.45,5.9,24.58,406.47,1.63
Riyom,Highland,Maize,137.5,71.29,80.44,5.82,23.66,794.63,0.87
Riyom,Highland,Maize,145.94,52.15,74.1,7.59,21.84,728.32,1.31
Riyom,Highland,Maize,162.36,39.57,49.07,6.22,24.15,375.0,1.8
Riyom,Highland,Maize,165.4,51.14,70.44,6.84,24.7,818.62,1.16
Riyom,Highland,Maize,149.29,37.5,45.0,4.41,15.23,1000.0,0.5
Riyom,Highland,Maize,213.73,54.69,45.0,5.77,18.22,1000.0,0.3
Riyom,Highland,Maize,154.77,53.64,46.05,7.16,32.43,856.98,0.3
Riyom,Highland,Maize,174.96,53.25,86.34,6.25,20.87,809.48,0.3
Riyom,Highland,Maize,144.87,40.0,76.99,7.76,16.45,600.91,0.3
Riyom,Highland,Maize,120.58,64.07,53.09,5.51,15.0,921.13,0.49
Riyom,Highland,Maize,200.2,66.27,75.31,5.31,16.55,911.97,1.08
Riyom,Highland,Maize,165.35,45.12,58.53,6.28,23.11,854.31,0.72
Riyom,Highland,Maize,168.31,83.13,90.43,6.12,25.16,865.19,0.3
Riyom,Highland,Maize,188.04,65.19,119.81,6.05,20.19,702.55,1.41
Riyom,Highland,Maize,179.82,37.5,53.89,5.1,23.71,818.23,0.97
Riyom,Highland,Maize,135.66,58.52,54.51,6.82,23.05,786.87,0.3
Riyom,Highland,Maize,139.5,60.37,65.38,6.35,23.41,960.58,0.65
Riyom,Highland,Maize,113.06,44.58,45.0,8.21,17.87,727.55,0.3
Riyom,Highland,Maize,238.69,66.57,111.79,6.47,21.05,541.09,0.3
Riyom,Highland,Maize,178.48,72.03,59.12,7.0,17.45,723.1,0.3
Riyom,Highland,Maize,202.98,83.22,67.46,6.33,16.84,844.2,0.3
Riyom,Highland,Maize,209.35,48.59,99.9,8.86,25.43,375.0,1.75
Riyom,Highland,Maize,146.4,60.51,49.52,6.38,17.8,660.07,1.23
Riyom,Highland,Maize,175.97,47.3,45.0,4.98,23.33,716.96,1.84
Riyom,Highland,Maize,118.34,37.5,66.8,5.61,17.1,668.6,0.78
Riyom,Highland,Maize,175.85,72.87,57.24,8.69,21.49,532.58,0.7
Riyom,Highland,Maize,190.54,46.94,61.41,5.82,19.75,650.06,1.48
Riyom,Highland,Maize,207.24,66.51,88.79,4.99,19.26,1000.0,0.69
Riyom,Highland,Maize,218.84,67.75,45.0,6.1,18.31,895.85,0.35
Riyom,Highland,Maize,166.18,89.95,53.36,7.35,23.02,656.29,1.53
Riyom,Highland,Maize,132.19,37.5,45.0,5.14,18.72,898.14,1.61
Riyom,Highland,Maize,192.11,71.63,59.44,5.54,18.55,803.75,0.77
Riyom,Highland,Wheat,138.72,37.73,36.07,8.77,16.27,545.43,0.95
Riyom,Highland,Wheat,110.65,30.52,28.67,5.58,16.43,688.48,1.05
Riyom,Highland,Wheat,144.46,27.28,18.75,7.4,14.75,660.53,0.6
Riyom,Highland,Wheat,75.0,26.25,18.75,6.55,13.97,704.62,1.15
Riyom,Highland,Wheat,154.18,26.25,34.42,8.45,13.15,571.75,0.6
Riyom,Highland,Wheat,79.39,26.25,18.75,6.33,12.04,732.04,0.79
Riyom,Highland,Wheat,122.11,36.13,18.75,5.86,12.85,656.96,2.48
Riyom,Highland,Wheat,142.21,26.25,20.71,5.97,15.49,717.45,1.44
Riyom,Highland,Wheat,134.36,36.12,28.71,7.85,17.95,579.02,1.29
Riyom,Highland,Wheat,187.5,41.05,28.3,6.34,15.76,482.76,1.66
Riyom,Highland,Wheat,151.33,32.52,23.15,8.07,15.77,483.17,1.81
Riyom,Highland,Wheat,75.0,26.25,18.75,5.36,11.33,811.71,0.6
Riyom,Highland,Wheat,134.47,31.97,25.49,5.38,16.01,606.49,3.12
Riyom,Highland,Wheat,144.47,26.25,27.23,8.11,17.64,414.62,2.1
Riyom,Highland,Wheat,155.14,27.52,60.81,4.5,16.01,730.09,2.35
Riyom,Highland,Wheat,106.7,26.25,52.69,7.27,16.14,628.12,0.68
Riyom,Highland,Wheat,107.1,36.6,37.38,6.98,11.25,691.86,0.6
Riyom,Highland,Wheat,139.57,32.39,18.75,6.46,15.52,633.13,1.2
Riyom,Highland,Wheat,146.95,29.62,35.28,7.19,11.25,703.14,0.6
Riyom,Highland,Wheat,127.91,26.25,27.02,6.11,13.13,812.5,0.62
Riyom,Highland,Wheat,110.81,26.35,37.83,7.52,15.13,563.08,2.45
Riyom,Highland,Wheat,131.6,34.27,22.62,8.46,13.2,480.97,1.2
Riyom,Highland,Wheat,117.92,29.82,25.03,7.49,16.03,635.33,1.15
Riyom,Highland,Wheat,141.65,33.47,26.61,5.21,11.25,657.24,2.83
Riyom,Highland,Wheat,88.87,36.54,19.15,6.8,16.11,804.1,0.99
Riyom,Highland,Wheat,133.74,26.25,54.39,5.77,12.68,681.22,1.54
Riyom,Highland,Wheat,132.93,26.25,29.28,6.75,18.13,634.41,1.94
Riyom,Highland,Wheat,89.42,26.25,42.95,7.49,18.83,634.97,0.97
Riyom,Highland,Wheat,114.52,29.02,21.97,7.0,19.12,573.78,1.8
Riyom,Highland,Wheat,110.0,26.25,18.75,5.87,17.06,793.17,0.6
Riyom,Highland,Wheat,75.0,26.25,18.75,6.63,12.69,812.5,0.64
Riyom,Highland,Wheat,165.24,26.25,45.15,7.85,17.03,502.91,1.92
Riyom,Highland,Wheat,77.0,27.21,29.64,6.3,13.16,752.77,1.41
Riyom,Highland,Wheat,119.5,26.25,18.75,7.23,11.66,745.29,0.76
Riyom,Highland,Wheat,129.47,26.25,25.36,6.69,12.47,791.07,1.43
Riyom,Highland,Wheat,170.47,28.9,49.67,7.42,13.17,598.17,1.88
Riyom,Highland,Wheat,129.18,31.56,18.75,7.27,13.13,669.68,0.6
Riyom,Highland,Wheat,125.47,34.66,37.42,6.91,15.56,549.28,0.81
Riyom,Highland,Wheat,125.9,39.02,29.39,7.89,15.34,355.36,1.99
Riyom,Highland,Wheat,75.0,27.02,18.75,4.5,16.8,812.5,1.77
Riyom,Highland,Wheat,178.98,35.83,28.46,5.97,11.68,749.44,1.06
Riyom,Highland,Wheat,112.38,26.25,37.05,6.82,17.25,568.18,1.48
Riyom,Highland,Wheat,148.03,26.25,44.11,6.7,11.99,670.33,1.61
Riyom,Highland,Wheat,124.13,33.39,18.75,7.12,11.25,685.63,1.0
Riyom,Highland,Wheat,95.71,26.25,29.23,8.08,11.25,812.5,0.6
Riyom,Highland,Wheat,123.09,35.75,42.97,5.72,18.86,684.69,2.77
Riyom,Highland,Wheat,115.05,26.25,19.71,6.69,14.28,808.43,0.6
Riyom,Highland,Wheat,141.61,38.05,24.46,6.32,14.67,671.64,1.42
Riyom,Highland,Wheat,105.39,39.74,19.91,7.6,13.84,563.07,0.67
Riyom,Highland,Wheat,155.9,30.19,33.49,6.6,14.55,554.95,2.37
Riyom,Highland,Pineapple,338.24,69.97,225.52,4.05,27.92,605.91,1.2
Riyom,Highland,Pineapple,307.67,46.61,208.74,5.89,20.61,836.43,0.08
Riyom,Highland,Pineapple,221.26,33.75,96.39,4.44,22.13,936.42,0.23
Riyom,Highland,Pineapple,229.23,37.42,134.37,5.32,21.23,948.93,0.08
Riyom,Highland,Pineapple,281.34,55.52,193.3,4.06,20.12,1130.75,0.13
Riyom,Highland,Pineapple,246.28,50.42,275.0,7.38,23.11,525.0,0.46
Riyom,Highland,Pineapple,322.9,51.74,227.68,5.34,22.66,998.69,0.21
Riyom,Highland,Pineapple,292.15,47.46,122.25,3.68,19.65,704.92,0.41
Riyom,Highland,Pineapple,342.67,51.78,216.57,5.41,22.19,968.87,0.58
Riyom,Highland,Pineapple,295.78,36.11,94.25,5.34,18.29,1026.42,0.08
Riyom,Highland,Pineapple,299.58,67.74,183.15,5.26,18.73,973.09,0.18
Riyom,Highland,Pineapple,246.45,33.75,150.97,4.42,19.29,1058.05,0.23
Riyom,Highland,Pineapple,200.86,53.83,174.1,7.05,21.41,968.03,0.08
Riyom,Highland,Pineapple,275.14,67.14,169.66,6.23,20.78,794.36,0.08
Riyom,Highland,Pineapple,243.43,48.27,142.69,6.08,21.09,866.69,0.11
Riyom,Highland,Pineapple,348.23,53.8,182.94,6.73,21.18,722.76,0.19
Riyom,Highland,Pineapple,284.5,50.48,89.55,5.72,21.27,905.37,0.38
Riyom,Highland,Pineapple,293.59,41.68,140.54,4.85,22.34,1033.26,0.24
Riyom,Highland,Pineapple,314.73,40.18,169.25,5.34,19.54,779.46,0.51
Riyom,Highland,Pineapple,198.89,46.38,148.53,6.44,19.18,840.01,0.22
Riyom,Highland,Pineapple,202.55,33.75,145.04,6.66,24.2,881.74,0.47
Riyom,Highland,Pineapple,321.5,43.09,154.12,5.38,21.9,952.61,0.53
Riyom,Highland,Pineapple,223.38,49.66,85.6,5.36,19.41,771.94,0.08
Riyom,Highland,Pineapple,314.88,33.76,214.07,6.25,19.84,938.89,0.31
Riyom,Highland,Pineapple,247.38,42.77,165.34,7.67,21.49,941.3,0.08
Riyom,Highland,Pineapple,188.45,33.75,159.52,4.86,21.24,922.16,0.08
Riyom,Highland,Pineapple,317.83,58.88,275.0,7.25,21.95,746.25,0.08
Riyom,Highland,Pineapple,290.94,60.34,275.0,5.94,22.56,525.0,0.56
Riyom,Highland,Pineapple,279.34,39.12,85.5,6.13,20.72,1031.32,0.08
Riyom,Highland,Pineapple,238.12,42.65,82.5,6.36,18.4,875.43,0.08
Riyom,Highland,Pineapple,276.7,33.75,94.53,3.38,20.82,1250.0,0.17
Riyom,Highland,Pineapple,237.72,33.75,82.5,3.38,21.25,1250.0,0.19
Riyom,Highland,Pineapple,303.85,33.75,181.72,4.85,19.63,1026.29,0.23
Riyom,Highland,Pineapple,323.46,42.48,153.59,5.24,21.56,970.9,0.97
Riyom,Highland,Pineapple,208.79,33.75,82.5,5.6,22.61,987.81,0.36
Riyom,Highland,Pineapple,317.93,58.6,231.98,7.43,22.14,801.59,0.08
Riyom,Highland,Pineapple,294.14,57.21,153.85,5.09,21.03,990.84,0.16
Riyom,Highland,Pineapple,297.85,37.13,205.62,4.38,22.23,1061.78,0.45
Riyom,Highland,Pineapple,305.83,33.75,128.63,4.81,19.24,1053.87,0.22
Riyom,Highland,Pineapple,265.87,47.26,275.0,4.4,22.03,728.56,0.17
Riyom,Highland,Pineapple,282.05,44.35,116.25,5.23,20.16,955.0,0.33
Riyom,Highland,Pineapple,235.59,36.81,82.5,5.6,23.05,933.47,0.6
Riyom,Highland,Pineapple,282.65,45.59,188.44,5.34,22.03,525.0,0.88
Riyom,Highland,Pineapple,293.68,38.93,82.5,5.82,18.94,933.78,0.14
Riyom,Highland,Pineapple,228.48,38.18,102.64,3.57,17.66,1206.25,0.08
Riyom,Highland,Pineapple,257.52,33.75,150.37,5.57,21.46,1013.32,0.08
Riyom,Highland,Pineapple,249.06,54.72,211.93,5.97,22.9,923.62,0.27
Riyom,Highland,Pineapple,292.36,40.16,227.98,6.52,22.9,611.59,0.53
Riyom,Highland,Pineapple,285.47,40.32,134.02,8.12,16.99,627.23,0.08
Riyom,Highland,Pineapple,228.99,44.41,176.06,3.38,21.66,1074.89,1.04
Riyom,Highland,Onion,106.56,43.35,89.74,6.72,17.64,361.78,0.9
Riyom,Highland,Onion,118.35,38.09,50.64,7.3,16.65,393.7,0.3
Riyom,Highland,Onion,64.81,31.89,33.75,5.53,17.04,661.14,1.19
Riyom,Highland,Onion,46.35,32.81,55.86,6.1,19.21,518.85,1.07
Riyom,Highland,Onion,117.56,34.17,33.75,6.58,11.25,490.06,0.34
Riyom,Highland,Onion,55.16,18.75,35.61,6.58,11.25,687.5,0.3
Riyom,Highland,Onion,91.86,18.75,81.7,5.86,19.77,503.71,1.12
Riyom,Highland,Onion,73.03,18.75,54.54,5.77,11.25,687.5,0.61
Riyom,Highland,Onion,65.33,19.75,48.7,7.32,14.34,422.61,0.5
Riyom,Highland,Onion,101.7,31.74,72.36,7.62,12.82,530.16,0.3
Riyom,Highland,Onion,61.63,25.1,41.89,6.47,15.57,489.16,1.08
Riyom,Highland,Onion,101.21,33.26,39.86,6.87,14.26,446.56,0.3
Riyom,Highland,Onion,108.01,20.19,52.89,6.81,20.72,429.66,1.17
Riyom,Highland,Onion,51.79,20.05,33.75,6.2,15.44,535.41,0.45
Riyom,Highland,Onion,61.32,18.75,33.75,5.72,16.69,658.29,0.83
Riyom,Highland,Onion,83.43,42.6,70.16,6.73,12.95,687.5,0.3
Riyom,Highland,Onion,61.86,37.9,61.78,5.48,15.26,677.78,0.51
Riyom,Highland,Onion,45.0,18.75,33.75,4.82,14.66,687.5,0.77
Riyom,Highland,Onion,76.61,31.13,36.75,5.9,14.57,658.87,0.3
Riyom,Highland,Onion,83.33,18.75,66.58,4.95,11.25,687.5,0.45
Riyom,Highland,Onion,68.97,20.39,57.56,6.79,15.22,573.29,1.5
Riyom,Highland,Onion,75.67,20.83,34.03,6.88,17.45,586.35,0.3
Riyom,Highland,Onion,125.0,35.87,58.78,7.85,11.25,521.42,0.3
Riyom,Highland,Onion,55.79,18.75,33.75,6.59,14.03,491.48,0.37
Riyom,Highland,Onion,102.82,40.5,80.39,6.05,18.5,510.28,1.1
Riyom,Highland,Onion,56.79,29.81,42.93,7.62,13.63,577.72,0.3
Riyom,Highland,Onion,45.0,39.67,38.46,5.46,21.1,637.89,0.94
Riyom,Highland,Onion,102.22,18.75,60.27,7.0,12.06,687.5,0.3
Riyom,Highland,Onion,82.79,18.75,37.7,6.62,11.46,687.5,0.3
Riyom,Highland,Onion,61.61,24.26,33.75,6.67,15.87,687.5,0.3
Riyom,Highland,Onion,113.43,39.08,57.95,6.49,16.75,526.27,0.55
Riyom,Highland,Onion,102.86,24.19,48.9,6.12,15.41,604.58,0.49
Riyom,Highland,Onion,45.0,18.75,35.64,6.03,16.71,555.42,1.01
Riyom,Highland,Onion,96.11,18.75,49.66,5.97,14.5,687.5,0.49
Riyom,Highland,Onion,80.17,25.99,40.75,6.17,15.09,522.11,0.71
Riyom,Highland,Onion,97.29,26.08,67.14,6.73,15.41,510.58,0.46
Riyom,Highland,Onion,91.74,30.98,33.75,5.69,14.59,595.93,0.68
Riyom,Highland,Onion,72.25,20.29,35.63,6.64,11.25,687.5,0.3
Riyom,Highland,Onion,55.44,18.75,51.69,5.36,17.09,576.07,0.92
Riyom,Highland,Onion,67.15,35.17,77.2,6.61,12.93,568.77,0.3
Riyom,Highland,Onion,61.92,19.85,33.75,5.98,13.81,592.06,0.32
Riyom,Highland,Onion,102.84,28.89,57.25,5.45,19.99,584.12,1.2
Riyom,Highland,Onion,59.36,18.75,43.32,6.09,17.07,478.05,1.25
Riyom,Highland,Onion,97.31,18.75,33.75,5.33,20.39,597.19,1.12
Riyom,Highland,Onion,112.93,41.87,68.76,6.17,14.87,612.13,0.3
Riyom,Highland,Onion,87.38,25.37,62.84,7.18,11.25,468.11,0.3
Riyom,Highland,Onion,62.27,44.91,87.83,5.25,19.47,641.55,1.47
Riyom,Highland,Onion,51.55,18.75,44.44,6.37,13.34,636.46,0.77
Riyom,Highland,Onion,58.13,20.32,33.75,6.26,13.78,625.64,0.3
Riyom,Highland,Onion,45.0,23.87,60.88,6.39,13.69,646.32,0.93
Mikang,Lowland,Irish-potato,138.11,65.02,157.4,5.77,20.2,300.0,1.15
Mikang,Lowland,Irish-potato,102.02,75.0,111.29,5.48,23.84,366.97,1.35
Mikang,Lowland,Irish-potato,129.02,48.07,131.65,5.92,20.66,300.0,0.57
Mikang,Lowland,Irish-potato,130.5,61.45,90.0,4.45,10.6,750.0,0.22
Mikang,Lowland,Irish-potato,107.93,55.46,206.44,4.98,20.1,353.23,1.05
Mikang,Lowland,Irish-potato,150.0,62.48,144.96,3.71,17.23,526.64,1.38
Mikang,Lowland,Irish-potato,133.08,70.89,186.12,5.58,15.54,332.02,1.24
Mikang,Lowland,Irish-potato,95.8,54.53,174.64,4.71,17.1,528.89,1.17
Mikang,Lowland,Irish-potato,111.64,46.35,190.73,4.8,20.1,396.96,1.6
Mikang,Lowland,Irish-potato,94.45,75.0,157.58,5.13,19.21,670.59,0.61
Mikang,Lowland,Irish-potato,113.52,58.76,90.0,4.34,20.08,714.36,0.6
Mikang,Lowland,Irish-potato,84.65,36.13,162.72,5.5,20.51,300.0,1.39
Mikang,Lowland,Irish-potato,60.0,30.0,111.05,4.73,20.26,311.86,1.69
Mikang,Lowland,Irish-potato,118.89,35.21,143.18,4.0,16.8,549.27,1.52
Mikang,Lowland,Irish-potato,146.36,75.0,164.44,5.61,15.82,300.0,0.56
Mikang,Lowland,Irish-potato,107.07,62.93,187.96,5.41,17.22,439.04,0.98
Mikang,Lowland,Irish-potato,150.0,30.0,90.88,5.44,18.15,575.5,0.55
Mikang,Lowland,Irish-potato,60.0,32.87,90.0,5.09,20.84,410.91,0.71
Mikang,Lowland,Irish-potato,126.24,61.21,90.0,6.7,16.26,300.0,0.7
Mikang,Lowland,Irish-potato,94.27,37.45,90.0,5.05,19.74,425.09,1.61
Mikang,Lowland,Irish-potato,92.91,72.18,113.05,4.85,20.69,300.0,1.71
Mikang,Lowland,Irish-potato,87.64,68.38,225.0,5.36,13.95,458.44,1.12
Mikang,Lowland,Irish-potato,150.0,69.71,155.04,4.19,12.99,606.77,1.02
Mikang,Lowland,Irish-potato,108.26,57.29,130.93,5.51,19.55,410.41,1.35
Mikang,Lowland,Irish-potato,124.8,63.57,196.23,6.7,18.6,300.0,1.19
Mikang,Lowland,Irish-potato,85.07,55.7,107.21,4.83,18.27,552.27,1.13
Mikang,Lowland,Irish-potato,95.34,44.49,137.46,4.72,19.09,383.95,0.75
Mikang,Lowland,Irish-potato,110.52,65.61,109.9,5.5,19.87,483.34,0.84
Mikang,Lowland,Irish-potato,150.0,41.96,161.92,4.41,16.67,518.68,0.65
Mikang,Lowland,Irish-potato,117.43,49.97,225.0,4.97,15.82,312.24,1.47
Mikang,Lowland,Irish-potato,103.16,57.11,225.0,5.11,15.18,497.71,0.34
Mikang,Lowland,Irish-potato,94.99,30.0,225.0,6.63,14.91,300.0,0.22
Mikang,Lowland,Irish-potato,150.0,75.0,204.85,5.68,16.92,300.0,0.66
Mikang,Lowland,Irish-potato,98.03,30.0,106.61,5.37,16.59,580.05,1.35
Mikang,Lowland,Irish-potato,67.88,75.0,90.0,3.99,22.82,464.09,1.3
Mikang,Lowland,Irish-potato,91.38,59.08,90.0,4.94,17.96,439.66,0.91
Mikang,Lowland,Irish-potato,123.28,75.0,183.33,5.79,22.29,300.0,0.67
Mikang,Lowland,Irish-potato,87.93,68.89,141.37,4.82,16.46,421.3,1.15
Mikang,Lowland,Irish-potato,95.6,62.59,119.69,5.39,18.28,404.8,0.89
Mikang,Lowland,Irish-potato,130.7,75.0,196.0,3.69,19.57,560.15,1.67
Mikang,Lowland,Irish-potato,130.93,75.0,225.0,6.0,17.1,435.45,0.68
Mikang,Lowland,Irish-potato,150.0,30.12,204.95,4.15,18.35,433.36,0.91
Mikang,Lowland,Irish-potato,114.8,44.31,175.68,6.24,18.32,484.05,0.94
Mikang,Lowland,Irish-potato,144.23,61.99,206.68,5.88,17.85,300.0,1.72
Mikang,Lowland,Irish-potato,60.11,42.47,225.0,5.83,12.65,489.41,0.22
Mikang,Lowland,Irish-potato,137.35,30.0,109.12,5.54,17.09,460.38,0.49
Mikang,Lowland,Irish-potato,86.07,31.6,110.64,4.88,24.07,300.09,1.38
Mikang,Lowland,Irish-potato,134.93,63.35,146.43,4.39,17.3,492.94,1.22
Mikang,Lowland,Irish-potato,90.71,71.71,110.54,6.31,19.96,407.13,0.34
Mikang,Lowland,Irish-potato,149.93,38.37,122.24,6.7,16.78,482.5,0.38
Mikang,Lowland,Tomato,144.09,80.0,165.48,4.85,23.59,305.26,2.5
Mikang,Lowland,Tomato,139.46,57.43,170.63,6.73,20.53,300.0,1.2
Mikang,Lowland,Tomato,159.24,110.75,123.59,7.64,26.38,340.46,0.43
Mikang,Lowland,Tomato,107.78,48.75,181.79,6.35,19.35,421.62,1.98
Mikang,Lowland,Tomato,154.79,67.88,174.22,6.98,22.15,439.38,1.08
Mikang,Lowland,Tomato,159.34,105.5,192.15,5.74,20.96,452.51,0.94
Mikang,Lowland,Tomato,175.8,76.54,241.25,6.82,25.66,300.0,2.19
Mikang,Lowland,Tomato,174.9,105.07,209.32,6.97,26.86,361.47,1.36
Mikang,Lowland,Tomato,113.05,100.08,136.05,5.9,27.45,431.86,1.49
Mikang,Lowland,Tomato,88.19,48.75,187.59,5.8,31.25,300.0,2.26
Mikang,Lowland,Tomato,139.48,137.5,194.68,6.86,19.77,490.65,0.6
Mikang,Lowland,Tomato,181.73,112.89,243.97,5.87,22.86,457.35,1.36
Mikang,Lowland,Tomato,163.64,94.98,200.58,4.26,23.73,500.51,2.12
Mikang,Lowland,Tomato,141.75,61.78,172.09,5.39,24.58,419.15,1.28
Mikang,Lowland,Tomato,133.74,93.7,206.59,5.44,31.25,300.0,2.5
Mikang,Lowland,Tomato,158.39,92.42,243.51,5.22,21.86,563.37,0.46
Mikang,Lowland,Tomato,137.47,87.18,239.37,6.7,25.29,441.22,1.61
Mikang,Lowland,Tomato,127.92,111.81,220.72,5.96,23.83,384.15,1.68
Mikang,Lowland,Tomato,118.01,74.01,178.66,7.16,19.34,400.27,1.11
Mikang,Lowland,Tomato,150.75,116.09,218.05,6.83,21.69,478.68,0.79
Mikang,Lowland,Tomato,133.42,101.7,190.35,6.3,28.83,414.76,1.94
Mikang,Lowland,Tomato,119.62,70.78,178.6,6.47,27.3,464.9,1.29
Mikang,Lowland,Tomato,122.61,48.75,157.58,8.16,30.96,300.0,1.62
Mikang,Lowland,Tomato,144.6,91.97,234.79,5.99,28.29,352.03,2.5
Mikang,Lowland,Tomato,140.1,90.65,131.48,7.54,29.62,300.0,2.39
Mikang,Lowland,Tomato,75.0,48.75,120.0,3.75,21.96,689.92,1.17
Mikang,Lowland,Tomato,148.04,71.81,208.94,6.7,16.17,311.2,1.86
Mikang,Lowland,Tomato,110.67,76.6,169.99,5.54,18.94,540.86,0.45
Mikang,Lowland,Tomato,107.8,86.79,231.5,4.88,21.51,555.96,1.38
Mikang,Lowland,Tomato,168.12,116.63,232.44,7.04,23.43,340.48,1.39
Mikang,Lowland,Tomato,99.47,75.15,120.0,7.09,24.21,431.9,0.38
Mikang,Lowland,Tomato,124.39,124.87,160.68,5.13,26.62,544.95,0.82
Mikang,Lowland,Tomato,163.99,98.36,265.88,8.44,19.33,300.0,0.48
Mikang,Lowland,Tomato,128.08,110.81,190.19,7.27,29.64,300.0,1.73
Mikang,Lowland,Tomato,116.29,71.27,218.64,6.9,26.7,300.0,2.33
Mikang,Lowland,Tomato,128.9,48.75,223.85,5.94,31.25,354.95,0.95
Mikang,Lowland,Tomato,151.43,79.51,120.0,5.42,26.6,300.0,2.45
Mikang,Lowland,Tomato,111.55,77.06,120.0,5.02,22.33,466.03,1.85
Mikang,Lowland,Tomato,148.46,129.0,120.0,5.68,20.79,486.04,0.84
Mikang,Lowland,Tomato,77.46,82.86,146.99,8.35,28.32,314.5,0.41
Mikang,Lowland,Tomato,163.61,129.22,191.91,6.12,22.15,300.0,0.78
Mikang,Lowland,Tomato,162.68,94.71,217.27,7.6,23.78,338.15,0.74
Mikang,Lowland,Tomato,147.14,83.88,217.12,7.87,23.74,300.0,1.57
Mikang,Lowland,Tomato,111.0,127.65,261.28,6.86,25.99,380.9,0.61
Mikang,Lowland,Tomato,144.12,77.78,160.17,6.19,23.63,492.72,1.42
Mikang,Lowland,Tomato,103.04,90.94,148.06,6.85,23.13,471.87,1.0
Mikang,Lowland,Tomato,141.13,65.35,197.23,6.81,20.74,432.69,0.38
Mikang,Lowland,Tomato,100.01,48.75,159.01,7.4,28.19,412.97,1.41
Mikang,Lowland,Tomato,160.46,90.1,189.17,5.98,29.32,477.24,2.04
Mikang,Lowland,Tomato,168.96,81.75,300.0,5.33,25.27,469.13,2.5
Mikang,Lowland,Groundnut,25.0,37.15,41.11,7.09,29.85,472.64,0.69
Mikang,Lowland,Groundnut,25.0,37.55,50.0,6.5,25.54,450.01,1.17
Mikang,Lowland,Groundnut,18.7,31.48,18.75,6.91,32.68,503.68,1.04
Mikang,Lowland,Groundnut,25.0,50.0,30.05,6.14,25.97,496.62,0.84
Mikang,Lowland,Groundnut,25.0,23.12,48.99,7.2,31.55,375.0,1.19
Mikang,Lowland,Groundnut,25.0,41.15,44.2,6.83,26.64,557.9,1.17
Mikang,Lowland,Groundnut,24.73,22.01,21.27,6.48,22.95,648.96,0.56
Mikang,Lowland,Groundnut,25.0,15.06,27.85,6.44,32.47,411.87,1.37
Mikang,Lowland,Groundnut,25.0,42.55,47.79,6.27,28.19,548.21,1.0
Mikang,Lowland,Groundnut,25.0,30.4,39.91,6.45,23.42,615.26,0.79
Mikang,Lowland,Groundnut,25.0,49.21,44.35,7.48,25.73,375.0,0.56
Mikang,Lowland,Groundnut,25.0,46.61,42.35,8.34,35.0,375.0,1.18
Mikang,Lowland,Groundnut,25.0,50.0,40.73,7.24,22.74,656.4,0.61
Mikang,Lowland,Groundnut,25.0,19.28,34.41,7.1,31.86,505.04,0.86
Mikang,Lowland,Groundnut,14.32,11.25,18.75,7.67,24.06,515.03,0.55
Mikang,Lowland,Groundnut,22.97,45.26,18.75,7.55,31.27,420.1,0.61
Mikang,Lowland,Groundnut,25.0,31.85,31.46,7.63,29.6,375.0,0.84
Mikang,Lowland,Groundnut,25.0,29.36,36.86,6.08,22.59,518.55,1.12
Mikang,Lowland,Groundnut,25.0,35.91,24.55,7.46,27.79,414.4,0.55
Mikang,Lowland,Groundnut,17.09,27.86,26.94,6.64,21.48,588.54,0.26
Mikang,Lowland,Groundnut,25.0,33.13,31.78,6.55,27.26,615.18,0.4
Mikang,Lowland,Groundnut,25.0,26.9,25.29,6.44,26.69,600.82,0.54
Mikang,Lowland,Groundnut,25.0,31.91,30.89,7.45,24.21,403.13,0.92
Mikang,Lowland,Groundnut,25.0,33.75,35.25,7.05,28.33,507.0,0.81
Mikang,Lowland,Groundnut,25.0,35.07,42.08,7.34,33.3,375.0,1.22
Mikang,Lowland,Groundnut,25.0,29.14,29.01,7.47,26.92,426.83,0.91
Mikang,Lowland,Groundnut,25.0,42.14,39.87,6.74,22.26,495.54,0.78
Mikang,Lowland,Groundnut,25.0,17.4,22.02,6.02,29.34,666.15,0.83
Mikang,Lowland,Groundnut,25.0,11.25,18.75,6.96,27.36,428.12,0.97
Mikang,Lowland,Groundnut,25.0,27.54,29.7,6.68,27.36,613.94,0.79
Mikang,Lowland,Groundnut,25.0,50.0,33.58,7.42,35.0,494.84,0.74
Mikang,Lowland,Groundnut,25.0,16.59,32.83,6.92,23.07,648.77,0.27
Mikang,Lowland,Groundnut,25.0,11.25,30.22,7.12,27.35,602.19,0.92
Mikang,Lowland,Groundnut,25.0,22.06,30.0,7.59,30.79,422.3,0.79
Mikang,Lowland,Groundnut,25.0,27.98,41.73,7.58,27.04,440.31,0.94
Mikang,Lowland,Groundnut,25.0,43.91,42.2,6.56,25.43,599.57,0.41
Mikang,Lowland,Groundnut,25.0,27.7,29.37,6.98,32.47,423.91,0.92
Mikang,Lowland,Groundnut,25.0,33.53,30.66,7.29,25.42,512.87,0.42
Mikang,Lowland,Groundnut,20.39,11.25,38.01,6.4,27.34,525.53,1.22
Mikang,Lowland,Groundnut,23.28,27.9,28.28,7.1,26.18,428.88,0.53
Mikang,Lowland,Groundnut,20.92,42.65,25.86,7.06,29.96,484.44,1.45
Mikang,Lowland,Groundnut,25.0,25.81,25.02,6.42,29.28,727.88,1.0
Mikang,Lowland,Groundnut,23.05,11.25,28.13,7.68,28.59,515.69,0.87
Mikang,Lowland,Groundnut,25.0,25.47,33.61,7.06,24.02,461.01,0.62
Mikang,Lowland,Groundnut,25.0,11.25,33.91,6.21,27.09,586.3,1.04
Mikang,Lowland,Groundnut,25.0,35.1,38.48,7.02,30.77,612.61,0.91
Mikang,Lowland,Groundnut,20.32,40.58,39.1,7.08,24.92,438.35,0.69
Mikang,Lowland,Groundnut,25.0,50.0,50.0,7.28,28.35,375.0,1.39
Mikang,Lowland,Groundnut,25.0,11.25,18.75,6.42,27.02,572.45,0.89
Mikang,Lowland,Groundnut,21.82,11.25,31.2,7.24,29.88,473.54,0.79
Mikang,Lowland,Pepper,145.74,18.75,55.09,6.18,27.65,916.32,1.01
Mikang,Lowland,Pepper,168.85,38.22,76.38,6.9,24.51,450.0,2.5
Mikang,Lowland,Pepper,188.11,33.35,76.6,6.86,25.2,733.49,1.35
Mikang,Lowland,Pepper,114.67,47.39,80.48,7.47,22.6,808.34,0.94
Mikang,Lowland,Pepper,144.7,18.84,92.4,7.19,23.61,862.23,1.36
Mikang,Lowland,Pepper,139.63,47.21,41.25,7.79,27.0,1519.27,0.65
Mikang,Lowland,Pepper,170.5,29.59,47.37,6.47,26.79,450.0,2.38
Mikang,Lowland,Pepper,147.3,37.3,78.69,5.51,18.73,1021.33,1.82
Mikang,Lowland,Pepper,206.92,27.3,54.39,5.71,32.89,450.0,2.5
Mikang,Lowland,Pepper,186.7,47.42,41.25,7.23,29.67,1077.46,2.13
Mikang,Lowland,Pepper,177.24,62.5,104.38,7.84,21.59,925.07,0.93
Mikang,Lowland,Pepper,156.54,25.25,48.74,7.05,23.85,1124.38,1.05
Mikang,Lowland,Pepper,126.39,31.89,66.42,5.33,23.56,978.96,1.6
Mikang,Lowland,Pepper,147.65,41.37,97.66,8.17,32.6,450.0,2.23
Mikang,Lowland,Pepper,196.53,35.25,98.34,7.85,19.66,739.31,0.45
Mikang,Lowland,Pepper,132.58,60.67,108.46,7.62,30.0,909.76,0.52
Mikang,Lowland,Pepper,172.82,39.29,56.66,7.63,24.53,1278.36,0.75
Mikang,Lowland,Pepper,211.95,57.11,89.71,6.81,24.34,870.87,1.95
Mikang,Lowland,Pepper,149.24,18.75,49.61,7.18,22.94,450.0,2.03
Mikang,Lowland,Pepper,156.01,18.75,58.54,7.25,24.14,1413.43,0.45
Mikang,Lowland,Pepper,175.18,49.02,94.04,7.21,21.86,937.2,0.61
Mikang,Lowland,Pepper,160.98,38.18,60.56,5.15,23.32,1358.77,0.86
Mikang,Lowland,Pepper,128.71,39.37,47.91,8.11,25.18,992.34,0.45
Mikang,Lowland,Pepper,102.81,32.59,41.25,6.5,21.67,889.68,0.6
Mikang,Lowland,Pepper,75.0,39.39,54.68,7.18,24.65,1052.42,2.03
Mikang,Lowland,Pepper,111.34,42.3,125.0,6.7,14.22,1206.49,1.14
Mikang,Lowland,Pepper,177.52,37.71,45.56,6.78,28.53,973.89,2.03
Mikang,Lowland,Pepper,147.82,62.5,77.07,7.52,23.8,450.0,2.05
Mikang,Lowland,Pepper,134.11,56.5,81.51,5.91,26.54,1256.6,0.9
Mikang,Lowland,Pepper,163.74,54.15,123.44,7.18,22.98,1047.42,0.45
Mikang,Lowland,Pepper,176.14,36.91,81.65,7.7,28.89,586.63,1.34
Mikang,Lowland,Pepper,87.42,43.44,41.25,5.96,25.93,1019.36,1.21
Mikang,Lowland,Pepper,126.39,36.99,63.79,7.74,29.67,691.3,0.89
Mikang,Lowland,Pepper,207.39,44.88,97.5,6.45,28.61,792.03,2.0
Mikang,Lowland,Pepper,162.87,55.33,90.19,7.33,23.92,710.1,0.77
Mikang,Lowland,Pepper,151.2,62.37,73.89,4.83,26.86,1013.83,1.6
Mikang,Lowland,Pepper,118.61,36.93,74.92,8.08,16.66,1487.96,0.45
Mikang,Lowland,Pepper,91.84,38.84,98.38,5.21,33.75,924.87,2.16
Mikang,Lowland,Pepper,212.5,54.01,99.93,6.69,30.15,450.0,1.83
Mikang,Lowland,Pepper,191.37,33.22,57.25,7.31,26.31,450.0,1.96
Mikang,Lowland,Pepper,119.32,32.48,67.02,6.24,32.62,1103.38,0.99
Mikang,Lowland,Pepper,130.7,32.9,104.71,7.31,22.39,450.0,1.44
Mikang,Lowland,Pepper,125.51,46.23,41.25,6.45,25.38,1215.09,1.13
Mikang,Lowland,Pepper,147.38,40.85,42.39,6.59,29.98,1061.57,0.91
Mikang,Lowland,Pepper,160.89,40.87,88.19,5.67,28.39,652.51,1.62
Mikang,Lowland,Pepper,136.32,23.62,56.34,7.73,26.6,450.0,1.97
Mikang,Lowland,Pepper,147.9,18.75,117.44,7.69,33.46,450.0,2.5
Mikang,Lowland,Pepper,142.59,62.5,125.0,5.58,22.4,687.05,1.94
Mikang,Lowland,Pepper,75.0,18.75,41.25,5.28,30.25,896.48,2.19
Mikang,Lowland,Pepper,91.97,34.56,74.11,7.94,19.25,494.4,0.84
Mikang,Lowland,Cabbage,153.24,46.72,120.44,7.03,18.6,298.15,1.02
Mikang,Lowland,Cabbage,131.78,73.2,109.76,6.59,22.46,387.7,0.64
Mikang,Lowland,Cabbage,101.0,48.29,105.28,6.76,26.29,297.91,1.24
Mikang,Lowland,Cabbage,119.67,59.05,110.78,6.71,23.05,419.87,0.79
Mikang,Lowland,Cabbage,97.75,43.65,110.24,7.09,30.0,298.28,1.13
Mikang,Lowland,Cabbage,97.13,68.49,141.17,6.37,30.0,367.93,1.56
Mikang,Lowland,Cabbage,124.45,67.18,132.57,7.29,20.28,342.77,1.03
Mikang,Lowland,Cabbage,109.77,60.1,108.0,6.49,12.84,427.51,0.73
Mikang,Lowland,Cabbage,127.94,68.64,100.09,6.98,17.81,291.5,1.43
Mikang,Lowland,Cabbage,128.69,58.63,107.46,6.58,30.0,343.59,1.05
Mikang,Lowland,Cabbage,161.29,63.28,112.84,6.57,7.83,419.24,0.84
Mikang,Lowland,Cabbage,148.99,46.8,100.15,6.69,15.67,479.06,0.48
Mikang,Lowland,Cabbage,146.96,58.36,131.76,7.46,10.59,298.5,0.89
Mikang,Lowland,Cabbage,148.43,51.31,106.01,7.77,16.36,288.7,0.56
Mikang,Lowland,Cabbage,99.42,58.67,97.54,7.35,8.63,305.31,1.06
Mikang,Lowland,Cabbage,161.12,61.94,93.23,6.24,18.02,453.61,0.53
Mikang,Lowland,Cabbage,140.45,60.42,130.05,7.07,9.62,339.38,0.58
Mikang,Lowland,Cabbage,111.52,76.78,104.17,7.32,27.92,369.27,0.92
Mikang,Lowland,Cabbage,152.48,58.15,121.27,6.16,21.35,410.26,1.17
Mikang,Lowland,Cabbage,139.9,61.83,126.97,6.93,30.0,375.62,0.95
Mikang,Lowland,Cabbage,156.14,67.86,115.85,5.69,7.64,402.71,0.76
Mikang,Lowland,Cabbage,133.97,56.44,75.0,7.04,30.0,285.49,0.92
Mikang,Lowland,Cabbage,109.19,59.93,80.89,6.16,22.28,392.38,1.61
Mikang,Lowland,Cabbage,159.12,64.36,109.84,7.86,20.97,285.0,0.46
Mikang,Lowland,Cabbage,152.04,70.31,137.03,7.07,22.78,336.63,1.26
Mikang,Lowland,Cabbage,157.9,53.32,104.3,8.26,19.97,319.88,0.24
Mikang,Lowland,Cabbage,169.13,73.65,107.65,6.95,26.46,302.81,1.19
Mikang,Lowland,Cabbage,119.31,52.68,101.81,6.72,23.07,285.0,1.46
Mikang,Lowland,Cabbage,144.75,63.4,144.95,7.92,7.5,285.0,0.4
Mikang,Lowland,Cabbage,101.12,58.81,128.33,6.54,22.84,384.63,0.98
Mikang,Lowland,Cabbage,165.58,50.79,116.31,7.33,30.0,285.0,1.04
Mikang,Lowland,Cabbage,151.25,59.84,113.86,7.46,17.14,329.97,1.25
Mikang,Lowland,Cabbage,157.1,72.03,102.47,7.37,17.47,382.99,0.88
Mikang,Lowland,Cabbage,158.54,51.84,118.95,8.01,13.61,329.23,0.82
Mikang,Lowland,Cabbage,134.14,50.24,98.66,8.19,29.07,285.0,1.29
Mikang,Lowland,Cabbage,169.45,67.24,133.25,7.71,18.5,285.0,0.99
Mikang,Lowland,Cabbage,146.56,51.72,124.44,7.24,22.02,285.0,0.78
Mikang,Lowland,Cabbage,118.09,44.68,113.9,7.29,28.12,285.0,1.48
Mikang,Lowland,Cabbage,165.74,64.31,118.24,6.84,18.01,285.0,1.37
Mikang,Lowland,Cabbage,171.38,48.48,112.85,7.11,11.88,312.09,1.03
Mikang,Lowland,Cabbage,138.66,58.58,128.03,6.67,16.12,373.86,1.14
Mikang,Lowland,Cabbage,116.39,62.64,100.69,6.71,9.97,412.27,0.36
Mikang,Lowland,Cabbage,122.37,53.39,101.94,7.16,21.43,373.12,1.28
Mikang,Lowland,Cabbage,187.5,73.16,162.5,6.8,30.0,360.63,0.8
Mikang,Lowland,Cabbage,125.99,61.54,121.44,5.96,12.34,317.45,1.62
Mikang,Lowland,Cabbage,128.62,58.92,85.14,6.77,30.0,285.0,1.42
Mikang,Lowland,Cabbage,151.89,56.15,106.68,7.06,9.84,344.25,0.8
Mikang,Lowland,Cabbage,127.23,51.79,100.39,6.44,10.65,378.14,1.07
Mikang,Lowland,Cabbage,142.73,53.16,105.61,6.95,20.79,398.25,0.43
Mikang,Lowland,Cabbage,160.58,64.01,103.4,6.94,7.5,362.07,0.51
Mikang,Lowland,Maize,196.36,89.26,73.56,7.36,31.7,471.43,1.38
Mikang,Lowland,Maize,173.54,59.61,78.92,6.87,25.38,675.0,1.01
Mikang,Lowland,Maize,187.0,45.39,69.64,7.16,34.16,375.0,1.68
Mikang,Lowland,Maize,203.09,61.19,103.51,7.11,24.16,375.0,2.43
Mikang,Lowland,Maize,236.34,58.64,74.58,5.78,32.0,663.84,1.49
Mikang,Lowland,Maize,204.24,67.33,83.92,4.15,24.17,875.11,2.45
Mikang,Lowland,Maize,187.86,57.29,81.88,8.56,28.69,375.0,0.99
Mikang,Lowland,Maize,193.36,78.7,78.37,7.2,19.87,479.82,1.59
Mikang,Lowland,Maize,221.38,92.18,78.38,5.98,35.0,527.36,1.65
Mikang,Lowland,Maize,156.63,86.49,82.58,7.71,22.03,490.71,1.48
Mikang,Lowland,Maize,168.92,57.39,63.92,5.95,21.34,658.49,1.02
Mikang,Lowland,Maize,200.47,63.54,92.86,6.5,28.92,637.21,1.55
Mikang,Lowland,Maize,170.05,49.06,79.65,6.87,27.24,489.48,1.15
Mikang,Lowland,Maize,192.98,71.51,59.27,8.11,22.98,508.51,0.9
Mikang,Lowland,Maize,164.34,51.55,45.0,8.71,30.9,458.79,1.02
Mikang,Lowland,Maize,150.14,57.76,90.58,7.84,25.08,585.19,0.79
Mikang,Lowland,Maize,208.12,81.89,103.6,7.79,22.18,424.09,0.74
Mikang,Lowland,Maize,168.71,37.5,49.01,6.27,25.65,690.43,0.91
Mikang,Lowland,Maize,177.54,69.55,78.18,6.25,22.11,795.02,0.85
Mikang,Lowland,Maize,198.97,50.27,89.62,6.59,35.0,493.44,2.5
Mikang,Lowland,Maize,207.79,85.99,70.78,9.0,28.4,375.0,1.28
Mikang,Lowland,Maize,133.03,66.86,45.0,7.88,27.2,771.13,0.3
Mikang,Lowland,Maize,213.29,88.58,96.79,6.54,17.06,720.93,1.11
Mikang,Lowland,Maize,176.65,59.37,48.11,7.94,29.37,599.93,1.59
Mikang,Lowland,Maize,241.14,78.8,113.89,7.97,17.73,696.91,0.42
Mikang,Lowland,Maize,231.73,93.87,74.15,8.84,22.92,481.75,0.3
Mikang,Lowland,Maize,173.31,45.04,60.51,5.32,27.82,648.86,2.03
Mikang,Lowland,Maize,175.01,76.65,59.66,6.99,30.22,678.12,1.17
Mikang,Lowland,Maize,203.83,52.0,90.99,8.87,25.31,447.28,0.83
Mikang,Lowland,Maize,199.99,54.7,86.74,6.85,31.06,497.16,1.84
Mikang,Lowland,Maize,197.35,80.73,101.83,7.58,23.71,512.35,0.97
Mikang,Lowland,Maize,203.69,100.0,84.28,8.75,23.64,375.0,1.7
Mikang,Lowland,Maize,235.68,87.45,99.47,5.36,24.32,626.25,2.11
Mikang,Lowland,Maize,236.75,73.6,87.69,7.53,21.82,512.4,1.2
Mikang,Lowland,Maize,173.55,63.71,105.61,7.8,25.61,506.93,1.32
Mikang,Lowland,Maize,137.97,42.68,72.78,7.34,20.39,700.59,1.2
Mikang,Lowland,Maize,166.92,97.65,106.92,5.59,34.43,423.36,2.03
Mikang,Lowland,Maize,178.91,49.54,92.14,9.38,20.21,414.01,0.4
Mikang,Lowland,Maize,237.76,100.0,99.43,7.88,28.15,375.0,1.11
Mikang,Lowland,Maize,174.05,72.37,69.46,7.74,24.49,664.64,0.3
Mikang,Lowland,Maize,155.67,51.02,71.33,6.31,26.03,604.61,1.1
Mikang,Lowland,Maize,200.47,84.75,52.63,4.12,33.2,523.91,2.5
Mikang,Lowland,Maize,178.36,46.94,55.82,5.77,23.15,644.78,1.61
Mikang,Lowland,Maize,134.9,40.17,45.0,6.48,28.86,734.71,1.21
Mikang,Lowland,Maize,196.74,46.3,77.41,6.52,31.6,481.56,1.65
Mikang,Lowland,Maize,175.64,63.53,45.0,5.92,25.64,682.59,1.63
Mikang,Lowland,Maize,226.04,85.95,91.41,7.53,26.58,375.0,2.19
Mikang,Lowland,Maize,152.76,63.85,45.0,6.4,27.52,652.89,0.74
Mikang,Lowland,Maize,201.54,54.29,88.01,6.66,27.41,738.13,1.15
Mikang,Lowland,Maize,132.44,89.39,68.48,7.58,24.07,476.47,0.58
Mikang,Lowland,Wheat,121.76,35.84,42.81,5.48,17.69,494.09,2.51
Mikang,Lowland,Wheat,129.51,40.34,38.99,6.96,19.05,467.84,1.78
Mikang,Lowland,Wheat,153.0,45.26,50.61,6.41,15.98,426.67,3.12
Mikang,Lowland,Wheat,123.03,44.85,61.2,5.99,21.54,395.6,3.12
Mikang,Lowland,Wheat,138.88,40.57,40.95,7.19,22.2,456.08,2.97
Mikang,Lowland,Wheat,146.33,37.35,39.92,8.24,20.18,463.65,1.81
Mikang,Lowland,Wheat,149.45,48.53,37.35,6.45,25.0,367.59,1.81
Mikang,Lowland,Wheat,122.94,42.92,29.05,8.38,24.0,340.64,2.34
Mikang,Lowland,Wheat,170.93,48.76,56.37,7.18,19.21,436.84,1.24
Mikang,Lowland,Wheat,151.59,47.47,31.7,5.81,12.09,608.14,0.98
Mikang,Lowland,Wheat,165.6,43.17,48.02,8.55,18.09,462.11,0.6
Mikang,Lowland,Wheat,92.57,34.46,35.17,6.62,23.48,557.62,1.22
Mikang,Lowland,Wheat,86.18,40.65,25.83,7.65,22.82,399.47,1.52
Mikang,Lowland,Wheat,136.45,46.01,42.14,8.06,19.85,466.09,1.1
Mikang,Lowland,Wheat,187.5,56.25,41.44,6.18,25.0,401.13,2.37
Mikang,Lowland,Wheat,111.53,36.6,42.63,9.92,25.0,337.5,1.76
Mikang,Lowland,Wheat,136.43,38.24,29.55,6.56,22.52,337.5,2.81
Mikang,Lowland,Wheat,147.45,35.51,18.75,7.66,20.59,465.5,2.62
Mikang,Lowland,Wheat,187.5,51.22,62.5,7.23,16.68,366.04,2.26
Mikang,Lowland,Wheat,161.88,36.29,18.75,7.48,20.19,505.2,1.98
Mikang,Lowland,Wheat,187.5,40.03,30.23,7.97,19.54,446.16,1.58
Mikang,Lowland,Wheat,187.5,44.92,30.17,8.78,25.0,337.5,2.0
Mikang,Lowland,Wheat,152.65,39.13,20.35,7.87,22.31,359.04,1.72
Mikang,Lowland,Wheat,92.26,48.79,41.61,7.05,20.31,575.27,1.33
Mikang,Lowland,Wheat,168.16,50.67,47.38,6.75,19.08,337.5,2.96
Mikang,Lowland,Wheat,139.44,46.98,47.91,7.61,17.44,554.4,0.62
Mikang,Lowland,Wheat,129.03,34.98,30.74,8.06,20.16,337.5,2.65
Mikang,Lowland,Wheat,138.99,46.54,24.74,8.0,15.91,419.81,2.56
Mikang,Lowland,Wheat,179.76,46.19,43.58,9.15,22.78,337.5,1.48
Mikang,Lowland,Wheat,172.53,43.91,50.17,7.56,17.94,477.59,1.03
Mikang,Lowland,Wheat,138.49,46.69,56.12,7.05,21.77,464.05,1.59
Mikang,Lowland,Wheat,148.5,42.91,31.59,9.84,13.84,386.23,0.85
Mikang,Lowland,Wheat,176.26,54.36,50.56,7.63,19.86,443.39,1.2
Mikang,Lowland,Wheat,115.37,40.94,35.27,7.95,21.15,337.5,2.05
Mikang,Lowland,Wheat,75.0,34.96,18.75,5.38,19.8,622.77,1.57
Mikang,Lowland,Wheat,104.11,37.79,29.9,7.33,17.5,647.99,1.22
Mikang,Lowland,Wheat,135.98,42.99,40.65,7.91,22.7,598.9,0.6
Mikang,Lowland,Wheat,92.58,38.1,33.76,6.19,23.2,337.5,3.12
Mikang,Lowland,Wheat,127.94,36.51,33.23,7.64,22.36,337.5,1.79
Mikang,Lowland,Wheat,130.51,43.12,35.3,5.88,20.42,547.29,1.67
Mikang,Lowland,Wheat,173.41,39.78,62.5,6.62,22.32,539.71,1.94
Mikang,Lowland,Wheat,137.05,49.1,21.7,7.06,18.32,489.86,0.64
Mikang,Lowland,Wheat,181.43,50.59,62.5,8.12,17.05,391.27,2.38
Mikang,Lowland,Wheat,97.69,43.3,18.75,8.1,20.69,455.97,1.13
Mikang,Lowland,Wheat,141.78,49.14,50.57,4.5,19.17,644.57,3.12
Mikang,Lowland,Wheat,155.33,41.9,54.05,9.67,25.0,337.5,2.37
Mikang,Lowland,Wheat,123.15,37.39,39.11,6.56,23.48,368.32,2.38
Mikang,Lowland,Wheat,150.18,55.53,26.14,5.81,21.62,522.42,2.19
Mikang,Lowland,Wheat,169.48,50.51,41.51,7.9,18.4,337.5,2.93
Mikang,Lowland,Wheat,151.0,36.28,18.75,7.69,20.45,570.74,0.6
Mikang,Lowland,Pineapple,273.27,53.82,259.12,3.38,28.74,932.69,1.25
Mikang,Lowland,Pineapple,172.5,35.25,109.38,5.21,26.45,999.83,0.59
Mikang,Lowland,Pineapple,192.87,44.93,82.5,5.94,23.57,922.97,0.49
Mikang,Lowland,Pineapple,257.52,33.75,82.5,6.54,23.5,774.82,0.66
Mikang,Lowland,Pineapple,310.19,51.34,194.19,5.07,26.03,1116.74,0.44
Mikang,Lowland,Pineapple,263.26,65.98,82.5,4.78,23.14,864.01,0.65
Mikang,Lowland,Pineapple,337.69,81.25,216.02,7.04,24.65,642.31,0.68
Mikang,Lowland,Pineapple,323.76,80.45,275.0,7.89,27.29,525.0,1.25
Mikang,Lowland,Pineapple,327.9,67.51,181.32,5.62,27.54,844.91,1.14
Mikang,Lowland,Pineapple,313.15,47.09,82.5,4.66,29.06,928.68,1.25
Mikang,Lowland,Pineapple,256.44,57.3,200.97,5.81,25.47,525.0,1.1
Mikang,Lowland,Pineapple,246.86,45.17,267.72,5.57,32.5,873.95,1.1
Mikang,Lowland,Pineapple,353.95,78.36,275.0,6.4,26.01,807.25,0.45
Mikang,Lowland,Pineapple,343.21,71.8,198.11,7.55,28.99,525.0,0.65
Mikang,Lowland,Pineapple,365.81,56.77,136.17,4.78,26.04,575.86,1.25
Mikang,Lowland,Pineapple,277.27,70.44,129.21,5.81,26.9,937.0,0.38
Mikang,Lowland,Pineapple,240.69,54.73,91.4,6.17,22.62,622.71,0.77
Mikang,Lowland,Pineapple,268.12,60.3,194.3,4.92,25.54,939.09,0.48
Mikang,Lowland,Pineapple,245.33,55.09,126.87,6.91,29.55,816.97,0.3
Mikang,Lowland,Pineapple,324.81,59.54,98.16,5.21,26.31,874.12,0.51
Mikang,Lowland,Pineapple,230.04,47.66,138.96,6.99,24.99,904.79,0.58
Mikang,Lowland,Pineapple,375.0,59.4,275.0,7.6,29.46,691.63,1.02
Mikang,Lowland,Pineapple,195.84,34.67,113.5,6.0,25.49,631.94,0.45
Mikang,Lowland,Pineapple,202.37,55.58,128.48,7.49,26.76,678.92,0.85
Mikang,Lowland,Pineapple,276.68,61.21,127.52,6.06,24.95,941.63,0.39
Mikang,Lowland,Pineapple,290.95,67.83,82.5,7.46,24.54,655.64,0.94
Mikang,Lowland,Pineapple,225.82,49.75,82.5,4.64,26.91,1010.89,0.43
Mikang,Lowland,Pineapple,310.53,59.79,224.5,7.37,27.74,525.0,1.25
Mikang,Lowland,Pineapple,368.0,81.25,191.96,6.18,24.51,603.51,0.79
Mikang,Lowland,Pineapple,204.3,58.89,124.36,7.43,27.84,901.09,0.27
Mikang,Lowland,Pineapple,248.83,60.08,82.5,5.8,26.21,854.11,0.81
Mikang,Lowland,Pineapple,251.7,40.66,114.15,6.63,27.0,736.07,0.63
Mikang,Lowland,Pineapple,295.49,49.38,232.83,6.79,25.33,885.13,0.52
Mikang,Lowland,Pineapple,332.58,63.95,156.32,6.69,30.42,525.0,1.12
Mikang,Lowland,Pineapple,207.72,51.4,94.84,6.08,25.68,933.23,0.58
Mikang,Lowland,Pineapple,319.16,62.83,156.1,5.96,27.44,525.0,1.03
Mikang,Lowland,Pineapple,243.37,44.48,168.05,4.86,23.45,858.21,1.01
Mikang,Lowland,Pineapple,261.65,61.99,135.4,6.74,31.43,836.97,0.63
Mikang,Lowland,Pineapple,336.06,81.25,136.07,4.41,29.49,525.67,1.25
Mikang,Lowland,Pineapple,311.12,51.82,191.6,4.31,29.68,734.27,1.25
Mikang,Lowland,Pineapple,258.21,48.16,83.99,5.96,25.43,907.69,0.7
Mikang,Lowland,Pineapple,332.76,63.6,149.16,6.38,26.17,705.78,0.67
Mikang,Lowland,Pineapple,292.49,71.16,223.8,5.17,22.5,1096.81,0.22
Mikang,Lowland,Pineapple,216.61,47.74,111.77,5.15,26.4,525.0,1.25
Mikang,Lowland,Pineapple,273.34,79.42,209.81,7.24,23.81,602.81,0.55
Mikang,Lowland,Pineapple,203.72,44.19,84.37,5.06,29.6,849.94,0.98
Mikang,Lowland,Pineapple,285.61,59.88,154.04,7.49,27.96,665.98,0.37
Mikang,Lowland,Pineapple,286.03,62.31,242.02,5.8,27.02,648.63,1.01
Mikang,Lowland,Pineapple,233.68,61.63,140.61,6.44,27.93,766.74,0.25
Mikang,Lowland,Pineapple,355.23,63.88,194.69,4.63,29.56,858.5,1.03
Mikang,Lowland,Onion,90.15,54.17,79.12,7.34,23.56,384.91,0.65
Mikang,Lowland,Onion,125.0,45.43,71.96,7.85,13.53,346.18,1.18
Mikang,Lowland,Onion,119.15,43.01,100.0,6.7,24.25,440.02,0.64
Mikang,Lowland,Onion,59.44,18.75,42.9,5.76,15.51,597.45,1.0
Mikang,Lowland,Onion,114.49,52.76,79.69,6.56,23.35,315.77,1.99
Mikang,Lowland,Onion,80.06,38.27,47.34,7.6,17.06,262.5,1.62
Mikang,Lowland,Onion,65.4,38.08,64.2,6.35,16.0,415.08,1.18
Mikang,Lowland,Onion,73.2,44.33,33.75,6.32,25.0,262.5,2.19
Mikang,Lowland,Onion,110.07,56.25,67.42,7.54,20.06,294.03,0.32
Mikang,Lowland,Onion,125.0,41.56,77.5,7.92,21.93,262.5,1.62
Mikang,Lowland,Onion,117.79,39.83,71.24,5.4,17.57,432.68,1.84
Mikang,Lowland,Onion,75.94,27.67,33.75,7.69,24.12,412.2,0.77
Mikang,Lowland,Onion,93.2,26.77,55.51,6.64,18.81,389.6,1.1
Mikang,Lowland,Onion,108.16,43.01,51.93,6.03,17.76,471.94,1.7
Mikang,Lowland,Onion,93.89,40.22,59.42,6.0,23.69,515.68,1.69
Mikang,Lowland,Onion,51.59,43.29,56.16,7.04,16.76,406.36,0.83
Mikang,Lowland,Onion,74.97,39.61,37.01,8.21,16.39,262.5,0.52
Mikang,Lowland,Onion,49.56,31.42,61.19,6.34,17.71,463.42,1.74
Mikang,Lowland,Onion,86.91,30.67,60.41,6.97,16.0,431.43,0.7
Mikang,Lowland,Onion,58.08,42.5,47.2,6.2,24.34,482.06,0.95
Mikang,Lowland,Onion,125.0,49.32,60.15,6.72,21.58,456.94,0.71
Mikang,Lowland,Onion,70.18,42.81,43.11,6.39,19.43,525.6,0.3
Mikang,Lowland,Onion,79.54,37.58,61.72,7.26,18.3,268.28,1.94
Mikang,Lowland,Onion,125.0,43.94,71.21,7.97,22.03,262.5,1.48
Mikang,Lowland,Onion,125.0,52.84,84.28,7.22,17.53,372.49,1.58
Mikang,Lowland,Onion,90.12,51.98,100.0,6.6,19.01,351.95,1.21
Mikang,Lowland,Onion,99.23,28.61,58.37,7.78,22.64,299.66,1.6
Mikang,Lowland,Onion,110.22,18.75,48.16,6.96,15.47,558.29,0.45
Mikang,Lowland,Onion,121.83,45.21,83.61,8.75,23.84,262.5,0.66
Mikang,Lowland,Onion,71.32,33.32,50.31,6.58,19.33,433.73,1.13
Mikang,Lowland,Onion,68.75,48.06,56.79,7.47,23.8,262.5,1.58
Mikang,Lowland,Onion,104.19,49.22,63.0,8.2,19.94,287.59,1.13
Mikang,Lowland,Onion,94.23,48.75,55.39,6.37,17.82,475.44,1.21
Mikang,Lowland,Onion,86.4,42.38,58.76,7.24,18.15,455.22,0.65
Mikang,Lowland,Onion,65.79,47.92,33.75,7.02,22.27,383.42,0.7
Mikang,Lowland,Onion,125.0,38.26,70.75,6.55,18.76,465.76,1.18
Mikang,Lowland,Onion,67.96,25.39,48.53,6.55,23.06,366.76,1.47
Mikang,Lowland,Onion,112.86,42.27,66.15,6.98,15.61,401.11,1.07
Mikang,Lowland,Onion,92.49,41.16,52.3,7.43,22.17,298.07,1.0
Mikang,Lowland,Onion,82.42,38.82,71.13,6.55,23.66,273.54,1.93
Mikang,Lowland,Onion,97.56,34.86,33.75,6.02,24.77,350.81,1.58
Mikang,Lowland,Onion,66.46,38.28,50.76,7.03,20.37,290.42,1.06
Mikang,Lowland,Onion,77.48,24.42,33.75,6.81,22.12,450.25,0.3
Mikang,Lowland,Onion,76.12,53.64,58.46,7.66,22.78,470.34,0.7
Mikang,Lowland,Onion,125.0,51.57,54.66,6.64,18.66,425.96,1.08
Mikang,Lowland,Onion,91.58,35.87,66.67,7.55,20.0,314.63,1.27
Mikang,Lowland,Onion,84.11,46.43,63.56,7.64,22.01,262.5,1.26
Mikang,Lowland,Onion,51.82,52.33,53.4,6.34,19.5,337.18,1.81
Mikang,Lowland,Onion,125.0,50.65,52.31,6.57,23.87,262.5,1.96
Mikang,Lowland,Onion,62.47,47.02,33.75,8.02,18.82,262.5,0.64
